url,Rank,County,Recorded,Instrument,Type,Book,Page(s),Grantor,Grantee,Legal Description,Images,company
https://okcountyrecords.com/detail/Blaine/2016-019722,1,Blaine,2016-10-25,2016-019722,Mineral Deed,1243,0496 - 0498,"MCKINSEY, ROBERT MCKINSEY, NAOMI","TIMBERWOLF MINERALS, LLC",S20 T15N R12W E2,3 : View,TIMBERWOLF MINERALS LLC
https://okcountyrecords.com/detail/Blaine/2016-019723,1,Blaine,2016-10-25,2016-019723,Mineral Deed,1243,0499 - 0501,"SEARCY JR., GLENN DAVIS","TIMBERWOLF MINERALS, LLC",S16 T15N R12W S2 S17 T15N R12W NW 1 more…,3 : View,TIMBERWOLF MINERALS LLC
https://okcountyrecords.com/detail/Blaine/2016-019724,1,Blaine,2016-10-25,2016-019724,Mineral Deed,1243,0502 - 0504,"KLAASSEN, TERRAL KLAASSEN, PAM","TIMBERWOLF MINERALS, LLC",S31 T13N R13W E2 NE S31 T13N R13W SE 2 more…,3 : View,TIMBERWOLF MINERALS LLC
https://okcountyrecords.com/detail/Custer/2016-006662,1,Custer,2016-10-26,2016-006662,Mineral Deed,1728,0095 - 0097,"HAGER, CAROL LYNN",TIMBERWOLF MINERALS LLC,S31 T14N R14W NW Containing 157.42 Acre(s) (more or less),3 : View,TIMBERWOLF MINERALS LLC
https://okcountyrecords.com/detail/Kingfisher/2016-012365,1,Kingfisher,2016-10-27,2016-012365,MINERAL DEED,2936,0308 - 0310,"HOFFMAN, CARROL JEAN HOFFMAN, DEBRA JEAN","TIMBERWOLF MINERALS, LLC",S06 T15N R08W NE S22 T17N R07W SE 2 more…,3 : View,TIMBERWOLF MINERALS LLC
https://okcountyrecords.com/detail/Kingfisher/2016-012366,1,Kingfisher,2016-10-27,2016-012366,MINERAL DEED,2936,0311 - 0313,"BACK, CHARLES RAYMOND","TIMBERWOLF MINERALS, LLC",S06 T15N R08W NE S22 T17N R07W SE 2 more…,3 : View,TIMBERWOLF MINERALS LLC
https://okcountyrecords.com/detail/Kingfisher/2016-012556,1,Kingfisher,2016-11-01,2016-012556,MINERAL DEED,2938,0138 - 0140,"TIMBERWOLF MINERALS, LLC","LONGPOINT MINERALS, LLC",S36 T17N R08W NE,3 : View,TIMBERWOLF MINERALS LLC
https://okcountyrecords.com/detail/Kingfisher/2016-012557,3,Kingfisher,2016-11-01,2016-012557,MINERAL DEED,2938,0141 - 0143,"TIMBERWOLF MINERALS, LLC","LONGPOINT MINERALS, LLC",S36 T17N R08W NE,3 : View,TIMBERWOLF MINERALS LLC
https://okcountyrecords.com/detail/Kingfisher/2016-012558,1,Kingfisher,2016-11-01,2016-012558,MINERAL DEED,2938,0144 - 0146,"TIMBERWOLF MINERALS, LLC","LONGPOINT MINERALS, LLC",S6 T15N R08W NE S22 T17N R07W SE 2 more…,3 : View,TIMBERWOLF MINERALS LLC
https://okcountyrecords.com/detail/Kingfisher/2016-012559,3,Kingfisher,2016-11-01,2016-012559,MINERAL DEED,2938,0147 - 0149,"TIMBERWOLF MINERALS, LLC","LONGPOINT MINERALS, LLC",S6 T15N R08W NE S22 T17N R07W SE 2 more…,3 : View,TIMBERWOLF MINERALS LLC
https://okcountyrecords.com/detail/Kingfisher/2016-012560,1,Kingfisher,2016-11-01,2016-012560,MINERAL DEED,2938,0150 - 0152,"TIMBERWOLF MINERALS, LLC","LONGPOINT MINERALS, LLC",S6 T15N R08W S2 NE L1-2 S25 T17N R07W NW 1 more…,3 : View,TIMBERWOLF MINERALS LLC
https://okcountyrecords.com/detail/Kingfisher/2016-012561,1,Kingfisher,2016-11-01,2016-012561,MINERAL DEED,2938,0153 - 0155,"TIMBERWOLF MINERALS, LLC","LONGPOINT MINERALS, LLC",S16 T16N R08W SW,3 : View,TIMBERWOLF MINERALS LLC
https://okcountyrecords.com/detail/Kingfisher/2016-012562,3,Kingfisher,2016-11-01,2016-012562,MINERAL DEED,2938,0156 - 0158,"TIMBERWOLF MINERALS, LLC","LONGPOINT MINERALS, LLC",S33 T17N R09W NE S36 T15N R06W NW,3 : View,TIMBERWOLF MINERALS LLC
https://okcountyrecords.com/detail/Custer/2016-006831,1,Custer,2016-11-02,2016-006831,Mineral Deed,1728,0744 - 0746,TIMBERWOLF MINERALS LLC,LONGPOINT MINERALS LLC,S25 T14N R14W SW,3 : View,TIMBERWOLF MINERALS LLC
https://okcountyrecords.com/detail/Custer/2016-006832,1,Custer,2016-11-02,2016-006832,Mineral Deed,1728,0747 - 0749,TIMBERWOLF MINERALS LLC,LONGPOINT MINERALS LLC,S31 T14N R14W E2 NW L1 S31 T14N R14W E2 NW L2,3 : View,TIMBERWOLF MINERALS LLC
