url,Rank,County,Recorded,Instrument,Type,Book,Page(s),Grantor,Grantee,Legal Description,Images,company
https://okcountyrecords.com/detail/Blaine/2017-004682,1,Blaine,2017-05-12,2017-004682,Mineral Deed,1279,0352 - 0354,"SPAETH, JOHN A. SPAETH, SHIRLEY J.",TIMBERWOLF MINERALS LLC,S12 T17N R11W NW,3 : View,TIMBERWOLF MINERALS LLC
https://okcountyrecords.com/detail/Custer/2017-003804,1,Custer,2017-05-17,2017-003804,Mineral Deed,1757,0365 - 0367,"VINSKY, SUSAN",TIMBERWOLF MINERALS LLC,S22 T15N R14W W2 S27 T15N R14W W2 NW,3 : View,TIMBERWOLF MINERALS LLC
https://okcountyrecords.com/detail/Custer/2017-003856,1,Custer,2017-05-19,2017-003856,Mineral Deed,1757,0578 - 0580,"JONES, LETHA OPAL REVOCABLE LIVING TRUST LETHA OPAL JONES REVOCABLE LIVING TRUST",TIMBERWOLF MINERALS LLC,S23 T15N R15W NW,3 : View,TIMBERWOLF MINERALS LLC
https://okcountyrecords.com/detail/Grady/2017-011693,1,Grady,2017-05-22,2017-011693,Mineral Deed,5226,0335 - 0337,"FLEISCHAKER, DEBORAH JO REVOCABLE TRUST",TIMBERWOLF MINERALS LLC,S07 T9N R6W S08 T9N R6W 1 more…,3 : View,TIMBERWOLF MINERALS LLC
https://okcountyrecords.com/detail/Grady/2017-011692,2,Grady,2017-05-22,2017-011692,Mineral Deed,5226,0332 - 0334,OUR NEXTGEN 7 LLC,TIMBERWOLF MINERALS LLC,S07 T9N R6W S08 T9N R6W 1 more…,3 : View,TIMBERWOLF MINERALS LLC
https://okcountyrecords.com/detail/Blaine/2017-005007,1,Blaine,2017-05-22,2017-005007,Mineral Deed,1281,0125 - 0127,"ORBIK, AUSTIN",TIMBERWOLF MINERALS LLC,S16 T17N R10W SW,3 : View,TIMBERWOLF MINERALS LLC
https://okcountyrecords.com/detail/Blaine/2017-005008,1,Blaine,2017-05-22,2017-005008,Mineral Deed,1281,0128 - 0130,"HUMPHREYS, ROGER BRUCE",TIMBERWOLF MINERALS LLC,S06 T14N R11W NE S01 T14N R12W NE 1 more…,3 : View,TIMBERWOLF MINERALS LLC
https://okcountyrecords.com/detail/Custer/2017-003929,1,Custer,2017-05-24,2017-003929,Mineral Deed,1758,0097 - 0100,"CLAYTON, WILLIAM E",TIMBERWOLF MINERALS LLC,S20 T14N R14W SW 8 more…,4 : View,TIMBERWOLF MINERALS LLC
https://okcountyrecords.com/detail/Custer/2017-003930,1,Custer,2017-05-24,2017-003930,Mineral Deed,1758,0101 - 0103,"METHENY, JARRETT LORENZ",TIMBERWOLF MINERALS LLC,S32 T14N R14W A,3 : View,TIMBERWOLF MINERALS LLC
https://okcountyrecords.com/detail/Blaine/2017-005090,1,Blaine,2017-05-24,2017-005090,Mineral Deed,1281,0553 - 0555,"HUNTER, DEBRA MARIE COLE",TIMBERWOLF MINERALS LLC,S4 T14N R12W S2 NE PIONEER ADDITION TO CANTON 1 more…,3 : View,TIMBERWOLF MINERALS LLC
https://okcountyrecords.com/detail/Blaine/2017-005091,1,Blaine,2017-05-24,2017-005091,Mineral Deed,1281,0556 - 0558,"HUMPHREYS, DANIEL ROSS",TIMBERWOLF MINERALS LLC,S6 T14N R11W NE S1 T14N R12W NE 1 more…,3 : View,TIMBERWOLF MINERALS LLC
https://okcountyrecords.com/detail/Blaine/2017-005092,1,Blaine,2017-05-24,2017-005092,Mineral Deed,1281,0559 - 0561,"MARTIN, JR., ALBERT D. MARTIN, SHERRY LYNN",TIMBERWOLF MINERALS LLC,S19 T16N R11W Containing .6061 Acre(s) (more or less) SWEET'S ADDITION TO WATONGA B48 L9-13,3 : View,TIMBERWOLF MINERALS LLC
https://okcountyrecords.com/detail/Blaine/2017-005093,2,Blaine,2017-05-24,2017-005093,Mineral Deed,1281,0562 - 0564,LAND LADY LLC,TIMBERWOLF MINERALS LLC,S19 T16N R13W NE,3 : View,TIMBERWOLF MINERALS LLC
https://okcountyrecords.com/detail/Blaine/2017-005094,1,Blaine,2017-05-24,2017-005094,Mineral Deed,1281,0565 - 0567,"CLAYTON, WILLIAM E.",TIMBERWOLF MINERALS LLC,S18 T14N R13W W2 NW S18 T14N R13W SE NW 1 more…,3 : View,TIMBERWOLF MINERALS LLC
https://okcountyrecords.com/detail/Custer/2017-003940,1,Custer,2017-05-24,2017-003940,Mineral Deed,1758,0154 - 0156,"CLAYTON, WILLIAM E.",TIMBERWOLF MINERALS LLC,S12 T14N R14W S2,3 : View,TIMBERWOLF MINERALS LLC
