url,Rank,County,Recorded,Instrument,Type,Book,Page(s),Grantor,Grantee,Legal Description,Images,company
https://okcountyrecords.com/detail/Blaine/2017-002882,1,Blaine,2017-03-23,2017-002882,Mineral Deed,1270,0097 - 0099,"MAIB, RANDELL K",TIMBERWOLF MINERALS LLC,S33 T14N R12W E2 S33 T14N R12W E2,3 : View,TIMBERWOLF MINERALS LLC
https://okcountyrecords.com/detail/Custer/2017-002164,1,Custer,2017-03-23,2017-002164,Mineral Deed,1749,0001 - 0003,"RAUH, LARRY RAUH, LARRY DEAN",TIMBERWOLF MINERALS LLC,S8 T15N R15W NE NE Containing 40 Acre(s) (more or less) S20 T15N R15W NW Containing 160 Acre(s) (more or less),3 : View,TIMBERWOLF MINERALS LLC
https://okcountyrecords.com/detail/Dewey/2017-002543,1,Dewey,2017-03-23,2017-002543,Mineral Deed,1661,0219 - 0221,"WILLS, GARY WILLS, JOY S WILLS, GARY L AKA",TIMBERWOLF MINERALS LLC,S4 T16N R14W S2 NW L3-4 S4 T16N R14W SW,3 : View,TIMBERWOLF MINERALS LLC
https://okcountyrecords.com/detail/Dewey/2017-002544,1,Dewey,2017-03-23,2017-002544,Mineral Deed,1661,0222 - 0224,"WILLS, A LEON AKA WILLS, LEON",TIMBERWOLF MINERALS LLC,S4 T16N R14W SW S4 T16N R14W S2 NW L3-4,3 : View,TIMBERWOLF MINERALS LLC
https://okcountyrecords.com/detail/Blaine/2017-002987,4,Blaine,2017-03-27,2017-002987,Mineral Deed,1270,0391 - 0393,"SLATE, CAROLE J CORNFORTH, MARILYN B SLATE, VICTOR G., ATTOR-IN-FACT",TIMBERWOLF MINERALS LLC TIMBERWOLF MINERALS LLC,S01 T17N R10W NE,3 : View,TIMBERWOLF MINERALS LLC
https://okcountyrecords.com/detail/Blaine/2017-002988,1,Blaine,2017-03-27,2017-002988,Mineral Deed,1270,0394 - 0396,"EATON, VICTORIA",TIMBERWOLF MINERALS LLC,S14 T14N R11W SE,3 : View,TIMBERWOLF MINERALS LLC
https://okcountyrecords.com/detail/Blaine/2017-002989,1,Blaine,2017-03-27,2017-002989,Mineral Deed,1270,0397 - 0399,"SMITH II, HARRISON M",TIMBERWOLF MINERALS LLC,S14 T14N R11W SE,3 : View,TIMBERWOLF MINERALS LLC
https://okcountyrecords.com/detail/Blaine/2017-002990,1,Blaine,2017-03-27,2017-002990,Mineral Deed,1270,0400 - 0402,"MOON, GARY",TIMBERWOLF MINERALS LLC,S21 T15N R12W SW S21 T15N R12W NW,3 : View,TIMBERWOLF MINERALS LLC
https://okcountyrecords.com/detail/Custer/2017-002324,1,Custer,2017-03-28,2017-002324,Mineral Deed,1749,0481 - 0483,"ROYALTY, EDDIE ROYALTY, EDDIE A.",TIMBERWOLF MINERALS LLC,S26 T15N R15W NE Containing 3.0303 Acre(s) (more or less),3 : View,TIMBERWOLF MINERALS LLC
https://okcountyrecords.com/detail/Custer/2017-002325,3,Custer,2017-03-28,2017-002325,Mineral Deed,1749,0484 - 0486,THORNBROUGH MINERALS LLC,TIMBERWOLF MINERALS LLC,S30 T14N R14W SE,3 : View,TIMBERWOLF MINERALS LLC
https://okcountyrecords.com/detail/Custer/2017-002326,2,Custer,2017-03-28,2017-002326,Memorandum Of Oil & Gas,1749,0487,TIMBERWOLF MINERALS LLC,TIMBERWOLF ENERGY LLC,S30 T14N R14W SE,1 : View,TIMBERWOLF MINERALS LLC
https://okcountyrecords.com/detail/Blaine/2017-003047,1,Blaine,2017-03-28,2017-003047,Mineral Deed,1270,0569 - 0571,"WAKLER, DWANE LEE",TIMBERWOLF MINERALS LLC,S03 T14N R11W W2 SE,3 : View,TIMBERWOLF MINERALS LLC
https://okcountyrecords.com/detail/Blaine/2017-003049,1,Blaine,2017-03-28,2017-003049,Mineral Deed,1270,0575 - 0577,"RICHARD, MARILYN J",TIMBERWOLF MINERALS LLC,S03 T14N R11W W2 SE S03 T14N R11W W2 SE,3 : View,TIMBERWOLF MINERALS LLC
https://okcountyrecords.com/detail/Blaine/2017-003051,1,Blaine,2017-03-28,2017-003051,Mineral Deed,1270,0581 - 0583,"EPPERSON, JANE D",TIMBERWOLF MINERALS LLC,S03 T14N R11W W2 SE,3 : View,TIMBERWOLF MINERALS LLC
https://okcountyrecords.com/detail/Custer/2017-002397,1,Custer,2017-03-30,2017-002397,Mineral Deed,1750,0001 - 0003,"ROSS, MICHAEL A LIVING TRUST MICHAEL A. ROSS LIVING TRUST",TIMBERWOLF MINERALS LLC,S29 T15N R15W NW,3 : View,TIMBERWOLF MINERALS LLC
