url,Rank,County,Recorded,Instrument,Type,Book,Page(s),Grantor,Grantee,Legal Description,Images,company
https://okcountyrecords.com/detail/Blaine/2016-019966,3.0,Blaine,2016-11-02,2016-019966,Mineral Deed,1244,0621 - 0623,"TIMBERWOLF MINERALS, LLC WILLIAMS, CHASE Z. MANAGER","LONGPOINT MINERALS, LLC",S14 T14N R11W SW,3 : View,TIMBERWOLF MINERALS LLC
https://okcountyrecords.com/detail/Blaine/2016-019967,1.4,Blaine,2016-11-02,2016-019967,Mineral Deed,1244,0624 - 0626,"TIMBERWOLF MINERALS, LLC WILLIAMS, CHASE Z. MANAGER","LONGPOINT MINERALS, LLC",S35 T14N R11W NE,3 : View,TIMBERWOLF MINERALS LLC
https://okcountyrecords.com/detail/Blaine/2016-019968,1.4,Blaine,2016-11-02,2016-019968,Mineral Deed,1244,0627 - 0629,"TIMBERWOLF MINERALS, LLC WILLIAMS, CHASE Z. MANAGER","LONGPOINT MINERALS, LLC",S23 T16N R11W SE,3 : View,TIMBERWOLF MINERALS LLC
https://okcountyrecords.com/detail/Blaine/2016-019969,1.0,Blaine,2016-11-02,2016-019969,Mineral Deed,1244,0630 - 0632,"TIMBERWOLF MINERALS, LLC WILLIAMS, CHASE Z. MANAGER","LONGPOINT MINERALS, LLC",NORTHERLEA HEIGHTS ADDN WATONGA B1 L10,3 : View,TIMBERWOLF MINERALS LLC
https://okcountyrecords.com/detail/Blaine/2016-019970,1.0,Blaine,2016-11-02,2016-019970,Mineral Deed,1244,0633 - 0635,"TIMBERWOLF MINERALS, LLC WILLIAMS, CHASE Z. MANAGER","LONGPOINT MINERALS, LLC",S14 T14N R11W SW,3 : View,TIMBERWOLF MINERALS LLC
https://okcountyrecords.com/detail/Blaine/2016-019971,1.0,Blaine,2016-11-02,2016-019971,Mineral Deed,1244,0636 - 0638,"TIMBERWOLF MINERALS, LLC WILLIAMS, CHASE Z. MANAGER","LONGPOINT MINERALS, LLC",S29 T14N R11W NW,3 : View,TIMBERWOLF MINERALS LLC
https://okcountyrecords.com/detail/Blaine/2016-019972,1.4,Blaine,2016-11-02,2016-019972,Mineral Deed,1244,0639 - 0641,"TIMBERWOLF MINERALS, LLC WILLIAMS, CHASE Z. MANAGER","LONGPOINT MINERALS, LLC",S11 T14N R11W S2 E2 NE,3 : View,TIMBERWOLF MINERALS LLC
https://okcountyrecords.com/detail/Blaine/2016-019973,1.4,Blaine,2016-11-02,2016-019973,Mineral Deed,1244,0642 - 0644,"TIMBERWOLF MINERALS, LLC WILLIAMS, CHASE Z. MANAGER","LONGPOINT MINERALS, LLC",NORTHERLEA HEIGHTS ADDN WATONGA B1 L10,3 : View,TIMBERWOLF MINERALS LLC
https://okcountyrecords.com/detail/Blaine/2016-019974,1.0,Blaine,2016-11-02,2016-019974,Mineral Deed,1244,0645 - 0647,"TIMBERWOLF MINERALS, LLC WILLIAMS, CHASE Z. MANAGER","LONGPOINT MINERALS, LLC",S18 T15N R13W SW S19 T15N R13W NW,3 : View,TIMBERWOLF MINERALS LLC
https://okcountyrecords.com/detail/Blaine/2016-019975,1.4,Blaine,2016-11-02,2016-019975,Mineral Deed,1244,0648 - 0650,"TIMBERWOLF MINERALS, LLC WILLIAMS, CHASE Z. MANAGER","LONGPOINT MINERALS, LLC",S20 T15N R12W E2,3 : View,TIMBERWOLF MINERALS LLC
https://okcountyrecords.com/detail/Blaine/2016-019976,1.0,Blaine,2016-11-02,2016-019976,Mineral Deed,1244,0651 - 0653,"TIMBERWOLF MINERALS, LLC WILLIAMS, CHASE Z. MANAGER","LONGPOINT MINERALS, LLC",NORTHERLEA HEIGHTS ADDN WATONGA B1 L10,3 : View,TIMBERWOLF MINERALS LLC
https://okcountyrecords.com/detail/Blaine/2016-019977,1.4,Blaine,2016-11-02,2016-019977,Mineral Deed,1244,0654 - 0656,"TIMBERWOLF MINERALS, LLC WILLIAMS, CHASE Z. MANAGER","LONGPOINT MINERALS, LLC",S35 T14N R12W SW,3 : View,TIMBERWOLF MINERALS LLC
https://okcountyrecords.com/detail/Blaine/2016-019978,3.0,Blaine,2016-11-02,2016-019978,Mineral Deed,1244,0657 - 0659,"TIMBERWOLF MINERALS, LLC WILLIAMS, CHASE Z. MANAGER","LONGPOINT MINERALS, LLC",TROUT ADDITION WATONGA B3 L9,3 : View,TIMBERWOLF MINERALS LLC
https://okcountyrecords.com/detail/Blaine/2016-019979,1.0,Blaine,2016-11-02,2016-019979,Mineral Deed,1244,0660 - 0662,"TIMBERWOLF MINERALS, LLC WILLIAMS, CHASE Z. MANAGER","LONGPOINT MINERALS, LLC",S31 T13N R13W E2 NE S31 T13N R13W SE 2 more…,3 : View,TIMBERWOLF MINERALS LLC
https://okcountyrecords.com/detail/Blaine/2016-019980,1.0,Blaine,2016-11-02,2016-019980,Mineral Deed,1244,0663 - 0665,"TIMBERWOLF MINERALS, LLC WILLIAMS, CHASE Z. MANAGER","LONGPOINT MINERALS, LLC",S24 T17N R10W SE,3 : View,TIMBERWOLF MINERALS LLC
