url,Rank,County,Recorded,Instrument,Type,Book,Page(s),Grantor,Grantee,Legal Description,Images,company
https://okcountyrecords.com/detail/Blaine/2021-002599,1,Blaine,2021-09-20,2021-002599,Mineral Deed,1475,0616 - 0618,"HARRIS III, G.G.",TIMBERWOLF MINERALS LLC,S22 T15N R10W SW Partial,3 : View,TIMBERWOLF MINERALS LLC
https://okcountyrecords.com/detail/Grady/2021-013144,1,Grady,2021-09-21,2021-013144,Mineral Deed,5930,0105 - 0107,"GABRIEL, MICHAEL",TIMBERWOLF MINERALS LLC,S3 T9N R7W S9 T9N R7W,3 : View,TIMBERWOLF MINERALS LLC
https://okcountyrecords.com/detail/McClain/2021-012414,2,McClain,2021-09-21,2021-012414,Memorandum Of Oil & Gas Lease,2731,0601,TIMBERWOLF MINERALS LLC,TIMBERWOLF ENERGY LLC,30 7N4W,1 : View,TIMBERWOLF MINERALS LLC
https://okcountyrecords.com/detail/Grady/2021-013185,1,Grady,2021-09-22,2021-013185,Mineral Deed,5930,0344 - 0346,"BRYAN, JEFFREY A BRYAN, PHILLIP RAY",TIMBERWOLF MINERALS LLC,S26 T5N R6W S35 T5N R6W,3 : View,TIMBERWOLF MINERALS LLC
https://okcountyrecords.com/detail/Kingfisher/2021-004642,1,Kingfisher,2021-09-22,2021-004642,Partial Release Mtg,3394,0267 - 0268,INTERNATIONAL BANK OF COMMERCE,"TIMBERWOLF MINERALS, LLC",S28 T17N R07W ALL,2 : View,TIMBERWOLF MINERALS LLC
https://okcountyrecords.com/detail/Kingfisher/2021-004643,1,Kingfisher,2021-09-22,2021-004643,Partial Release Mtg,3394,0269 - 0270,INTERNATIONAL BANK OF COMMERCE,"TIMBERWOLF MINERALS, LLC",S12 T17N R09W,2 : View,TIMBERWOLF MINERALS LLC
https://okcountyrecords.com/detail/Grady/2021-013251,1,Grady,2021-09-23,2021-013251,Mineral Deed,5931,0174 - 0176,TIMBERWOLF MINERALS LLC,LONEWOLF MINERALS LLC,S35 T5N R6W,3 : View,TIMBERWOLF MINERALS LLC
https://okcountyrecords.com/detail/Grady/2021-013252,1,Grady,2021-09-23,2021-013252,Mineral Deed,5931,0177 - 0179,TIMBERWOLF MINERALS LLC,LONEWOLF MINERALS LLC,S35 T5N R6W,3 : View,TIMBERWOLF MINERALS LLC
https://okcountyrecords.com/detail/Grady/2021-013253,3,Grady,2021-09-23,2021-013253,Mineral Deed,5931,0180 - 0182,TIMBERWOLF MINERALS LLC,LONEWOLF MINERALS LLC,S35 T5N R6W,3 : View,TIMBERWOLF MINERALS LLC
https://okcountyrecords.com/detail/Kingfisher/2021-004694,2,Kingfisher,2021-09-27,2021-004694,MINERAL DEED,3394,0543 - 0545,"TIMBERWOLF MINERALS, LLC","ECKARD LAND & ACQUISITION, LLC","S3 T16N R07W S2 NE L1,2 S3 T16N R07W S2 NW L3,4",3 : View,TIMBERWOLF MINERALS LLC
https://okcountyrecords.com/detail/Kingfisher/2021-004695,2,Kingfisher,2021-09-27,2021-004695,MINERAL DEED,3394,0546 - 0548,"TIMBERWOLF MINERALS, LLC","ECKARD LAND & ACQUISITION, LLC",S34 T16N R08W NW,3 : View,TIMBERWOLF MINERALS LLC
https://okcountyrecords.com/detail/Grady/2021-013383,1,Grady,2021-09-27,2021-013383,Mineral Deed,5932,0208 - 0210,TIMBERWOLF MINERALS LLC,"ECKARD LAND & ACQUISITION, LLC",S03 T9N R7W,3 : View,TIMBERWOLF MINERALS LLC
https://okcountyrecords.com/detail/Grady/2021-013438,1,Grady,2021-09-28,2021-013438,Mineral Deed,5932,0491 - 0493,"MIKKELSON-BEARSS, CHRISTI NEVIUS BEARSS, LESLIE M. BUD",TIMBERWOLF MINERALS LLC,S25 T4N R6W,3 : View,TIMBERWOLF MINERALS LLC
https://okcountyrecords.com/detail/Blaine/2021-002747,2,Blaine,2021-09-28,2021-002747,Mineral Deed,1476,0501 - 0503,TIMBERWOLF MINERALS LLC,ECKARD LAND & ACQUISITION LLC,S22 T15N R10W SW Partial,3 : View,TIMBERWOLF MINERALS LLC
https://okcountyrecords.com/detail/Kingfisher/2021-004864,1,Kingfisher,2021-10-05,2021-004864,MINERAL DEED,3396,0226 - 0228,"HAMILTON, CONNIE","TIMBERWOLF MINERALS, LLC",S8 T16N R06W SW,3 : View,TIMBERWOLF MINERALS LLC
