url,Rank,County,Recorded,Instrument,Type,Book,Page(s),Grantor,Grantee,Legal Description,Images,company
https://okcountyrecords.com/detail/Blaine/2017-009064,1,Blaine,2017-09-26,2017-009064,Mineral Deed,1304,0294 - 0296,TIMBERWOLF MINERALS LLC,MEP MID-CON III LLC,S05 T13N R13W SW S05 T13N R13W S2 SE 3 more…,3 : View,TIMBERWOLF MINERALS LLC
https://okcountyrecords.com/detail/Blaine/2017-009065,1,Blaine,2017-09-26,2017-009065,Mineral Deed,1304,0297 - 0299,TIMBERWOLF MINERALS LLC,MEP MID-CON III LLC,S08 T15N R13W SW,3 : View,TIMBERWOLF MINERALS LLC
https://okcountyrecords.com/detail/Blaine/2017-009066,2,Blaine,2017-09-26,2017-009066,Mineral Deed,1304,0300 - 0302,TIMBERWOLF MINERALS LLC,MEP MID-CON III LLC,S05 T13N R13W SW S07 T13N R13W S2 SE 3 more…,3 : View,TIMBERWOLF MINERALS LLC
https://okcountyrecords.com/detail/Grady/2017-021650,1,Grady,2017-09-26,2017-021650,Mineral Deed,5295,0099 - 0101,"MAIER, SYLVESTER CLAUDE JR",TIMBERWOLF MINERALS LLC,S04 T7N R7W,3 : View,TIMBERWOLF MINERALS LLC
https://okcountyrecords.com/detail/Custer/2017-006746,1,Custer,2017-09-26,2017-006746,Mineral Deed,1772,0760 - 0762,"DILL, DARREN",TIMBERWOLF MINERALS LLC,S5 T15N R15W N2 SW S5 T15N R15W N2 SW 2 more…,3 : View,TIMBERWOLF MINERALS LLC
https://okcountyrecords.com/detail/Custer/2017-006747,1,Custer,2017-09-26,2017-006747,Mineral Deed,1772,0763 - 0765,"DILL, JOYCE MCCLENDON",TIMBERWOLF MINERALS LLC,S5 T15N R15W N2 SW S5 T15N R15W S2 NW 1 more…,3 : View,TIMBERWOLF MINERALS LLC
https://okcountyrecords.com/detail/Custer/2017-006748,1,Custer,2017-09-26,2017-006748,Mineral Deed,1772,0766 - 0768,"BELL, JERRY WAYNE BILL, WILMA G",TIMBERWOLF MINERALS LLC,S18 T15N R15W SE,3 : View,TIMBERWOLF MINERALS LLC
https://okcountyrecords.com/detail/Kingfisher/2017-010725,1,Kingfisher,2017-09-26,2017-010725,MINERAL DEED,3062,0247 - 0249,"SANDUSKY, KEVIN","TIMBERWOLF MINERALS, LLC",S23 T16N R06W NE,3 : View,TIMBERWOLF MINERALS LLC
https://okcountyrecords.com/detail/Grady/2017-022036,1,Grady,2017-09-29,2017-022036,Mineral Deed,5297,0208 - 0210,"MCCOOL, TERRY TERRY AND JANET MCCOOL REVOCABLE LIVING TRUST MCCOOL, JANET",TIMBERWOLF MINERALS LLC,S05 T7N R7W,3 : View,TIMBERWOLF MINERALS LLC
https://okcountyrecords.com/detail/Grady/2017-022035,1,Grady,2017-09-29,2017-022035,Mineral Deed,5297,0205 - 0207,"WARREN, DAVID P",TIMBERWOLF MINERALS LLC,S28 T7N R6W S29 T7N R6W,3 : View,TIMBERWOLF MINERALS LLC
https://okcountyrecords.com/detail/Custer/2017-006861,1,Custer,2017-09-29,2017-006861,Mineral Deed,1773,0470 - 0472,"FARRIS, JO LANA RAE REV LIVING TRUST JO LANA RAE FARRIS REV LIVING TRUST",TIMBERWOLF MINERALS LLC,S11 T15N R14W SE,3 : View,TIMBERWOLF MINERALS LLC
https://okcountyrecords.com/detail/Kingfisher/2017-010854,1,Kingfisher,2017-09-29,2017-010854,MINERAL DEED,3063,0188 - 0190,"THEMER, CARL JOHN","TIMBERWOLF MINERALS, LLC",S05 T17N R06W S2 NE S05 T17N R06W L1-2,3 : View,TIMBERWOLF MINERALS LLC
https://okcountyrecords.com/detail/Kingfisher/2017-011039,1,Kingfisher,2017-10-04,2017-011039,MINERAL DEED,3064,0491 - 0493,"BRANDES, JOHN S. FAMILY TRUST BRANDES, JOYCE ANN FAMILY TRUST","TIMBERWOLF MINERALS, LLC",S04 T15N R07W NE S27 T16N R08W S2 NW 3 more…,3 : View,TIMBERWOLF MINERALS LLC
https://okcountyrecords.com/detail/Kingfisher/2017-011040,1,Kingfisher,2017-10-04,2017-011040,MINERAL DEED,3064,0494 - 0496,"BRANDES, JOHN S. FAMILY TRUST BRANDES, JOYCE ANN FAMILY TRUST","TIMBERWOLF MINERALS, LLC",S23 T16N R08W E2 NE,3 : View,TIMBERWOLF MINERALS LLC
https://okcountyrecords.com/detail/Custer/2017-007110,1,Custer,2017-10-10,2017-007110,Mineral Deed,1774,0555 - 0557,"MCCLENDON, MAX G.",TIMBERWOLF MINERALS LLC,S6 T15N R15W W2 NE S6 T15N R15W SE NE,3 : View,TIMBERWOLF MINERALS LLC
