url,Rank,County,Recorded,Instrument,Type,Book,Page(s),Grantor,Grantee,Legal Description,Images,company
https://okcountyrecords.com/detail/Blaine/2019-004414,1.0,Blaine,2019-08-20,2019-004414,Mineral Deed,1400,0153 - 0160,"LANG, TINA MCDONALD, SANDRA MCDONALD, IRIS I MCDONALD, CLEVE E 1 more…",TIMBERWOLF MINERALS LLC,S01 T13N R12W SE S12 T13N R12W W2 NE,8 : View,TIMBERWOLF MINERALS LLC
https://okcountyrecords.com/detail/Grady/2019-013344,1.0,Grady,2019-08-20,2019-013344,Mineral Deed,5633,0046 - 0048,CRIXUS HOLDINGS LLC,TIMBERWOLF MINERALS LLC,S06 T8N R7W,3 : View,TIMBERWOLF MINERALS LLC
https://okcountyrecords.com/detail/Garvin/2019-006592,1.0,Garvin,2019-08-21,2019-006592,MINERAL DEED,2277,0186 - 0188,DT RESOURCES II LLC,TIMBERWOLF MINERALS LLC,S08 T3N R3W N2 SW Partial S08 T3N R3W NE SE SW 3 more…,3 : View,TIMBERWOLF MINERALS LLC
https://okcountyrecords.com/detail/Garvin/2019-006593,1.0,Garvin,2019-08-21,2019-006593,MINERAL DEED,2277,0189 - 0191,WALNUT CREEK RESOURCES LLC,TIMBERWOLF MINERALS LLC,S01 T2N R3W L1--S2 (Mult) S01 T2N R3W L1---NE 14 more…,3 : View,TIMBERWOLF MINERALS LLC
https://okcountyrecords.com/detail/McClain/2019-011699,0.3,McClain,2019-08-21,2019-011699,Mineral Deed,2573,0641 - 0643,STAR ROYALTY COMPANY LLC STAR ROYALTY COMPANY,TIMBERWOLF MINERALS,29 6N4W 26 7N4W 4 more…,3 : View,TIMBERWOLF MINERALS LLC
https://okcountyrecords.com/detail/Blaine/2019-004640,1.0,Blaine,2019-08-30,2019-004640,Mineral Deed,1403,0518 - 0520,TIMBERWOLF MINERALS LLC,CHERRY CREEK MINERALS LLC,S26 T15N R12W,3 : View,TIMBERWOLF MINERALS LLC
https://okcountyrecords.com/detail/Blaine/2019-004641,1.0,Blaine,2019-08-30,2019-004641,Assignment Of Overriding Royalty,1403,0521 - 0525,TIMBERWOLF MINERALS LLC,CHERRY CREEK MINERALS LLC,S01 T14N R13W N2 NW S01 T14N R13W NE 2 more…,5 : View,TIMBERWOLF MINERALS LLC
https://okcountyrecords.com/detail/Blaine/2019-004642,1.0,Blaine,2019-08-30,2019-004642,Mineral Deed,1403,0526 - 0528,"MILLER, ELIZABETH LEE",TIMBERWOLF MINERALS LLC,S02 T14N R11W N2 SW SW,3 : View,TIMBERWOLF MINERALS LLC
https://okcountyrecords.com/detail/Kingfisher/2019-006855,3.0,Kingfisher,2019-08-30,2019-006855,MINERAL DEED,3251,0479 - 0481,"TIMBERWOLF MINERALS, LLC","CHERRY CREEK MINERALS, LLC","S4 T15N R08W S2 NE S4 T15N R08W L1,2",3 : View,TIMBERWOLF MINERALS LLC
https://okcountyrecords.com/detail/Kingfisher/2019-006856,1.0,Kingfisher,2019-08-30,2019-006856,MINERAL DEED,3251,0482 - 0484,"TIMBERWOLF MINERALS, LLC","CHERRY CREEK MINERALS, LLC",S13 T16N R09W NE,3 : View,TIMBERWOLF MINERALS LLC
https://okcountyrecords.com/detail/Blaine/2019-004652,2.0,Blaine,2019-08-30,2019-004652,Mineral Deed,1404,0075 - 0077,TIMBERWOLF MINERALS LLC,BELLE TRACE RESOURCES LLC,S01 T13N R12W SE,3 : View,TIMBERWOLF MINERALS LLC
https://okcountyrecords.com/detail/Garvin/2019-007015,1.0,Garvin,2019-09-04,2019-007015,CORRECTION,2278,0818 - 0820,WALNUT CREEK RESOURCES LLC,TIMBERWOLF MINERALS LLC,S1 T2N R3W L1--S2 S1 T2N R3W L1--NE 15 more…,3 : View,TIMBERWOLF MINERALS LLC
https://okcountyrecords.com/detail/Blaine/2019-004755,1.0,Blaine,2019-09-09,2019-004755,Mineral Deed,1405,0032 - 0034,TIMBERWOLF MINERALS LLC,MEP MID-CON III LLC,S18 T15N R13W SW S19 T15N R13W NW,3 : View,TIMBERWOLF MINERALS LLC
https://okcountyrecords.com/detail/Blaine/2019-004756,3.0,Blaine,2019-09-09,2019-004756,Mineral Deed,1405,0035 - 0037,TIMBERWOLF MINERALS LLC,CHERRY CREEK MINERALS LLC,S02 T14N R11W N2 S2 W2 SW,3 : View,TIMBERWOLF MINERALS LLC
https://okcountyrecords.com/detail/Blaine/2019-004757,1.0,Blaine,2019-09-09,2019-004757,Mineral Deed,1405,0038 - 0040,"NORDQUIST, ROBERT",TIMBERWOLF MINERALS LLC,S04 T16N R13W SW NW L4,3 : View,TIMBERWOLF MINERALS LLC
