url,Rank,County,Recorded,Instrument,Type,Book,Page(s),Grantor,Grantee,Legal Description,Images,company
https://okcountyrecords.com/detail/Blaine/2019-002968,1,Blaine,2019-06-07,2019-002968,Mineral Deed,1391,0210 - 0212,STEPHEN D. BRAY,TIMBERWOLF MINERALS LLC,S10 T15N R13W NW,3 : View,TIMBERWOLF MINERALS LLC
https://okcountyrecords.com/detail/Blaine/2019-002982,1,Blaine,2019-06-10,2019-002982,Mineral Deed,1391,0259 - 0261,"BRAY, GARY",TIMBERWOLF MINERALS LLC,S10 T15N R13W NW,3 : View,TIMBERWOLF MINERALS LLC
https://okcountyrecords.com/detail/Grady/2019-009179,1,Grady,2019-06-10,2019-009179,Mineral Deed,5603,0537 - 0540,"STEINBERGER, JOHN C",TIMBERWOLF MINERALS LLC,S13 T9N R7W,4 : View,TIMBERWOLF MINERALS LLC
https://okcountyrecords.com/detail/Grady/2019-009180,2,Grady,2019-06-10,2019-009180,Mineral Deed,5603,0541 - 0544,DONALDSON PROPERTIES LLC,TIMBERWOLF MINERALS LLC,S13 T9N R7W,4 : View,TIMBERWOLF MINERALS LLC
https://okcountyrecords.com/detail/Grady/2019-009182,1,Grady,2019-06-10,2019-009182,Mineral Deed,5603,0550 - 0552,TIMBERWOLF MINERALS LLC,CHERRY CREEK MINERALS LLC,S13 T9N R7W,3 : View,TIMBERWOLF MINERALS LLC
https://okcountyrecords.com/detail/Grady/2019-009183,1,Grady,2019-06-10,2019-009183,Mineral Deed,5603,0553 - 0555,TIMBERWOLF MINERALS LLC,CHERRY CREEK MINERALS LLC,S13 T9N R7W,3 : View,TIMBERWOLF MINERALS LLC
https://okcountyrecords.com/detail/Kingfisher/2019-004688,1,Kingfisher,2019-06-10,2019-004688,MINERAL DEED,3234,0023 - 0025,"COCHRAN, DORIS DORENE COCHRAN, JOH R.","TIMBERWOLF MINERALS, LLC",S15 T17N R09W SW,3 : View,TIMBERWOLF MINERALS LLC
https://okcountyrecords.com/detail/Blaine/2019-003018,1,Blaine,2019-06-12,2019-003018,Mineral Deed,1391,0368 - 0370,"BRAY, TERRY LYNN",TIMBERWOLF MINERALS LLC,S10 T15N R13W NW,3 : View,TIMBERWOLF MINERALS LLC
https://okcountyrecords.com/detail/Blaine/2019-003019,1,Blaine,2019-06-12,2019-003019,Mineral Deed,1391,0371 - 0373,"MILLS, VICKI",TIMBERWOLF MINERALS LLC,S10 T15N R13W NW,3 : View,TIMBERWOLF MINERALS LLC
https://okcountyrecords.com/detail/Blaine/2019-003120,1,Blaine,2019-06-17,2019-003120,Mineral Deed,1391,0700 - 0702,"ALEXANDER, C. HILTON TRUST",TIMBERWOLF MINERALS LLC,S10 T15N R11W NW,3 : View,TIMBERWOLF MINERALS LLC
https://okcountyrecords.com/detail/Blaine/2019-003122,1,Blaine,2019-06-17,2019-003122,Mineral Deed,1392,0004 - 0006,THE CASSELMAN LUTES IRREVOCABLE TRUST,TIMBERWOLF MINERALS LLC,S10 T15N R11W NW,3 : View,TIMBERWOLF MINERALS LLC
https://okcountyrecords.com/detail/Blaine/2019-003123,1,Blaine,2019-06-17,2019-003123,Mineral Deed,1392,0007 - 0009,THE CELESTE LUTES MOON IRREVOCABLE TRUST,TIMBERWOLF MINERALS LLC,S10 T15N R11W NW,3 : View,TIMBERWOLF MINERALS LLC
https://okcountyrecords.com/detail/Blaine/2019-003124,1,Blaine,2019-06-17,2019-003124,Affidavit,1392,0010 - 0011,THE CLYDE H. ALEXANDER II TRUST THE CLYDE H. ALEXANDER II,TIMBERWOLF MINERALS LLC,S10 T15N R11W NW,2 : View,TIMBERWOLF MINERALS LLC
https://okcountyrecords.com/detail/Blaine/2019-003125,1,Blaine,2019-06-17,2019-003125,Mineral Deed,1392,0012 - 0014,THE CLYDE H. ALEXANDER II TRUST THE CLYDE H. ALEXANDER II,TIMBERWOLF MINERALS LLC,S10 T15N R11W NW,3 : View,TIMBERWOLF MINERALS LLC
https://okcountyrecords.com/detail/Blaine/2019-003126,1,Blaine,2019-06-17,2019-003126,Affidavit,1392,0015 - 0017,PATRICIA A. HANSON TRUST PATRICIA A. HANSON TRUSTEE,TIMBERWOLF MINERALS LLC,S10 T15N R11W NW,3 : View,TIMBERWOLF MINERALS LLC
