url,Rank,County,Recorded,Instrument,Type,Book,Page(s),Grantor,Grantee,Legal Description,Images,company
https://okcountyrecords.com/detail/Blaine/2019-004039,3,Blaine,2019-07-30,2019-004039,Mineral Deed,1397,0292 - 0294,TIMBERWOLF MINERALS LLC,CHERRY CREEK MINERALS LLC,S22 T17N R11W NE S22 T17N R11W N2 SE 1 more…,3 : View,TIMBERWOLF MINERALS LLC
https://okcountyrecords.com/detail/Blaine/2019-004040,3,Blaine,2019-07-30,2019-004040,Mineral Deed,1397,0295 - 0297,TIMBERWOLF MINERALS LLC,CHERRY CREEK MINERALS LLC,S23 T15N R11W SW,3 : View,TIMBERWOLF MINERALS LLC
https://okcountyrecords.com/detail/Blaine/2019-004041,1,Blaine,2019-07-30,2019-004041,Assignment Of Overriding Royalty,1397,0298 - 0302,"ANDERSON, STEVEN M",TIMBERWOLF MINERALS LLC,S01 T14N R13W N2 NW S01 T14N R13W NE 1 more…,5 : View,TIMBERWOLF MINERALS LLC
https://okcountyrecords.com/detail/Kingfisher/2019-005930,1,Kingfisher,2019-07-30,2019-005930,MINERAL DEED,3243,0339 - 0341,"KIRKPATRICK, CHARLES H.; PERSONAL REPRESENTATIVE OF THE ESTATE OF CLARICE O. GOLDEN","TIMBERWOLF MINERALS, LLC",S13 T16N R09W NE,3 : View,TIMBERWOLF MINERALS LLC
https://okcountyrecords.com/detail/Grady/2019-011963,3,Grady,2019-07-31,2019-011963,Mineral Deed,5622,0341 - 0343,TIMBERWOLF MINERALS LLC,CHERRY CREEK MINERALS LLC,S36 T6N R6W S27 T6N R6W,3 : View,TIMBERWOLF MINERALS LLC
https://okcountyrecords.com/detail/Grady/2019-012058,2,Grady,2019-08-01,2019-012058,Memorandum,5623,0159,TIMBERWOLF MINERALS LLC,TIMBERWOLF ENERGY LLC,S34 T9N R6W,1 : View,TIMBERWOLF MINERALS LLC
https://okcountyrecords.com/detail/McClain/2019-010825,1,McClain,2019-08-01,2019-010825,Mineral Deed,2569,0011 - 0013,"HOWARD, VERNON",TIMBERWOLF MINERALS LLC,6 5N4W,3 : View,TIMBERWOLF MINERALS LLC
https://okcountyrecords.com/detail/Blaine/2019-004175,1,Blaine,2019-08-07,2019-004175,Corrective Deed,1398,0100 - 0102,"PALYOLA, DIANE",TIMBERWOLF MINERALS LLC,"CITY OF WATONGA B143 L13-15, e 5'16",3 : View,TIMBERWOLF MINERALS LLC
https://okcountyrecords.com/detail/Blaine/2019-004176,3,Blaine,2019-08-07,2019-004176,Corrective Deed,1398,0103 - 0105,"TIMBERWOLF MINERALS, LLC","CHERRY CREEK MINERALS, LLC","CITY OF WATONGA B143 L13-15, E 5' 16",3 : View,TIMBERWOLF MINERALS LLC
https://okcountyrecords.com/detail/Grady/2019-012445,2,Grady,2019-08-07,2019-012445,Deed,5626,0345 - 0347,"TIMBERWOLF MINERALS, LLC","BELLE TRACE RESOURCES, LLC",S02 T5N R5W,3 : View,TIMBERWOLF MINERALS LLC
https://okcountyrecords.com/detail/Blaine/2019-004216,1,Blaine,2019-08-08,2019-004216,Mineral Deed,1398,0317 - 0319,"TEETERS, DALE TEETERS, SUSAN",TIMBERWOLF MINERALS LLC,S32 T16N R13W SW,3 : View,TIMBERWOLF MINERALS LLC
https://okcountyrecords.com/detail/Blaine/2019-004229,1,Blaine,2019-08-09,2019-004229,Mineral Deed,1398,0347 - 0350,TIMBERWOLF MINERALS LLC,BAUERNSCHMITT LAND & TITLE CO LLC,S32 T16N R13W SW,4 : View,TIMBERWOLF MINERALS LLC
https://okcountyrecords.com/detail/Kingfisher/2019-006396,1,Kingfisher,2019-08-15,2019-006396,MINERAL DEED,3247,0419 - 0421,"YARBROUGH, HELEM JANEL","TIMBERWOLF MINERALS, LLC","S4 T15N R08W S2 NE S4 T15N R08W L1,2",3 : View,TIMBERWOLF MINERALS LLC
https://okcountyrecords.com/detail/Blaine/2019-004361,1,Blaine,2019-08-16,2019-004361,Mineral Deed,1399,0549 - 0553,"LAMBERT, LANA RISING- CO-TRUSTEE RISING, KENT B. -CO-TRUSTEE LEONARD L. AND HELEN D. RISING TRUST FOR THE BENEFIT OF THEIR CHILDREN",TIMBERWOLF MINERALS LLC,S30 T15N R13W NE,5 : View,TIMBERWOLF MINERALS LLC
https://okcountyrecords.com/detail/Blaine/2019-004367,2,Blaine,2019-08-16,2019-004367,Mineral Deed,1399,0569 - 0572,"TIMBERWOLF MINERALS, LLC WILLIAMS, CHASE Z. MANAGER","HERV OIL, LLC",S32 T16N R13W SW,4 : View,TIMBERWOLF MINERALS LLC
