url,Rank,County,Recorded,Instrument,Type,Book,Page(s),Grantor,Grantee,Legal Description,Images,company
https://okcountyrecords.com/detail/Kingfisher/2020-003288,1,Kingfisher,2020-06-24,2020-003288,Partial Release Mtg,3321,0074 - 0079,INTERNATIONAL BANK OF COMMERCE,"TIMBERWOLF MINERALS, LLC",S13 T16N R09W A S24 T16N R09W A 37 more…,6 : View,TIMBERWOLF MINERALS LLC
https://okcountyrecords.com/detail/Grady/2020-008580,1,Grady,2020-07-16,2020-008580,Mineral Mortgage,5755,0250 - 0268,TIMBERWOLF MINERALS LLC,INTERMATIONAL BANK OF COMMERCE,S10 T3N R5W S3 T3N R5W 6 more…,19 : View,TIMBERWOLF MINERALS LLC
https://okcountyrecords.com/detail/Kingfisher/2020-003647,1,Kingfisher,2020-07-16,2020-003647,Mortgage Assignment,3325,0073 - 0084,"TIMBERWOLF MINERALS, LLC",INTERNATIONAL BANK OF COMMERCE,S1 T15N R06W A S17 T15N R06W A 90 more…,12 : View,TIMBERWOLF MINERALS LLC
https://okcountyrecords.com/detail/Garvin/2020-005018,1,Garvin,2020-07-16,2020-005018,MORTGAGE,2315,0679 - 0697,TIMBERWOLF MINERALS LLC,INTERNATIONAL BANK OF COMMERCE,S19 T2N R2W S31 T2N R2W 7 more…,19 : View,TIMBERWOLF MINERALS LLC
https://okcountyrecords.com/detail/Custer/2020-003110,1,Custer,2020-07-17,2020-003110,Mortgage Security Agree & Financing Statement,1886,0650 - 0657,TIMBERWOLF MINERALS LLC,INTERNATIONAL BANK OF COMMERCE,S3 T13N R14W A S4 T13N R14W A 30 more…,8 : View,TIMBERWOLF MINERALS LLC
https://okcountyrecords.com/detail/Blaine/2020-002269,1,Blaine,2020-07-21,2020-002269,First Supplemental Mortgage,1438,0383 - 0395,TIMBERWOLF MINERALS LLC,INTERNATIONAL BANK OF COMMERCE,S13 T15N R10W S15 T15N R10W 156 more…,13 : View,TIMBERWOLF MINERALS LLC
https://okcountyrecords.com/detail/Kingfisher/2020-004233,1,Kingfisher,2020-08-20,2020-004233,Assignment,3330,0164 - 0169,"FRANZ, DONALD A.","TIMBERWOLF MINERALS, LLC",S27 T16N R08W N2 NW S27 T16N R08W S2 NW,6 : View,TIMBERWOLF MINERALS LLC
https://okcountyrecords.com/detail/Kingfisher/2020-004234,1,Kingfisher,2020-08-20,2020-004234,Assignment,3330,0170 - 0175,"FRANZ, DONALD A.","TIMBERWOLF MINERALS, LLC","S1 T16N R08W S2 NW L3,4",6 : View,TIMBERWOLF MINERALS LLC
https://okcountyrecords.com/detail/Kingfisher/2020-004235,1,Kingfisher,2020-08-20,2020-004235,Assignment,3330,0176 - 0181,"FRANZ, DONALD A.","TIMBERWOLF MINERALS, LLC",S2 T17N R08W S2 NE S2 T17N R08W N2 NE,6 : View,TIMBERWOLF MINERALS LLC
https://okcountyrecords.com/detail/Kingfisher/2020-004328,1,Kingfisher,2020-08-26,2020-004328,MINERAL DEED,3331,0058 - 0060,"MACOMBER, LEA ANN",TIMBERWOLF MINERALS LLC.,S29 T15N R08W NW S26 T15N R09W N2 NW 1 more…,3 : View,TIMBERWOLF MINERALS LLC
https://okcountyrecords.com/detail/McClain/2020-009081,1,McClain,2020-08-27,2020-009081,Mineral Deed,2645,0943 - 0945,"ARMS, BOBBY J",TIMBERWOLF MINERALS LLC,12 6N4W,3 : View,TIMBERWOLF MINERALS LLC
https://okcountyrecords.com/detail/Garvin/2020-005914,1,Garvin,2020-08-27,2020-005914,MINERAL DEED,2319,0913 - 0915,"SCRIBNER,LUCILLE",TIMBERWOLF MINERALS LLC,S14 T2N R3W W2 SE SE S14 T2N R3W SE SE SE 11 more…,3 : View,TIMBERWOLF MINERALS LLC
https://okcountyrecords.com/detail/Kingfisher/2020-004358,1,Kingfisher,2020-08-28,2020-004358,MINERAL DEED,3331,0188 - 0190,"MACOMBER, LEA ANN","TIMBERWOLF MINERALS, LLC",S8 T15N R08W E2 NW,3 : View,TIMBERWOLF MINERALS LLC
https://okcountyrecords.com/detail/Kingfisher/2020-004390,1,Kingfisher,2020-08-31,2020-004390,MINERAL DEED,3331,0340 - 0342,"ROTHER, BERNARD","TIMBERWOLF MINERALS, LLC",S20 T15N R08W SE,3 : View,TIMBERWOLF MINERALS LLC
https://okcountyrecords.com/detail/Blaine/2020-002642,1,Blaine,2020-08-31,2020-002642,Mineral Deed,1441,0424 - 0426,"WHITE, JOHN A",TIMBERWOLF MINERALS LLC,S18 T15N R13W NE,3 : View,TIMBERWOLF MINERALS LLC
