url,Rank,County,Recorded,Instrument,Type,Book,Page(s),Grantor,Grantee,Legal Description,Images,company
https://okcountyrecords.com/detail/Blaine/2017-009345,1,Blaine,2017-10-10,2017-009345,Mineral Deed,1305,0653 - 0655,CROMWELL FAMILY CORPORATION,TIMBERWOLF MINERALS LLC,S33 T17N R10W N2 NE S29 T17N R10W S2,3 : View,TIMBERWOLF MINERALS LLC
https://okcountyrecords.com/detail/Blaine/2017-009346,1,Blaine,2017-10-10,2017-009346,Mineral Deed,1305,0656 - 0658,"HACKWORTH, JAYNE R., TRUSTEE JAYNE R HACKWORTH TRUST",TIMBERWOLF MINERALS LLC,S02 T13N R11W E2 SW S22 T15N R11W N2 NW L1 4 more…,3 : View,TIMBERWOLF MINERALS LLC
https://okcountyrecords.com/detail/Grady/2017-022851,2,Grady,2017-10-10,2017-022851,Oil & Gas Lease,5303,0309 - 0310,TIMBERWOLF MINERALS LLC,TPR MID-CONTINENT LLC,S23 T9N R8W,2 : View,TIMBERWOLF MINERALS LLC
https://okcountyrecords.com/detail/Grady/2017-022852,2,Grady,2017-10-10,2017-022852,Oil & Gas Lease,5303,0311 - 0312,TIMBERWOLF MINERALS LLC,TPR MID-CONTINENT LLC,S15 T9N R8W,2 : View,TIMBERWOLF MINERALS LLC
https://okcountyrecords.com/detail/Blaine/2017-009526,1,Blaine,2017-10-13,2017-009526,Mineral Deed,1307,0098 - 0100,OKLAHOMA MEDICAL RESEARCH FOUNDATION,TIMBERWOLF MINERALS LLC,S14 T15N R12W E2 SE,3 : View,TIMBERWOLF MINERALS LLC
https://okcountyrecords.com/detail/Blaine/2017-009527,1,Blaine,2017-10-13,2017-009527,Mineral Deed,1307,0101 - 0103,"WRIGHT, WILLIAM CHARLES",TIMBERWOLF MINERALS LLC,S26 T15N R10W SW,3 : View,TIMBERWOLF MINERALS LLC
https://okcountyrecords.com/detail/Grady/2017-023221,1,Grady,2017-10-16,2017-023221,Mineral Deed,5310,0090 - 0092,"RICHARDSON, CLIFFORD L",TIMBERWOLF MINERALS LLC,S13 T6N R7W,3 : View,TIMBERWOLF MINERALS LLC
https://okcountyrecords.com/detail/Custer/2017-007242,1,Custer,2017-10-16,2017-007242,Mineral Deed,1775,0311 - 0313,"MCLENDON, MARVIN D. RODRIGUEZ, NANCY ATTORNEY-IN-FACT",TIMBERWOLF MINERALS LLC,S5 T15N R15W N2 SW Containing 120 Acre(s) (more or less) S5 T15N R15W SW SW,3 : View,TIMBERWOLF MINERALS LLC
https://okcountyrecords.com/detail/Grady/2017-023416,1,Grady,2017-10-16,2017-023416,Mineral Deed,5311,0051 - 0053,TIMBERWOLF MINERALS LLC,"HUFFINE, JIMMY F",S19 T8N R7W S24 T8N R8W,3 : View,TIMBERWOLF MINERALS LLC
https://okcountyrecords.com/detail/Grady/2017-023629,3,Grady,2017-10-18,2017-023629,Mineral Deed,5312,0154 - 0156,TIMBERWOLF MINERALS LLC,LONGPOINT MINERALS LLC,S23 T9N R8W S15 T9N R8W,3 : View,TIMBERWOLF MINERALS LLC
https://okcountyrecords.com/detail/Grady/2017-023628,3,Grady,2017-10-18,2017-023628,Mineral Deed,5312,0151 - 0153,TIMBERWOLF MINERALS LLC,LONGPOINT MINERALS LLC,S23 T9N R8W,3 : View,TIMBERWOLF MINERALS LLC
https://okcountyrecords.com/detail/Grady/2017-023627,1,Grady,2017-10-18,2017-023627,Mineral Deed,5312,0148 - 0150,TIMBERWOLF MINERALS LLC,LONGPOINT MINERALS LLC,S04 T9N R8W,3 : View,TIMBERWOLF MINERALS LLC
https://okcountyrecords.com/detail/Grady/2017-023626,1,Grady,2017-10-18,2017-023626,Mineral Deed,5312,0145 - 0147,TIMBERWOLF MINERALS LLC,LONGPOINT MINERALS LLC,S24 T8N R6W,3 : View,TIMBERWOLF MINERALS LLC
https://okcountyrecords.com/detail/Grady/2017-023630,3,Grady,2017-10-18,2017-023630,Mineral Deed,5312,0157 - 0159,TIMBERWOLF MINERALS LLC,LONGPOINT MINERALS LLC,S16 T7N R7W,3 : View,TIMBERWOLF MINERALS LLC
https://okcountyrecords.com/detail/Blaine/2017-009687,1,Blaine,2017-10-18,2017-009687,Mineral Deed,1308,0106 - 0108,"TIMBERWOLF MINERAL, LLC WILLIAMS, CHASE Z. MANAGER","LONGPOINT MINERALS, LLC",S18 T14N R13W W2 NW S18 T14N R13W SE NW 1 more…,3 : View,TIMBERWOLF MINERALS LLC
