url,Rank,County,Recorded,Instrument,Type,Book,Page(s),Grantor,Grantee,Legal Description,Images,company
https://okcountyrecords.com/detail/Kingfisher/2016-013592,1,Kingfisher,2016-11-30,2016-013592,MINERAL DEED,2949,0468 - 0470,"TIMBERWOLF MINERALS, LLC","LONGPOINT MINERALS, LLC",S9 T15N R08W SW SW S9 T15N R08W W2 SE SW,3 : View,TIMBERWOLF MINERALS LLC
https://okcountyrecords.com/detail/Kingfisher/2016-013593,1,Kingfisher,2016-11-30,2016-013593,MINERAL DEED,2949,0471 - 0473,"TIMBERWOLF MINERALS, LLC","LONGPOINT MINERALS, LLC",S7 T17N R09W SE,3 : View,TIMBERWOLF MINERALS LLC
https://okcountyrecords.com/detail/Blaine/2016-020937,3,Blaine,2016-11-30,2016-020937,Mineral Deed,1249,0528 - 0530,TIMBERWOLF MINERALS LLC,LONGPOINT MINERALS LLC,S14 T14N R11W SW,3 : View,TIMBERWOLF MINERALS LLC
https://okcountyrecords.com/detail/Blaine/2016-020938,1,Blaine,2016-11-30,2016-020938,Mineral Deed,1249,0531 - 0533,TIMBERWOLF MINERALS LLC,LONGPOINT MINERALS LLC,S14 T14N R11W SW,3 : View,TIMBERWOLF MINERALS LLC
https://okcountyrecords.com/detail/Blaine/2016-020939,1,Blaine,2016-11-30,2016-020939,Mineral Deed,1249,0534 - 0536,TIMBERWOLF MINERALS LLC,LONGPOINT MINERALS LLC,S28 T15N R12W S33 T15N R12W NW Partial,3 : View,TIMBERWOLF MINERALS LLC
https://okcountyrecords.com/detail/Blaine/2016-020940,1,Blaine,2016-11-30,2016-020940,Mineral Deed,1249,0537 - 0539,TIMBERWOLF MINERALS LLC,LONGPOINT MINERALS LLC,S30 T14N R12W S2 S31 T14N R12W NE,3 : View,TIMBERWOLF MINERALS LLC
https://okcountyrecords.com/detail/Blaine/2016-020941,1,Blaine,2016-11-30,2016-020941,Mineral Deed,1249,0540 - 0542,TIMBERWOLF MINERALS LLC,LONGPOINT MINERALS LLC,S13 T14N R11W E2 SW,3 : View,TIMBERWOLF MINERALS LLC
https://okcountyrecords.com/detail/Blaine/2016-020942,3,Blaine,2016-11-30,2016-020942,Mineral Deed,1249,0543 - 0545,TIMBERWOLF MINERALS LLC,LONGPOINT MINERALS LLC,S23 T15N R11W E2 NE,3 : View,TIMBERWOLF MINERALS LLC
https://okcountyrecords.com/detail/Blaine/2016-020943,1,Blaine,2016-11-30,2016-020943,Mineral Deed,1249,0546 - 0548,TIMBERWOLF MINERALS LLC,LONGPOINT MINERALS LLC,S02 T15N R11W SW Partial S22 T15N R13W NE,3 : View,TIMBERWOLF MINERALS LLC
https://okcountyrecords.com/detail/Blaine/2016-020944,3,Blaine,2016-11-30,2016-020944,Mineral Deed,1249,0549 - 0551,TIMBERWOLF MINERALS LLC,LONGPOINT MINERALS LLC,S21 T15N R11W SW S22 T15N R13W NE,3 : View,TIMBERWOLF MINERALS LLC
https://okcountyrecords.com/detail/Blaine/2016-020945,1,Blaine,2016-11-30,2016-020945,Mineral Deed,1249,0552 - 0554,TIMBERWOLF MINERALS LLC,LONGPOINT MINERALS LLC,S28 T15N R12W SW S33 T15N R12W NW,3 : View,TIMBERWOLF MINERALS LLC
https://okcountyrecords.com/detail/Blaine/2016-020946,1,Blaine,2016-11-30,2016-020946,Mineral Deed,1249,0555 - 0557,TIMBERWOLF MINERALS LLC,LONGPOINT MINERALS LLC,S24 T15N R12W W2,3 : View,TIMBERWOLF MINERALS LLC
https://okcountyrecords.com/detail/Blaine/2016-020947,3,Blaine,2016-11-30,2016-020947,Mineral Deed,1249,0558 - 0560,TIMBERWOLF MINERALS LLC,LONGPOINT MINERALS LLC,S15 T16N R11W E2 SE,3 : View,TIMBERWOLF MINERALS LLC
https://okcountyrecords.com/detail/Blaine/2016-020948,1,Blaine,2016-11-30,2016-020948,Mineral Deed,1249,0561 - 0563,TIMBERWOLF MINERALS LLC,LONGPOINT MINERALS LLC,S11 T13N R12W SW,3 : View,TIMBERWOLF MINERALS LLC
https://okcountyrecords.com/detail/Blaine/2016-020949,1,Blaine,2016-11-30,2016-020949,Mineral Deed,1249,0564 - 0566,TIMBERWOLF MINERALS LLC,LONGPOINT MINERALS LLC,S17 T15N R12W NW Partial,3 : View,TIMBERWOLF MINERALS LLC
