url,Rank,County,Recorded,Instrument,Type,Book,Page(s),Grantor,Grantee,Legal Description,Images,company
https://okcountyrecords.com/detail/Kingfisher/2019-002727,1.0,Kingfisher,2019-03-28,2019-002727,MINERAL DEED,3215,0587 - 0594,"KNECHT, DALE REMAINDERMAN DIXON, CAROL REMAINDERMAN KNECHT, PAUL TRUSTEE MCCORMICK, JANICE REMAINDERMAN 2 more…","TIMBERWOLF MINERALS, LLC",S36 T15N R07W N2 SW,8 : View,TIMBERWOLF MINERALS LLC
https://okcountyrecords.com/detail/Grady/2019-005012,1.0,Grady,2019-03-29,2019-005012,Mineral Deed,5565,0302 - 0304,"BOWLES, LINDA DIAN BOWLES, ROBERT",TIMBERWOLF MINERALS LLC,S29 T6N R5W,3 : View,TIMBERWOLF MINERALS LLC
https://okcountyrecords.com/detail/Kingfisher/2019-002928,3.0,Kingfisher,2019-04-03,2019-002928,MINERAL DEED,3217,0567 - 0569,"TIMBERWOLF MINERALS, LLC","CHERRY CREEK MINERALS, LLC",S36 T15N R07W N2 SW,3 : View,TIMBERWOLF MINERALS LLC
https://okcountyrecords.com/detail/Kingfisher/2019-002929,3.0,Kingfisher,2019-04-03,2019-002929,MINERAL DEED,3217,0570 - 0572,"TIMBERWOLF MINERALS, LLC","CHERRY CREEK MINERALS, LLC",S34 T15N R06W SE,3 : View,TIMBERWOLF MINERALS LLC
https://okcountyrecords.com/detail/Blaine/2019-001619,1.0,Blaine,2019-04-03,2019-001619,Mineral Deed,1381,0650 - 0652,"TIMBERWOLF MINERALS LLC WILLIAMS, CHASE Z.",CHERRY CREEK MINERALS LLC,S31 T16N R11W E2 SW,3 : View,TIMBERWOLF MINERALS LLC
https://okcountyrecords.com/detail/Blaine/2019-001620,1.5,Blaine,2019-04-03,2019-001620,Mineral Deed,1381,0653 - 0655,"TIMBERWOLF MINERALS LLC WILLIAMS, CHASE Z.",CHERRY CREEK MINERALS LLC,"ERICKS ADDITION GEARY B10 L3,4,5,6,7,8,9,&10 S01 T13N R11W SE",3 : View,TIMBERWOLF MINERALS LLC
https://okcountyrecords.com/detail/Blaine/2019-001621,1.0,Blaine,2019-04-03,2019-001621,Personal Representative Mineral Deed,1381,0656 - 0658,"DAVIS, ROBERT ALLAN ESTATE OF ROMONA MAE DAVIS CONRAD-DECEASED",TIMBERWOLF MINERALS LLC,S10 T16N R13W N2 NW,3 : View,TIMBERWOLF MINERALS LLC
https://okcountyrecords.com/detail/Blaine/2019-001730,2.0,Blaine,2019-04-09,2019-001730,Mineral Deed,1382,0440 - 0443,WESTON PASS PARTNERS LLC,TIMBERWOLF MINERALS LLC,S19 T16N R13W NE,4 : View,TIMBERWOLF MINERALS LLC
https://okcountyrecords.com/detail/McClain/2019-005381,3.0,McClain,2019-04-10,2019-005381,Correct Mineral Deed,2545,0012 - 0014,TIMBERWOLF MINERALS LLC,CHERRY CREEK MINERALS LLC,34 5N4W,3 : View,TIMBERWOLF MINERALS LLC
https://okcountyrecords.com/detail/Grady/2019-005619,2.0,Grady,2019-04-10,2019-005619,Oil & Gas Lease,5573,0191,TIMBERWOLF MINERALS LLC,TIMBERWOLF ENERGY LLC,S30 T9N R5W,1 : View,TIMBERWOLF MINERALS LLC
https://okcountyrecords.com/detail/Blaine/2019-001747,2.0,Blaine,2019-04-10,2019-001747,Memorandum Of Oil & Gas Lease,1382,0501,TIMBERWOLF MINERALS LLC,TIMBERWOLF ENERGY LLC,S03 T16N R13W SE,1 : View,TIMBERWOLF MINERALS LLC
https://okcountyrecords.com/detail/Kingfisher/2019-003528,1.0,Kingfisher,2019-04-23,2019-003528,MINERAL DEED,3223,0100 - 0102,"SACO, KATHY ANN WAGNON; PERSONAL REPRESENTATIVE OF THE ESTATE OF MARTHA ELLEN WAGNON","TIMBERWOLF MINERALS, LLC",S30 T15N R09W E2 E2,3 : View,TIMBERWOLF MINERALS LLC
https://okcountyrecords.com/detail/Kingfisher/2019-003529,1.0,Kingfisher,2019-04-23,2019-003529,MINERAL DEED,3223,0103 - 0106,THE ROBERTS FAMILY REVOCABLE FAMILY LIVING TRUST,"TIMBERWOLF MINERALS, LLC",S27 T17N R08W NW,4 : View,TIMBERWOLF MINERALS LLC
https://okcountyrecords.com/detail/Beckham/2019-001567,1.0,Beckham,2019-04-23,2019-001567,Mineral Deed,2302,0954 - 0956,"WARREN, DAWNA LYNN",TIMBERWOLF MINERALS LLC,LONG DESCRIPTION,3 : View,TIMBERWOLF MINERALS LLC
https://okcountyrecords.com/detail/Garvin/2019-002971,1.0,Garvin,2019-04-24,2019-002971,MINERAL DEED,2262,0590 - 0592,"KENNEDY TRTEE,ELIZABETH",TIMBERWOLF MINERALS LLC,S12 T3N R4W SW,3 : View,TIMBERWOLF MINERALS LLC
