url,Rank,County,Recorded,Instrument,Type,Book,Page(s),Grantor,Grantee,Legal Description,Images,company
https://okcountyrecords.com/detail/Blaine/2018-003058,1,Blaine,2018-05-01,2018-003058,Mineral Deed,1337,0268 - 0270,TIMBERWOLF MINERALS LLC,CHERRY CREEK MINERALS LLC,S24 T16N R12W TOWN OF WATONGA B139 L15-17 1 more…,3 : View,TIMBERWOLF MINERALS LLC
https://okcountyrecords.com/detail/Blaine/2018-003059,1,Blaine,2018-05-01,2018-003059,Mineral Deed,1337,0271 - 0273,TIMBERWOLF MINERALS LLC,CHERRY CREEK MINERALS LLC,S11 T16N R13W SW,3 : View,TIMBERWOLF MINERALS LLC
https://okcountyrecords.com/detail/Grady/2018-009186,1,Grady,2018-05-07,2018-009186,Mineral Deed,5414,0540 - 0542,"EVERLY, KAREN LOVELESS KAREN LOVELESS EVERLY LIVING TRUST",TIMBERWOLF MINERALS LLC,S12 T8N R6W,3 : View,TIMBERWOLF MINERALS LLC
https://okcountyrecords.com/detail/Grady/2018-009185,1,Grady,2018-05-07,2018-009185,Mineral Deed,5414,0537 - 0539,"LOWE, DELORES R",TIMBERWOLF MINERALS LLC,S12 T6N R6W S30 T7N R6W,3 : View,TIMBERWOLF MINERALS LLC
https://okcountyrecords.com/detail/Blaine/2018-003224,1,Blaine,2018-05-07,2018-003224,Mineral Deed,1338,0178 - 0180,"GOLIKE, SUSAN GONDERS, TRUSTEE VADA MARGARET GONDERS 1997 REVOCABLE TRUST",TIMBERWOLF MINERALS LLC,S16 T15N R12W S2,3 : View,TIMBERWOLF MINERALS LLC
https://okcountyrecords.com/detail/Kingfisher/2018-004646,1,Kingfisher,2018-05-07,2018-004646,MINERAL DEED,3126,0437 - 0439,"BOLLEMAN, JIMMY DALE","TIMBERWOLF MINERALS, LLC",S35 T15N R08W NE,3 : View,TIMBERWOLF MINERALS LLC
https://okcountyrecords.com/detail/Kingfisher/2018-004647,1,Kingfisher,2018-05-07,2018-004647,MINERAL DEED,3126,0440 - 0442,"BOLLMAN, CHISTOPHER LEE","TIMBERWOLF MINERALS, LLC",S35 T15N R08W NE,3 : View,TIMBERWOLF MINERALS LLC
https://okcountyrecords.com/detail/Grady/2018-009925,1,Grady,2018-05-16,2018-009925,Mineral Deed,5420,0541 - 0543,"PERCIVAL, DONNA JO DONNA JO PERCIVAL REVOCABLE TRUST",TIMBERWOLF MINERALS LLC,S06 T5N R5W,3 : View,TIMBERWOLF MINERALS LLC
https://okcountyrecords.com/detail/Blaine/2018-003459,1,Blaine,2018-05-16,2018-003459,Mineral Deed,1339,0509 - 0511,"HOCKER, KIM ELVEST",TIMBERWOLF MINERALS LLC,S10 T17N R11W E2 SW S15 T17N R11W NW,3 : View,TIMBERWOLF MINERALS LLC
https://okcountyrecords.com/detail/Blaine/2018-003460,1,Blaine,2018-05-16,2018-003460,Mineral Deed,1339,0512 - 0514,"FENTON HAROLD RYCROFT AND VELMA M RYCROFT REVOCABLE TRUST RYCROFT, FENTON HAROLD, TRUSTEE RYCROFT, VELMA M., TRUSTEE",TIMBERWOLF MINERALS LLC,S25 T15N R12W SE,3 : View,TIMBERWOLF MINERALS LLC
https://okcountyrecords.com/detail/Blaine/2018-003461,1,Blaine,2018-05-16,2018-003461,Mineral Deed,1339,0515 - 0517,"HOFFMAN, KAREN SUE",TIMBERWOLF MINERALS LLC,S11 T16N R11W SW,3 : View,TIMBERWOLF MINERALS LLC
https://okcountyrecords.com/detail/Blaine/2018-003488,1,Blaine,2018-05-17,2018-003488,Journal Entry,1339,0618 - 0624,TIMBERWOLF MINERALS LLC,"WALKER, JENNIE (DEC) YOUNGM TOMMY (DEC)",S24 T15N R11W W2 SW S26 T15N R11W N2 NE,7 : View,TIMBERWOLF MINERALS LLC
https://okcountyrecords.com/detail/Blaine/2018-003555,1,Blaine,2018-05-21,2018-003555,Mineral Deed,1340,0192 - 0194,"EL RENO LODGE NO. 50 A.F. & A.M. KATES, LANCE WORSHIPFUL MASTER","TIMBERWOLF MINERALS, LLC",S01 T13N R11W CITY OF GEARY B33 L20-21,3 : View,TIMBERWOLF MINERALS LLC
https://okcountyrecords.com/detail/Blaine/2018-003556,1,Blaine,2018-05-21,2018-003556,Mineral Deed,1340,0195 - 0197,"WILLIAMS, ROGER LEE","TIMBERWOLF MINERALS, LLC",S14 T14N R11W SW,3 : View,TIMBERWOLF MINERALS LLC
https://okcountyrecords.com/detail/Blaine/2018-003642,1,Blaine,2018-05-23,2018-003642,Mineral Deed,1340,0627 - 0629,"HOAR, STEELE BRADLEY",TIMBERWOLF MINERALS LLC,S35 T15N R11W NW,3 : View,TIMBERWOLF MINERALS LLC
