url,Rank,County,Recorded,Instrument,Type,Book,Page(s),Grantor,Grantee,Legal Description,Images,company
https://okcountyrecords.com/detail/Grady/2017-025552,1,Grady,2017-11-07,2017-025552,Mineral Deed,5322,0257 - 0259,"CAIN, RAYMOND",TIMBERWOLF MINERALS LLC,S36 T9N R8W,3 : View,TIMBERWOLF MINERALS LLC
https://okcountyrecords.com/detail/McClain/2017-017357,1,McClain,2017-11-08,2017-017357,Mineral Deed,2422,0245 - 0247,TIMBERWOLF MINERALS LLC,LONGPOINT MINERALS LLC,7 8N4W,3 : View,TIMBERWOLF MINERALS LLC
https://okcountyrecords.com/detail/Custer/2017-007755,1,Custer,2017-11-08,2017-007755,Corrected Mineral Deed,1777,0779 - 0781,TIMBERWOLF MINERALS LLC,MEP MID-CON III LLC,S1 T13N R14W N2 NW 4 more…,3 : View,TIMBERWOLF MINERALS LLC
https://okcountyrecords.com/detail/Custer/2017-007756,1,Custer,2017-11-08,2017-007756,Corrected Mineral Deed,1777,0782 - 0784,TIMBERWOLF MINERALS LLC,MEP MID-CON III LLC,S22 T15N R14W W2 1 more…,3 : View,TIMBERWOLF MINERALS LLC
https://okcountyrecords.com/detail/Custer/2017-007757,1,Custer,2017-11-08,2017-007757,Corrected Mineral Deed,1777,0785 - 0787,TIMBERWOLF MINERALS LLC,MEP MID-CON III LLC,S1 T13N R14W N2 NW S4 T13N R14W SE 3 more…,3 : View,TIMBERWOLF MINERALS LLC
https://okcountyrecords.com/detail/Custer/2017-007758,1,Custer,2017-11-08,2017-007758,Corrected Mineral Deed,1777,0788 - 0790,TIMBERWOLF MINERALS LLC,MEP MID-CON III LLC,S1 T14N R15W S2 NW L3 S1 T14N R15W L4 1 more…,3 : View,TIMBERWOLF MINERALS LLC
https://okcountyrecords.com/detail/Custer/2017-007759,1,Custer,2017-11-08,2017-007759,Corrected Mineral Deed,1777,0791 - 0793,TIMBERWOLF MINERALS LLC,MEP MID-CON III LLC,S1 T13N R14W N2 NW 4 more…,3 : View,TIMBERWOLF MINERALS LLC
https://okcountyrecords.com/detail/Custer/2017-007761,1,Custer,2017-11-08,2017-007761,Corrected Mineral Deed,1777,0797 - 0799,TIMBERWOLF MINERALS LLC,MEP MID-CON III LLC,S1 T13N R14W N2 NW S25 T13N R14W NE 3 more…,3 : View,TIMBERWOLF MINERALS LLC
https://okcountyrecords.com/detail/Custer/2017-007762,1,Custer,2017-11-08,2017-007762,Corrected Mineral Deed,1777,0800 - 0802,TIMBERWOLF MINERALS LLC,MEP MID-CON III LLC,S35 T15N R14W NE,3 : View,TIMBERWOLF MINERALS LLC
https://okcountyrecords.com/detail/Custer/2017-007763,1,Custer,2017-11-08,2017-007763,Corrected Mineral Deed,1778,0001 - 0003,TIMBERWOLF MINERALS LLC,MEP MID-CON III LLC,S32 T14N R14W A,3 : View,TIMBERWOLF MINERALS LLC
https://okcountyrecords.com/detail/Custer/2017-007764,1,Custer,2017-11-08,2017-007764,Corrected Mineral Deed,1778,0004 - 0006,TIMBERWOLF MINERALS LLC,MEP MID-CON III LLC,S23 T15N R15W NW,3 : View,TIMBERWOLF MINERALS LLC
https://okcountyrecords.com/detail/Custer/2017-007765,1,Custer,2017-11-08,2017-007765,Corrected Mineral Deed,1778,0007 - 0009,TIMBERWOLF MINERALS LLC,MEP MID-CON III LLC,S22 T15N R14W W2 S27 T15N R14W W2 NW,3 : View,TIMBERWOLF MINERALS LLC
https://okcountyrecords.com/detail/Custer/2017-007766,1,Custer,2017-11-08,2017-007766,Corrected Mineral Deed,1778,0010 - 0012,TIMBERWOLF MINERALS LLC,MEP MID-CON III LLC,S1 T13N R14W N2 NW S25 T13N R14W NE 3 more…,3 : View,TIMBERWOLF MINERALS LLC
https://okcountyrecords.com/detail/Custer/2017-007767,1,Custer,2017-11-08,2017-007767,Corrected Mineral Deed,1778,0013 - 0015,TIMBERWOLF MINERALS LLC,MEP MID-CON III LLC,S1 T14N R15W NW S4 T14N R15W SW,3 : View,TIMBERWOLF MINERALS LLC
https://okcountyrecords.com/detail/Custer/2017-007768,1,Custer,2017-11-08,2017-007768,Corrected Mineral Deed,1778,0016 - 0018,TIMBERWOLF MINERALS LLC,MEP MID-CON III LLC,S18 T14N R14W NE NE,3 : View,TIMBERWOLF MINERALS LLC
