url,Rank,County,Recorded,Instrument,Type,Book,Page(s),Grantor,Grantee,Legal Description,Images,company
https://okcountyrecords.com/detail/McClain/2021-009538,1,McClain,2021-07-19,2021-009538,Mineral Deed,2717,0387 - 0390,"MORRIS, MADILYN H SIMPSON, BARBARA J",TIMBERWOLF MINERALS LLC,22 7N4W,4 : View,TIMBERWOLF MINERALS LLC
https://okcountyrecords.com/detail/McClain/2021-009539,1,McClain,2021-07-19,2021-009539,Mineral Deed,2717,0391 - 0393,"SCHUMAN, MARC",TIMBERWOLF MINERALS LLC,"3 5N4W 33, 35 6N4W",3 : View,TIMBERWOLF MINERALS LLC
https://okcountyrecords.com/detail/McClain/2021-009588,1,McClain,2021-07-20,2021-009588,Correct Mineral Deed,2717,0542 - 0544,"SCHUMAN TRUST, DANIEL P & VIDA K",TIMBERWOLF MINERALS LLC,"3 5N4W 33, 35 6N4W",3 : View,TIMBERWOLF MINERALS LLC
https://okcountyrecords.com/detail/McClain/2021-009598,1,McClain,2021-07-20,2021-009598,Mineral Deed,2717,0564 - 0566,LANDMAN.COM INC,TIMBERWOLF MINERALS LLC,35 6N4W,3 : View,TIMBERWOLF MINERALS LLC
https://okcountyrecords.com/detail/Grady/2021-009858,2,Grady,2021-07-20,2021-009858,Mineral Deed,5904,0362 - 0364,TIMBERWOLF MINERALS LLC,"ECKARD LAND & ACQUISITION, LLC",S26 T10N R5W,3 : View,TIMBERWOLF MINERALS LLC
https://okcountyrecords.com/detail/Kingfisher/2021-003542,1,Kingfisher,2021-07-21,2021-003542,MINERAL DEED,3385,0305 - 0307,"OBERG, MARIAN OBERG","TIMBERWOLF MINERALS, LLC",S14 T17N R05W NE,3 : View,TIMBERWOLF MINERALS LLC
https://okcountyrecords.com/detail/Kingfisher/2021-003543,1,Kingfisher,2021-07-21,2021-003543,MINERAL DEED,3385,0308 - 0310,"KEMNITZ, CHARLES FREDERICK KEMNITZ, SUSAN","TIMBERWOLF MINERALS, LLC",S12 T16N R08W E2,3 : View,TIMBERWOLF MINERALS LLC
https://okcountyrecords.com/detail/Grady/2021-009933,1,Grady,2021-07-21,2021-009933,Mineral Deed,5905,0412 - 0414,DANIEL P & VIDA K SCHUMAN REV TRUST,TIMBERWOLF MINERALS LLC,S4 T7N R5W,3 : View,TIMBERWOLF MINERALS LLC
https://okcountyrecords.com/detail/Grady/2021-009934,1,Grady,2021-07-21,2021-009934,Mineral Deed,5905,0415 - 0417,"FOLEY, JOE",TIMBERWOLF MINERALS LLC,S18 T6N R5W S27 T9N R6W 1 more…,3 : View,TIMBERWOLF MINERALS LLC
https://okcountyrecords.com/detail/Grady/2021-010023,1,Grady,2021-07-22,2021-010023,Mineral Deed,5906,0140 - 0142,"MURDOCH, BRUCE THOMAS",TIMBERWOLF MINERALS LLC,S13 T9N R5W,3 : View,TIMBERWOLF MINERALS LLC
https://okcountyrecords.com/detail/Grady/2021-010024,1,Grady,2021-07-22,2021-010024,Mineral Deed,5906,0143 - 0145,"SCHUMAN, MARC",TIMBERWOLF MINERALS LLC,S04 T7N R5W,3 : View,TIMBERWOLF MINERALS LLC
https://okcountyrecords.com/detail/McClain/2021-009801,2,McClain,2021-07-23,2021-009801,Mineral Deed,2718,0563 - 0565,TIMBERWOLF MINERALS LLC,ECKARD LAND & ACQUISITION LLC,3 6N4W,3 : View,TIMBERWOLF MINERALS LLC
https://okcountyrecords.com/detail/McClain/2021-009802,1,McClain,2021-07-23,2021-009802,Mineral Deed,2718,0566 - 0568,TIMBERWOLF MINERALS LLC,ECKARD LAND & ACQUISITION LLC,"16, 17, 23 7N4W",3 : View,TIMBERWOLF MINERALS LLC
https://okcountyrecords.com/detail/McClain/2021-009803,1,McClain,2021-07-23,2021-009803,Mineral Deed,2718,0569 - 0571,TIMBERWOLF MINERALS LLC,ECKARD LAND & ACQUISITION LLC,"16, 17, 23 7N4W",3 : View,TIMBERWOLF MINERALS LLC
https://okcountyrecords.com/detail/McClain/2021-009804,1,McClain,2021-07-23,2021-009804,Mineral Deed,2718,0572 - 0574,TIMBERWOLF MINERALS LLC,ECKARD LAND & ACQUISITION LLC,22 7N4W,3 : View,TIMBERWOLF MINERALS LLC
