url,Rank,County,Recorded,Instrument,Type,Book,Page(s),Grantor,Grantee,Legal Description,Images,company
https://okcountyrecords.com/detail/Kingfisher/2018-011183,1,Kingfisher,2018-11-19,2018-011183,Assignment,3183,0019 - 0024,"MOUTAINFORK ENERGY, LLC","TIMBERWOLF MINERALS, LLC",S3 T16N R07W SW S3 T16N R07W N2 SE 4 more…,6 : View,TIMBERWOLF MINERALS LLC
https://okcountyrecords.com/detail/Kingfisher/2018-011184,1,Kingfisher,2018-11-19,2018-011184,MINERAL DEED,3183,0025 - 0027,"WEDMAN, MICHAEL V.","TIMBERWOLF MINERALS, LLC",S22 T15N R06W SE S35 T15N R06W NW 1 more…,3 : View,TIMBERWOLF MINERALS LLC
https://okcountyrecords.com/detail/Kingfisher/2018-011185,1,Kingfisher,2018-11-19,2018-011185,MINERAL DEED,3183,0028 - 0032,"EVERY, JASON LANE REMAINDERMEN EVERY, ALAN RYAN REMAINDERMEN EVERY, DUANE ALAN LIFE TENANT","TIMBERWOLF MINERALS, LLC",S13 T16N R09W SE,5 : View,TIMBERWOLF MINERALS LLC
https://okcountyrecords.com/detail/Kingfisher/2018-011186,3,Kingfisher,2018-11-19,2018-011186,MINERAL DEED,3183,0033 - 0035,"TIMBERWOLF MINERALS, LLC","CHERRY CREEK MINERALS, LLC",S35 T15N R09W W2 SW Partial,3 : View,TIMBERWOLF MINERALS LLC
https://okcountyrecords.com/detail/Kingfisher/2018-011187,1,Kingfisher,2018-11-19,2018-011187,MINERAL DEED,3183,0036 - 0038,"TIMBERWOLF MINERALS, LLC","CHERRY CREEK MINERALS, LLC",S14 T15N R06W N2 SW S14 T15N R06W SE Partial,3 : View,TIMBERWOLF MINERALS LLC
https://okcountyrecords.com/detail/Kingfisher/2018-011188,1,Kingfisher,2018-11-19,2018-011188,MINERAL DEED,3183,0039 - 0041,"TIMBERWOLF MINERALS, LLC","CHERRY CREEK MINERALS, LLC",S13 T16N R09W SE,3 : View,TIMBERWOLF MINERALS LLC
https://okcountyrecords.com/detail/Kingfisher/2018-011189,3,Kingfisher,2018-11-19,2018-011189,MINERAL DEED,3183,0042 - 0044,"TIMBERWOLF MINERALS, LLC","CHERRY CREEK MINERALS, LLC",S22 T15N R06W SE S35 T15N R06W NW 1 more…,3 : View,TIMBERWOLF MINERALS LLC
https://okcountyrecords.com/detail/Blaine/2018-007645,1,Blaine,2018-11-19,2018-007645,Mineral Deed,1366,0419 - 0421,"GIRARD, CHESTER R. TRUSTEE GIRARD, ROSEMARY S. TRUSTEE THE CHESTER R. GIRARD & ROSEMARY S. GIRARD FAMILY","TIMBERWOLF MINERALS, LLC",S33 T14N R11W SW,3 : View,TIMBERWOLF MINERALS LLC
https://okcountyrecords.com/detail/Blaine/2018-007646,1,Blaine,2018-11-19,2018-007646,Mineral Deed,1366,0422 - 0424,"HAZEL, MURRAL","TIMBERWOLF MINERALS, LLC",S18 T16N R13W NE,3 : View,TIMBERWOLF MINERALS LLC
https://okcountyrecords.com/detail/Kingfisher/2018-011246,1,Kingfisher,2018-11-20,2018-011246,MINERAL DEED,3183,0354 - 0356,"EVERY, MARK EDWARD","TIMBERWOLF MINERALS, LLC",S31 T16N R09W SE,3 : View,TIMBERWOLF MINERALS LLC
https://okcountyrecords.com/detail/Kingfisher/2018-011247,1,Kingfisher,2018-11-20,2018-011247,MINERAL DEED,3183,0357 - 0359,"O'SHEA, LYNN DIANE","TIMBERWOLF MINERALS, LLC",S13 T16N R09W SE,3 : View,TIMBERWOLF MINERALS LLC
https://okcountyrecords.com/detail/Kingfisher/2018-011248,1,Kingfisher,2018-11-20,2018-011248,MINERAL DEED,3183,0360 - 0362,"WEDMAN, GARY FRANCIS","TIMBERWOLF MINERALS, LLC",S31 T15N R06W N2 NW,3 : View,TIMBERWOLF MINERALS LLC
https://okcountyrecords.com/detail/Kingfisher/2018-011249,1,Kingfisher,2018-11-20,2018-011249,MINERAL DEED,3183,0363 - 0365,"BELANGER, LLC","TIMBERWOLF MINERALS, LLC",S18 T15N R08W NE,3 : View,TIMBERWOLF MINERALS LLC
https://okcountyrecords.com/detail/Kingfisher/2018-011362,1,Kingfisher,2018-11-26,2018-011362,MINERAL DEED,3184,0284 - 0286,"WITTROCK, HAROLD J. FAMILY TRUST","TIMBERWOLF MINERALS, LLC",S36 T15N R07W N2 SW,3 : View,TIMBERWOLF MINERALS LLC
https://okcountyrecords.com/detail/Kingfisher/2018-011363,1,Kingfisher,2018-11-26,2018-011363,MINERAL DEED,3184,0287 - 0289,"WITTROCK, CAROLYN S. FAMILY TRUST","TIMBERWOLF MINERALS, LLC",S36 T15N R07W N2 SW,3 : View,TIMBERWOLF MINERALS LLC
