url,Rank,County,Recorded,Instrument,Type,Book,Page(s),Grantor,Grantee,Legal Description,Images,company
https://okcountyrecords.com/detail/Kingfisher/2017-002419,1,Kingfisher,2017-03-01,2017-002419,MINERAL DEED,2991,0320 - 0322,"VAN TUYL, GEORGENIA A. PERSONAL REPRESENTATIVE","TIMBERWOLF MINERALS, LLC",S31 T15N R08W SE S31 T15N R08W NE,3 : View,TIMBERWOLF MINERALS LLC
https://okcountyrecords.com/detail/Blaine/2017-002093,1,Blaine,2017-03-01,2017-002093,Mineral Deed,1266,0001 - 0003,"MARGERUM, CHRISTI LAVERNE",TIMBERWOLF MINERALS LLC,S11 T13N R12W SE S14 T13N R12W E2 NE,3 : View,TIMBERWOLF MINERALS LLC
https://okcountyrecords.com/detail/Blaine/2017-002094,1,Blaine,2017-03-01,2017-002094,Mineral Deed,1266,0004 - 0006,"MCQUEEN, H. LEON",TIMBERWOLF MINERALS LLC,S36 T14N R12W NE,3 : View,TIMBERWOLF MINERALS LLC
https://okcountyrecords.com/detail/Blaine/2017-002095,1,Blaine,2017-03-01,2017-002095,Mineral Deed,1266,0007 - 0009,"MARGERUM, GEORGE LAWRENCE",TIMBERWOLF MINERALS LLC,S11 T13N R12W SE S14 T13N R12W E2 NE,3 : View,TIMBERWOLF MINERALS LLC
https://okcountyrecords.com/detail/Kingfisher/2017-002466,1,Kingfisher,2017-03-02,2017-002466,MINERAL DEED,2991,0468 - 0470,"BYARS, RICHARD CAMP BYARS, PHILLIP CAVANAUGH BYARS, DAVID BRUCE ATF BYARS, GERALDINE","TIMBERWOLF MINERALS, LLC",S16 T16N R08W SW,3 : View,TIMBERWOLF MINERALS LLC
https://okcountyrecords.com/detail/Blaine/2017-002199,1,Blaine,2017-03-02,2017-002199,Mineral Deed,1266,0364 - 0366,"BRANNON, RUSSELL H.",TIMBERWOLF MINERALS LLC,S24 T15N R10W E2 E2,3 : View,TIMBERWOLF MINERALS LLC
https://okcountyrecords.com/detail/Blaine/2017-002234,1,Blaine,2017-03-03,2017-002234,Mineral Deed,1266,0485 - 0487,"INMAN, MEG GREGSON, PER REP GREGSON, MARY BOGGS, ESTATE OF",TIMBERWOLF MINERALS LLC,S28 T15N R12W NW,3 : View,TIMBERWOLF MINERALS LLC
https://okcountyrecords.com/detail/Kingfisher/2017-002542,1,Kingfisher,2017-03-03,2017-002542,MINERAL DEED,2992,0170 - 0172,"DINSMORE, MARVIN B JR","TIMBERWOLF MINERALS, LLC",S16 T16N R08W SW,3 : View,TIMBERWOLF MINERALS LLC
https://okcountyrecords.com/detail/Blaine/2017-002313,1,Blaine,2017-03-06,2017-002313,Mineral Deed,1267,0005 - 0007,"BRANNON, RUSSELL H.",TIMBERWOLF MINERALS LLC,S24 T15N R10W E2 E2,3 : View,TIMBERWOLF MINERALS LLC
https://okcountyrecords.com/detail/Blaine/2017-002461,1,Blaine,2017-03-09,2017-002461,Mineral Deed,1267,0613 - 0615,"SMITH, WHITNEY LEE",TIMBERWOLF MINERALS LLC,S22 T13N R12W SW SE,3 : View,TIMBERWOLF MINERALS LLC
https://okcountyrecords.com/detail/Kingfisher/2017-002831,1,Kingfisher,2017-03-10,2017-002831,MINERAL DEED,2995,0001 - 0003,"TIMBERWOLF MINERALS, LLC","LONGPOINT MINERALS, LLC",S16 T16N R08W SW,3 : View,TIMBERWOLF MINERALS LLC
https://okcountyrecords.com/detail/Kingfisher/2017-002832,1,Kingfisher,2017-03-10,2017-002832,MINERAL DEED,2995,0004 - 0006,"TIMBERWOLF MINERALS, LLC","LONGPOINT MINERALS, LLC",S16 T16N R08W SW,3 : View,TIMBERWOLF MINERALS LLC
https://okcountyrecords.com/detail/Kingfisher/2017-002833,1,Kingfisher,2017-03-10,2017-002833,MINERAL DEED,2995,0007 - 0009,"TIMBERWOLF MINERAL, LLC","LONGPOINT MINERALS, LLC",S9 T15N R08W NE S9 T15N R08W S2 SE 2 more…,3 : View,TIMBERWOLF MINERALS LLC
https://okcountyrecords.com/detail/Kingfisher/2017-002834,1,Kingfisher,2017-03-10,2017-002834,MINERAL DEED,2995,0010 - 0012,"TIMBERWOLF MINERALS, LLC","LONGPOINT MINERALS, LLC",S36 T17N R08W SW S35 T17N R08W SE,3 : View,TIMBERWOLF MINERALS LLC
https://okcountyrecords.com/detail/Kingfisher/2017-002835,1,Kingfisher,2017-03-10,2017-002835,MINERAL DEED,2995,0013 - 0015,"TIMBERWOLF MINERALS, LLC","LONGPOINT MINERALS, LLC",S22 T17N R09W NE S21 T17N R09W NW 1 more…,3 : View,TIMBERWOLF MINERALS LLC
