url,Rank,County,Recorded,Instrument,Type,Book,Page(s),Grantor,Grantee,Legal Description,Images,company
https://okcountyrecords.com/detail/Kingfisher/2016-010989,1,Kingfisher,2016-09-28,2016-010989,MINERAL DEED,2924,0302 - 0304,"BINGMAN, JAMES KENT","TIMBERWOLF MINERALS, LLC",S16 T16N R08W SW,3 : View,TIMBERWOLF MINERALS LLC
https://okcountyrecords.com/detail/Blaine/2016-018654,1,Blaine,2016-09-29,2016-018654,Mineral Deed,1239,0161 - 0163,"RAMSEY, WAYNE L.",TIMBERWOLF MINERALS LLC,S11 T14N R11W S2 E2 NE,3 : View,TIMBERWOLF MINERALS LLC
https://okcountyrecords.com/detail/Blaine/2016-018730,1,Blaine,2016-09-30,2016-018730,Mineral Deed,1239,0394 - 0396,"JOLIFF, ELAIN B. AND LARRY L.",TIMBERWOLF MINERALS LLC,S14 T14N R11W SW,3 : View,TIMBERWOLF MINERALS LLC
https://okcountyrecords.com/detail/Blaine/2016-018731,1,Blaine,2016-09-30,2016-018731,Mineral Deed,1239,0397 - 0399,THE GREENWOOD TRUST,TIMBERWOLF MINERALS LLC,S14 T14N R11W SW,3 : View,TIMBERWOLF MINERALS LLC
https://okcountyrecords.com/detail/Kingfisher/2016-011142,1,Kingfisher,2016-09-30,2016-011142,MINERAL DEED,2925,0284 - 0286,"LANOUETTE, GARY RANDAL","TIMBERWOLF MINERALS, LLC",S33 T17N R09W NW S36 T15N R06W NW,3 : View,TIMBERWOLF MINERALS LLC
https://okcountyrecords.com/detail/Kingfisher/2016-011143,1,Kingfisher,2016-09-30,2016-011143,MINERAL DEED,2925,0287 - 0289,"FRISBEE, LISA","TIMBERWOLF MINERALS, LLC",S21 T19N R08W NE,3 : View,TIMBERWOLF MINERALS LLC
https://okcountyrecords.com/detail/Blaine/2016-018752,1,Blaine,2016-10-03,2016-018752,Mineral Deed,1239,0464 - 0466,"YOCUM, GARRETT DEAN YOCUM, LYNNE ANNE",TIMBERWOLF MINERALS LLC,S35 T14N R12W SW,3 : View,TIMBERWOLF MINERALS LLC
https://okcountyrecords.com/detail/Blaine/2016-018856,1,Blaine,2016-10-04,2016-018856,Mineral Deed,1240,0084 - 0086,TIMBERWOLF MINERALS LLC,LONGPOINT MINERALS LLC,S08 T16N R13W W2 NE,3 : View,TIMBERWOLF MINERALS LLC
https://okcountyrecords.com/detail/Blaine/2016-018857,1,Blaine,2016-10-04,2016-018857,Mineral Deed,1240,0087 - 0089,TIMBERWOLF MINERALS LLC,LONGPOINT MINERALS LLC,S30 T16N R13W SE,3 : View,TIMBERWOLF MINERALS LLC
https://okcountyrecords.com/detail/Blaine/2016-018952,1,Blaine,2016-10-06,2016-018952,Mineral Deed,1240,0419 - 0421,"TIMBERWOLF MINERALS, LLC WILLIAMS, CHASE Z. MANAGER","LONGPOINT MINERALS, LLC",S35 T15N R10W S2 SE,3 : View,TIMBERWOLF MINERALS LLC
https://okcountyrecords.com/detail/Blaine/2016-019313,1,Blaine,2016-10-14,2016-019313,Mineral Deed,1241,0682 - 0684,"PHILLIPS, BILLY W. PHILLIPS, CARRIE ANNABELLE",TIMBERWOLF MINERALS LLC,S08 T15N R13W,3 : View,TIMBERWOLF MINERALS LLC
https://okcountyrecords.com/detail/Blaine/2016-019435,1,Blaine,2016-10-18,2016-019435,Mineral Deed,1242,0348 - 0350,"TRIPLETT, BETTY JEWEL, TRUSTEE KIRK, CLAUDIA SUE, ATTOR-IN-FACT BETTY TRIPLETT",TIMBERWOLF MINERALS LLC,S24 T17N R10W SW,3 : View,TIMBERWOLF MINERALS LLC
https://okcountyrecords.com/detail/Blaine/2016-019719,1,Blaine,2016-10-25,2016-019719,Mineral Deed,1243,0487 - 0489,"LAMPMAN, GERALDINE A. TRUSTEE WILLIAM H. LAMPMAN & GERALDINE A. LAMPMAN 1994 TR","TIMBERWOLF MINERALS, LLC",S30 T13N R13W E2 W2 S30 T13N R13W L1-4,3 : View,TIMBERWOLF MINERALS LLC
https://okcountyrecords.com/detail/Blaine/2016-019720,1,Blaine,2016-10-25,2016-019720,Mineral Deed,1243,0490 - 0492,"SCOTT, DONNA J. TRUSTEE E. NEIL SCOTT 1988 REVOCABLE TRUST SCOTT, E. NEIL TRUSTEE","TIMBERWOLF MINERALS, LLC",S27 T14N R11W NW,3 : View,TIMBERWOLF MINERALS LLC
https://okcountyrecords.com/detail/Blaine/2016-019721,1,Blaine,2016-10-25,2016-019721,Mineral Deed,1243,0493 - 0495,"PETTICREW, HARRY E PETTICREW, DIXIE L","TIMBERWOLF MINERALS, LLC",S29 T14N R11W NW,3 : View,TIMBERWOLF MINERALS LLC
