url,Rank,County,Recorded,Instrument,Type,Book,Page(s),Grantor,Grantee,Legal Description,Images,company
https://okcountyrecords.com/detail/Grady/2017-018183,3,Grady,2017-08-14,2017-018183,Mineral Deed,5270,0337 - 0339,TIMBERWOLF MINERALS LLC,LONGPOINT MINERALS LLC,S31 T9N R5W S29 T9N R6W 1 more…,3 : View,TIMBERWOLF MINERALS LLC
https://okcountyrecords.com/detail/Grady/2017-018182,1,Grady,2017-08-14,2017-018182,Mineral Deed,5270,0334 - 0336,TIMBERWOLF MINERALS LLC,LONGPOINT MINERALS LLC,S31 T9N R5W S29 T9N R6W 3 more…,3 : View,TIMBERWOLF MINERALS LLC
https://okcountyrecords.com/detail/Grady/2017-018181,3,Grady,2017-08-14,2017-018181,Mineral Deed,5270,0331 - 0333,TIMBERWOLF MINERALS LLC,LONGPOINT MINERALS LLC,S31 T9N R5W S29 T9N R6W 1 more…,3 : View,TIMBERWOLF MINERALS LLC
https://okcountyrecords.com/detail/Grady/2017-018180,1,Grady,2017-08-14,2017-018180,Mineral Deed,5270,0328 - 0330,TIMBERWOLF MINERALS LLC,LONGPOINT MINERALS LLC,S22 T6N R6W,3 : View,TIMBERWOLF MINERALS LLC
https://okcountyrecords.com/detail/Grady/2017-018179,1,Grady,2017-08-14,2017-018179,Mineral Deed,5270,0325 - 0327,TIMBERWOLF MINERALS LLC,LONGPOINT MINERALS LLC,S30 T7N R5W,3 : View,TIMBERWOLF MINERALS LLC
https://okcountyrecords.com/detail/Grady/2017-018178,3,Grady,2017-08-14,2017-018178,Mineral Deed,5270,0322 - 0324,TIMBERWOLF MINERALS LLC,LONGPOINT MINERALS LLC,S20 T10N R8W S29 T10N R8W 2 more…,3 : View,TIMBERWOLF MINERALS LLC
https://okcountyrecords.com/detail/Grady/2017-018177,1,Grady,2017-08-14,2017-018177,Mineral Deed,5270,0319 - 0321,TIMBERWOLF MINERALS LLC,LONGPOINT MINERALS LLC,S09 T8N R5W,3 : View,TIMBERWOLF MINERALS LLC
https://okcountyrecords.com/detail/Custer/2017-005804,1,Custer,2017-08-14,2017-005804,Mineral Deed,1768,0103 - 0105,"WILKINSON, RITA KAYE WILKINSON, RITA KAY",TIMBERWOLF MINERALS LLC,S33 T15N R14W NW,3 : View,TIMBERWOLF MINERALS LLC
https://okcountyrecords.com/detail/Kingfisher/2017-009117,1,Kingfisher,2017-08-14,2017-009117,MINERAL DEED,3050,0295 - 0297,"TIMBERWOLF MINERALS, LLC","LONGPOINT MINERALS, LLC",S22 T17N R08W SW,3 : View,TIMBERWOLF MINERALS LLC
https://okcountyrecords.com/detail/Kingfisher/2017-009118,3,Kingfisher,2017-08-14,2017-009118,MINERAL DEED,3050,0298 - 0300,"TIMBERWOLF MINERALS, LLC","LONGPOINT MINERALS, LLC",LEGALS NOT IN OUR COUNTY,3 : View,TIMBERWOLF MINERALS LLC
https://okcountyrecords.com/detail/Blaine/2017-007798,1,Blaine,2017-08-14,2017-007798,Mineral Deed,1296,0564 - 0566,TIMBERWOLF MINERALS LLC,LONGPOINT MINERALS LLC,S07 T15N R13W NE S03 T15N R10W W2 SW,3 : View,TIMBERWOLF MINERALS LLC
https://okcountyrecords.com/detail/Blaine/2017-007799,1,Blaine,2017-08-14,2017-007799,Mineral Deed,1296,0567 - 0569,TIMBERWOLF MINERALS LLC,LONGPOINT MINERALS LLC,S07 T15N R13W NE S11 T15N R11W N2 SW 2 more…,3 : View,TIMBERWOLF MINERALS LLC
https://okcountyrecords.com/detail/Blaine/2017-007800,1,Blaine,2017-08-14,2017-007800,Mineral Deed,1296,0570 - 0572,TIMBERWOLF MINERALS LLC,LONGPOINT MINERALS LLC,S03 T15N R10W W2 SW S19 T15N R10W E2 SE 3 more…,3 : View,TIMBERWOLF MINERALS LLC
https://okcountyrecords.com/detail/Blaine/2017-007801,3,Blaine,2017-08-14,2017-007801,Mineral Deed,1296,0573 - 0575,TIMBERWOLF MINERALS LLC,LONGPOINT MINERALS LLC,S23 T14N R12W NW S24 T14N R12W S2,3 : View,TIMBERWOLF MINERALS LLC
https://okcountyrecords.com/detail/Blaine/2017-007802,1,Blaine,2017-08-14,2017-007802,Mineral Deed,1296,0576 - 0578,TIMBERWOLF MINERALS LLC,LONGPOINT MINERALS LLC,S05 T15N R11W NW,3 : View,TIMBERWOLF MINERALS LLC
