url,Rank,County,Recorded,Instrument,Type,Book,Page(s),Grantor,Grantee,Legal Description,Images,company
https://okcountyrecords.com/detail/Blaine/2017-005460,1,Blaine,2017-06-05,2017-005460,Mineral Deed,1283,0541 - 0543,"MOON, GARY",TIMBERWOLF MINERALS LLC,S21 T15N R12W SW S21 T15N R12W NW,3 : View,TIMBERWOLF MINERALS LLC
https://okcountyrecords.com/detail/Blaine/2017-005461,1,Blaine,2017-06-05,2017-005461,Mineral Deed,1283,0544 - 0546,"NITZEL, SHIRLENE D",TIMBERWOLF MINERALS LLC,S24 T15N R12W W2,3 : View,TIMBERWOLF MINERALS LLC
https://okcountyrecords.com/detail/Blaine/2017-005462,1,Blaine,2017-06-05,2017-005462,Mineral Deed,1283,0547 - 0549,"NITZEL, SHIRLENE D",TIMBERWOLF MINERALS LLC,S13 T15N R12W NE S13 T15N R12W N2 SE,3 : View,TIMBERWOLF MINERALS LLC
https://okcountyrecords.com/detail/Blaine/2017-005463,1,Blaine,2017-06-05,2017-005463,Mineral Deed,1283,0550 - 0552,"SLAGELL, STEPHEN",TIMBERWOLF MINERALS LLC,S05 T13N R13W SW S07 T13N R13W S2 SE 4 more…,3 : View,TIMBERWOLF MINERALS LLC
https://okcountyrecords.com/detail/Blaine/2017-005464,1,Blaine,2017-06-05,2017-005464,Mineral Deed,1283,0553 - 0555,"MOL, CELIA",TIMBERWOLF MINERALS LLC,S05 T13N R13W SW S07 T13N R13W S2 SE 4 more…,3 : View,TIMBERWOLF MINERALS LLC
https://okcountyrecords.com/detail/Blaine/2017-005465,1,Blaine,2017-06-05,2017-005465,Mineral Deed,1283,0556 - 0558,"UNRUH, ELAINE",TIMBERWOLF MINERALS LLC,S05 T13N R13W SW S07 T13N R13W S2 SE 4 more…,3 : View,TIMBERWOLF MINERALS LLC
https://okcountyrecords.com/detail/Grady/2017-012755,1,Grady,2017-06-05,2017-012755,Mineral Deed,5232,0341 - 0343,TIMBERWOLF MINERALS LLC,LONGPOINT MINERALS LLC,S29 T8N R7W,3 : View,TIMBERWOLF MINERALS LLC
https://okcountyrecords.com/detail/Custer/2017-004140,2,Custer,2017-06-05,2017-004140,Mineral Deed,1759,0205 - 0207,TIMBERWOLF MINERALS LLC,MEP MID-CON III LLC,S22 T15N R14W W2 S27 T15N R14W W2 NW,3 : View,TIMBERWOLF MINERALS LLC
https://okcountyrecords.com/detail/Custer/2017-004141,1,Custer,2017-06-05,2017-004141,Mineral Deed,1759,0208 - 0210,TIMBERWOLF MINERALS LLC,MEP MID-CON III LLC,S35 T15N R14W NE,3 : View,TIMBERWOLF MINERALS LLC
https://okcountyrecords.com/detail/Custer/2017-004142,2,Custer,2017-06-05,2017-004142,Mineral Deed,1759,0211 - 0213,TIMBERWOLF MINERALS LLC,MEP MID-CON III LLC,S23 T15N R15W NW,3 : View,TIMBERWOLF MINERALS LLC
https://okcountyrecords.com/detail/Kingfisher/2017-006622,1,Kingfisher,2017-06-05,2017-006622,MINERAL DEED,3028,0237 - 0239,"SAGER, AMY K. SAGER, BRIAN","TIMBERWOLF MINERALS, LLC",S20 T17N R09W S2 NW S20 T17N R09W SW,3 : View,TIMBERWOLF MINERALS LLC
https://okcountyrecords.com/detail/Kingfisher/2017-006623,1,Kingfisher,2017-06-05,2017-006623,MINERAL DEED,3028,0240 - 0242,"SAGER, AMY K. SAGER, BRIAN","TIMBERWOLF MINERALS, LLC",S20 T17N R09W S2 NW S20 T17N R09W SW,3 : View,TIMBERWOLF MINERALS LLC
https://okcountyrecords.com/detail/Kingfisher/2017-006624,1,Kingfisher,2017-06-05,2017-006624,MINERAL DEED,3028,0243 - 0245,"TIMBERWOLF MINERALS, LLC","LONGPOINT ,INERALS, LLC",S21 T17N R08W NW NW Partial,3 : View,TIMBERWOLF MINERALS LLC
https://okcountyrecords.com/detail/Kingfisher/2017-006625,1,Kingfisher,2017-06-05,2017-006625,MINERAL DEED,3028,0246 - 0248,"TIMBERWOLF MINERALS, LLC","LONGPOINT ,INERALS, LLC",S24 T15N R08W W2 SW,3 : View,TIMBERWOLF MINERALS LLC
https://okcountyrecords.com/detail/Kingfisher/2017-006626,2,Kingfisher,2017-06-05,2017-006626,MINERAL DEED,3028,0249 - 0251,"TIMBERWOLF MINERALS, LLC","LONGPOINT ,INERALS, LLC",S18 T15N R07W NE S31 T16N R06W E2 SW 1 more…,3 : View,TIMBERWOLF MINERALS LLC
