url,Rank,County,Recorded,Instrument,Type,Book,Page(s),Grantor,Grantee,Legal Description,Images,company
https://okcountyrecords.com/detail/Blaine/2019-006311,2,Blaine,2019-12-19,2019-006311,Assignment Of Overriding Royalty,1415,0498 - 0506,SHADOW CREEK ENERGY ORRI LLC,TIMBERWOLF MINERALS LLC,S06 T16N R12W S17 T16N R11W 2 more…,9 : View,TIMBERWOLF MINERALS LLC
https://okcountyrecords.com/detail/Blaine/2019-006312,2,Blaine,2019-12-19,2019-006312,Mineral Deed,1415,0507 - 0510,SHADOW CREEK ENERGY ORRI LLC,TIMBERWOLF MINERALS LLC,S03 T16N R13W SE,4 : View,TIMBERWOLF MINERALS LLC
https://okcountyrecords.com/detail/Blaine/2019-006313,1,Blaine,2019-12-19,2019-006313,Personal Representative Mineral Deed,1415,0511 - 0514,"MORRIS, RICHARD B.",TIMBERWOLF MINERALS LLC,S01 T15N R12W S2 NE L1-3,4 : View,TIMBERWOLF MINERALS LLC
https://okcountyrecords.com/detail/Kingfisher/2019-009401,1,Kingfisher,2019-12-19,2019-009401,Assignment,3281,0144 - 0150,"SHADOW CREEK ORRI II, LLC","TIMBERWOLF MINERALS, LLC",S25 T15N R06W A,7 : View,TIMBERWOLF MINERALS LLC
https://okcountyrecords.com/detail/Kingfisher/2019-009402,3,Kingfisher,2019-12-19,2019-009402,MINERAL DEED,3281,0151 - 0154,"SHADOW CREEK MINERALS, LLC","TIMBERWOLF MINERALS, LLC",S16 T17N R09W NW,4 : View,TIMBERWOLF MINERALS LLC
https://okcountyrecords.com/detail/Kingfisher/2019-009563,3,Kingfisher,2019-12-31,2019-009563,MINERAL DEED,3282,0351 - 0353,"TIMBERWOLF MINERALS, LLC","CHERRY CREEK MINERALS, LLC",S16 T17N R09W NW,3 : View,TIMBERWOLF MINERALS LLC
https://okcountyrecords.com/detail/Kingfisher/2019-009564,3,Kingfisher,2019-12-31,2019-009564,Assignment,3282,0354 - 0359,"TIMBERWOLF MINERALS, LLC","CHERRY CREEK MINERALS, LLC",S25 T15N R06W A,6 : View,TIMBERWOLF MINERALS LLC
https://okcountyrecords.com/detail/Blaine/2019-006418,1,Blaine,2019-12-31,2019-006418,Mineral Deed,1416,0376 - 0378,"WRIGHT, JEAN A., TRUSTEE JEAN A WRIGHT REVOCABLE TRUST",TIMBERWOLF MINERALS LLC,S25 T16N R12W SW SW S07 T15N R10W NE 2 more…,3 : View,TIMBERWOLF MINERALS LLC
https://okcountyrecords.com/detail/Blaine/2019-006419,1,Blaine,2019-12-31,2019-006419,Mineral Deed,1416,0379 - 0381,"ALEXANDER II, CLYDE H., TRUSTEE CLYDE H ALEXANDER II REVOCABLE TRUST",TIMBERWOLF MINERALS LLC,S25 T16N R12W SW SW S07 T15N R10W NE 2 more…,3 : View,TIMBERWOLF MINERALS LLC
https://okcountyrecords.com/detail/Blaine/2019-006420,3,Blaine,2019-12-31,2019-006420,Mineral Deed,1416,0382 - 0384,TIMBERWOLF MINERALS LLC,CHERRY CREEK MINERALS LLC,S19 T16N R11W TOWN OF WATONGA B4 L7-8 4 more…,3 : View,TIMBERWOLF MINERALS LLC
https://okcountyrecords.com/detail/Blaine/2019-006421,3,Blaine,2019-12-31,2019-006421,Mineral Deed,1416,0385 - 0387,TIMBERWOLF MINERALS LLC,CHERRY CREEK MINERALS LLC,S03 T16N R13W SE,3 : View,TIMBERWOLF MINERALS LLC
https://okcountyrecords.com/detail/Blaine/2019-006422,3,Blaine,2019-12-31,2019-006422,Mineral Deed,1416,0388 - 0390,TIMBERWOLF MINERALS LLC,CHERRY CREEK MINERALS LLC,S25 T16N R12W SW SW S07 T15N R10W NE 1 more…,3 : View,TIMBERWOLF MINERALS LLC
https://okcountyrecords.com/detail/Blaine/2019-006423,3,Blaine,2019-12-31,2019-006423,Mineral Deed,1416,0391 - 0393,TIMBERWOLF MINERALS LLC,CHERRY CREEK MINERALS LLC,S01 T15N R12W S2 NE L1-3,3 : View,TIMBERWOLF MINERALS LLC
https://okcountyrecords.com/detail/Blaine/2019-006424,3,Blaine,2019-12-31,2019-006424,Assignment Of Overriding Royalty,1416,0394 - 0401,TIMBERWOLF MINERALS LLC,CHERRY CREEK MINERALS LLC,S06 T16N R12W S17 T16N R11W 2 more…,8 : View,TIMBERWOLF MINERALS LLC
https://okcountyrecords.com/detail/Kingfisher/2020-000268,1,Kingfisher,2020-01-17,2020-000268,Disclaimer,3285,0078 - 0079,"TIMBERWOLF MINERALS, LLC",PUBLIC,S34 T18N R06W SW SW S34 T18N R06W E2 SE SW,2 : View,TIMBERWOLF MINERALS LLC
