url,Rank,County,Recorded,Instrument,Type,Book,Page(s),Grantor,Grantee,Legal Description,Images,company
https://okcountyrecords.com/detail/Blaine/2019-004758,3,Blaine,2019-09-09,2019-004758,Mineral Deed,1405,0041 - 0043,TIMBERWOLF MINERALS LLC,CHERRY CREEK MINERALS LLC,S04 T16N R13W SW NW NE,3 : View,TIMBERWOLF MINERALS LLC
https://okcountyrecords.com/detail/Grady/2019-014449,1,Grady,2019-09-10,2019-014449,Mineral Deed,5641,0118 - 0120,TIMBERWOLF MINERALS LLC,PEAK ENERGY LLC,S09 T8N R6W,3 : View,TIMBERWOLF MINERALS LLC
https://okcountyrecords.com/detail/Garvin/2019-007199,2,Garvin,2019-09-11,2019-007199,MINERAL DEED,2279,0556 - 0558,TIMBERWOLF MINERALS LLC,BELLE TRACE RESOURCES LLC,S8 T3N R3W N2 SW Partial S8 T3N R3W NE SE SW 3 more…,3 : View,TIMBERWOLF MINERALS LLC
https://okcountyrecords.com/detail/Garvin/2019-007293,1,Garvin,2019-09-12,2019-007293,MINERAL DEED,2279,0886 - 0888,HOLT ROYALTY LLC,TIMBERWOLF MINERALS LLC,S23 T2N R3W SE SE S23 T2N R3W N2 N2 N2 2 more…,3 : View,TIMBERWOLF MINERALS LLC
https://okcountyrecords.com/detail/Kingfisher/2019-007373,1,Kingfisher,2019-09-20,2019-007373,MINERAL DEED,3262,0504 - 0506,"HAILEY, JACOB","TIMBERWOLF MINERALS, LLC",S13 T15N R07W SW,3 : View,TIMBERWOLF MINERALS LLC
https://okcountyrecords.com/detail/Blaine/2019-005047,1,Blaine,2019-09-25,2019-005047,Mineral Deed,1407,0175 - 0177,"SANDERS, MARY ANN, TRUSTEE JUMMY DAN AND MARY ANN SANDERS TRUST SANDERS, JIMMY DAN, TRUSTEE",TIMBERWOLF MINERALS LLC,S01 T16N R13W S2 NW L3-4,3 : View,TIMBERWOLF MINERALS LLC
https://okcountyrecords.com/detail/Blaine/2019-005050,1,Blaine,2019-09-26,2019-005050,Mineral Deed,1407,0219 - 0221,"TEETERS, DALE TEETERS, SUSAN",TIMBERWOLF MINERALS LLC,S01 T14N R13W SW S01 T14N R13W S2 NW,3 : View,TIMBERWOLF MINERALS LLC
https://okcountyrecords.com/detail/Blaine/2019-005051,1,Blaine,2019-09-26,2019-005051,Corrected Mineral Deed,1407,0222 - 0224,"HOOD, JANICE A., TRUSTEE HOOD FAMILY TRUST HOOD, LOUIS RAY, TRUSTEE",TIMBERWOLF MINERALS LLC,S10 T14N R12W N2 NW,3 : View,TIMBERWOLF MINERALS LLC
https://okcountyrecords.com/detail/Kingfisher/2019-007513,1,Kingfisher,2019-09-27,2019-007513,MINERAL DEED,3264,0261 - 0264,"DUFFY, ADAM LAYNE","TIMBERWOLF MINERALS, LLC",S13 T15N R07W SW,4 : View,TIMBERWOLF MINERALS LLC
https://okcountyrecords.com/detail/Garvin/2019-007803,1,Garvin,2019-09-27,2019-007803,MINERAL DEED,2282,0440 - 0442,"KENNEDY,PATRICK",TIMBERWOLF MINERALS LLC,S12 T3N R4W SW,3 : View,TIMBERWOLF MINERALS LLC
https://okcountyrecords.com/detail/Garvin/2019-007804,1,Garvin,2019-09-27,2019-007804,MINERAL DEED,2282,0443 - 0445,"KENNEDY,REBEKAH",TIMBERWOLF MINERALS LLC,S12 T3N R4W SW,3 : View,TIMBERWOLF MINERALS LLC
https://okcountyrecords.com/detail/Grady/2019-015586,1,Grady,2019-10-01,2019-015586,Mineral Deed,5651,0440 - 0443,TIMBERWOLF MINERALS LLC,"VENDERA MANAGEMENT III, LLC",S06 T8N R7W,4 : View,TIMBERWOLF MINERALS LLC
https://okcountyrecords.com/detail/Garvin/2019-007898,2,Garvin,2019-10-01,2019-007898,MINERAL DEED,2282,0798 - 0800,TIMBERWOLF MINERALS,CHERRY CREEK MINERALS LLC,S12 T3N R4W SW,3 : View,TIMBERWOLF MINERALS LLC
https://okcountyrecords.com/detail/Garvin/2019-007899,2,Garvin,2019-10-01,2019-007899,MINERAL DEED,2282,0801 - 0803,TIMBERWOLF MINERALS,CHERRY CREEK MINERALS LLC,S12 T3N R4W SW,3 : View,TIMBERWOLF MINERALS LLC
https://okcountyrecords.com/detail/Garvin/2019-007900,1,Garvin,2019-10-01,2019-007900,MINERAL DEED,2282,0804 - 0807,TIMBERWOLF MINERALS,VENDERA MANAGEMENT III LLC,S1 T2N R3W L1 Partial S1 T2N R3W S2 NE,4 : View,TIMBERWOLF MINERALS LLC
