url,Rank,County,Recorded,Instrument,Type,Book,Page(s),Grantor,Grantee,Legal Description,Images,company
https://okcountyrecords.com/detail/Blaine/2019-000711,3.0,Blaine,2019-02-12,2019-000711,Mineral Deed,1376,0155 - 0157,TIMBERWOLF MINERALS LLC,CHERRY CREEK MINERALS LLC,S12 T14N R13W S2,3 : View,TIMBERWOLF MINERALS LLC
https://okcountyrecords.com/detail/Blaine/2019-000712,3.0,Blaine,2019-02-12,2019-000712,Mineral Deed,1376,0158 - 0160,TIMBERWOLF MINERALS LLC,CHERRY CREEK MINERALS LLC,S21 T15N R12W SW S21 T15N R12W NW,3 : View,TIMBERWOLF MINERALS LLC
https://okcountyrecords.com/detail/Kingfisher/2019-001220,3.0,Kingfisher,2019-02-12,2019-001220,MINERAL DEED,3203,0540 - 0542,"TIMBERWOLF MINERALS, LLC","CHERRY CREEK MINERALS, LLC",S30 T15N R07W SE S30 T15N R07W E2 SW 1 more…,3 : View,TIMBERWOLF MINERALS LLC
https://okcountyrecords.com/detail/Kingfisher/2019-001221,3.0,Kingfisher,2019-02-12,2019-001221,MINERAL DEED,3203,0543 - 0545,"TIMBERWOLF MINERALS, LLC","CHERRY CREEK MINERALS, LLC",S35 T15N R08W NE,3 : View,TIMBERWOLF MINERALS LLC
https://okcountyrecords.com/detail/Kingfisher/2019-001222,3.0,Kingfisher,2019-02-12,2019-001222,MINERAL DEED,3203,0546 - 0548,"TIMBERWOLF MINERALS, LLC","CHERRY CREEK MINERALS, LLC",S30 T15N R07W SE S30 T15N R07W E2 SW 1 more…,3 : View,TIMBERWOLF MINERALS LLC
https://okcountyrecords.com/detail/Kingfisher/2019-001223,3.0,Kingfisher,2019-02-12,2019-001223,MINERAL DEED,3203,0549 - 0551,"TIMBERWOLF MINERALS, LLC","CHERRY CREEK MINERALS, LLC",S30 T15N R07W SE S30 T15N R07W E2 SW 1 more…,3 : View,TIMBERWOLF MINERALS LLC
https://okcountyrecords.com/detail/Kingfisher/2019-001224,3.0,Kingfisher,2019-02-12,2019-001224,MINERAL DEED,3203,0552 - 0554,"TIMBERWOLF MINERALS, LLC","CHERRY CREEK MINERALS, LLC",S14 T15N R06W N2 SW Partial S14 T15N R06W SE,3 : View,TIMBERWOLF MINERALS LLC
https://okcountyrecords.com/detail/Garvin/2019-001033,0.3,Garvin,2019-02-12,2019-001033,MINERAL DEED,2253,0558 - 0560,TIMBERWOLF MINERALS,CHERRY CREEK MINERALS LLC,S09 T2N R3W S2 NE S09 T2N R3W N2 SE,3 : View,TIMBERWOLF MINERALS LLC
https://okcountyrecords.com/detail/Garvin/2019-001034,2.0,Garvin,2019-02-12,2019-001034,MINERAL DEED,2253,0561 - 0563,TIMBERWOLF MINERALS,CHERRY CREEK MINERALS LLC,S09 T2N R3W N2 SE S09 T2N R3W S2 NE,3 : View,TIMBERWOLF MINERALS LLC
https://okcountyrecords.com/detail/Kingfisher/2019-001225,3.0,Kingfisher,2019-02-12,2019-001225,MINERAL DEED,3203,0555 - 0557,"TIMBERWOLF MINERALS, LLC","CHERRY CREEK MINERALS, LLC",S36 T15N R07W N2 SW,3 : View,TIMBERWOLF MINERALS LLC
https://okcountyrecords.com/detail/Kingfisher/2019-001226,3.0,Kingfisher,2019-02-12,2019-001226,MINERAL DEED,3203,0558 - 0560,"TIMBERWOLF MINERALS, LLC","CHERRY CREEK MINERALS, LLC","S5 T15N R09W S2 NE Partial S5 T15N R09W L1,2",3 : View,TIMBERWOLF MINERALS LLC
https://okcountyrecords.com/detail/Kingfisher/2019-001227,3.0,Kingfisher,2019-02-12,2019-001227,MINERAL DEED,3203,0561 - 0563,"TIMBERWOLF MINERALS, LLC","CHERRY CREEK MINERALS, LLC","S5 T15N R09W S2 NE Partial S5 T15N R09W L1,2",3 : View,TIMBERWOLF MINERALS LLC
https://okcountyrecords.com/detail/Kingfisher/2019-001228,3.0,Kingfisher,2019-02-12,2019-001228,MINERAL DEED,3203,0564 - 0566,"TIMBERWOLF MINERALS, LLC","CHERRY CREEK MINERALS, LLC",S1 T16N R07W SW,3 : View,TIMBERWOLF MINERALS LLC
https://okcountyrecords.com/detail/Kingfisher/2019-001229,3.0,Kingfisher,2019-02-12,2019-001229,MINERAL DEED,3203,0567 - 0569,"TIMBERWOLF MINERALS, LLC","CHERRY CREEK MINERALS, LLC","S5 T15N R09W S2 NE Partial S5 T15N R09W L1,2",3 : View,TIMBERWOLF MINERALS LLC
https://okcountyrecords.com/detail/Kingfisher/2019-001230,3.0,Kingfisher,2019-02-12,2019-001230,MINERAL DEED,3203,0570 - 0572,"TIMBERWOLF MINERALS, LLC,","CHERRY CREEK MINERALS, LLC,",S36 T15N R07W N2 SW,3 : View,TIMBERWOLF MINERALS LLC
