url,Rank,County,Recorded,Instrument,Type,Book,Page(s),Grantor,Grantee,Legal Description,Images,company
https://okcountyrecords.com/detail/Blaine/2016-019981,1,Blaine,2016-11-02,2016-019981,Mineral Deed,1244,0666 - 0668,"TIMBERWOLF MINERALS, LLC WILLIAMS, CHASE Z. MANAGER","LONGPOINT MINERALS, LLC",S27 T14N R11W NW,3 : View,TIMBERWOLF MINERALS LLC
https://okcountyrecords.com/detail/Kingfisher/2016-012754,1,Kingfisher,2016-11-04,2016-012754,MINERAL DEED,2940,0267 - 0269,"SHIRAZI, BARBAR ANN",TIMBERWOLF MINERALS LLC,S7 T17N R09W SE,3 : View,TIMBERWOLF MINERALS LLC
https://okcountyrecords.com/detail/Kingfisher/2016-012755,1,Kingfisher,2016-11-04,2016-012755,MINERAL DEED,2940,0270 - 0272,"INGLE, FLOYD RICHARD",TIMBERWOLF MINERALS LLC,S29 T18N R06W W2 W2 SE,3 : View,TIMBERWOLF MINERALS LLC
https://okcountyrecords.com/detail/Kingfisher/2016-012756,1,Kingfisher,2016-11-04,2016-012756,MINERAL DEED,2940,0273 - 0275,"SELLERS, W. C. JR.",TIMBERWOLF MINERALS LLC,S5 T15N R08W SE,3 : View,TIMBERWOLF MINERALS LLC
https://okcountyrecords.com/detail/Custer/2016-006913,1,Custer,2016-11-07,2016-006913,Mineral Deed,1729,0265 - 0267,"GIFFIN, MICHAEL D. GIFFIN, MICHAEL",TIMBERWOLF MINERALS LLC,S13 T14N R14W N2,3 : View,TIMBERWOLF MINERALS LLC
https://okcountyrecords.com/detail/Custer/2016-006914,1,Custer,2016-11-07,2016-006914,Mineral Deed,1729,0268 - 0270,"COMER, DELANA J.",TIMBERWOLF MINERALS LLC,S1 T14N R15W S2 NE L1 S1 T14N R15W S2 NE L2 4 more…,3 : View,TIMBERWOLF MINERALS LLC
https://okcountyrecords.com/detail/Custer/2016-006915,2,Custer,2016-11-07,2016-006915,Mineral Deed,1729,0271 - 0273,TIMBERWOLF MINERALS LLC,MEP MID-CON III LLC,S1 T14N R15W S2 NE L1 S1 T14N R15W S2 NE L2 4 more…,3 : View,TIMBERWOLF MINERALS LLC
https://okcountyrecords.com/detail/Custer/2016-006917,1,Custer,2016-11-07,2016-006917,Mineral Deed,1729,0282 - 0284,VAN VLECK FAMILY TRUST 1991,TIMBERWOLF MINERALS LLC,S7 T15N R14W E2 SW L3 S7 T15N R14W E2 SW L4,3 : View,TIMBERWOLF MINERALS LLC
https://okcountyrecords.com/detail/Custer/2016-006918,1,Custer,2016-11-07,2016-006918,Mineral Deed,1729,0285 - 0287,TIMBERWOLF MINERALS LLC,MEP MID-CON III LLC,S7 T15N R14W E2 SW L3 S7 T15N R14W E2 SW L4,3 : View,TIMBERWOLF MINERALS LLC
https://okcountyrecords.com/detail/Custer/2016-006919,1,Custer,2016-11-07,2016-006919,Mineral Deed,1729,0288 - 0290,"LAPEL, LEON WILBERT",TIMBERWOLF MINERALS LLC,S12 T14N R14W W2 NW,3 : View,TIMBERWOLF MINERALS LLC
https://okcountyrecords.com/detail/Custer/2016-006920,1,Custer,2016-11-07,2016-006920,Mineral Deed,1729,0291 - 0293,TIMBERWOLF MINERALS LLC,MEP MID-CON III LLC,S12 T14N R14W W2 NW,3 : View,TIMBERWOLF MINERALS LLC
https://okcountyrecords.com/detail/Blaine/2016-020099,1,Blaine,2016-11-07,2016-020099,Mineral Deed,1245,0312 - 0314,TIMBERWOLF MINERALS LLC,MEP MID-CON III LLC,S30 T13N R13W E2 W2 L1-4,3 : View,TIMBERWOLF MINERALS LLC
https://okcountyrecords.com/detail/Custer/2016-007093,1,Custer,2016-11-14,2016-007093,Mineral Deed,1730,0158 - 0160,"CRALL, LESLIE D.",TIMBERWOLF MINERALS LLC,S31 T14N R14W SE S16 T14N R14W W2 NW Partial 1 more…,3 : View,TIMBERWOLF MINERALS LLC
https://okcountyrecords.com/detail/Custer/2016-007094,1,Custer,2016-11-14,2016-007094,Mineral Deed,1730,0161 - 0163,"BOCALDO LLC CRALL, R. LAMAR MANAGER",TIMBERWOLF MINERALS LLC,S16 T14N R14W W2 NW S17 T14N R14W E2 NE 2 more…,3 : View,TIMBERWOLF MINERALS LLC
https://okcountyrecords.com/detail/Custer/2016-007095,1,Custer,2016-11-14,2016-007095,Mineral Deed,1730,0164 - 0166,"SEARCY, GLEN DAVIS SEARCY, GLENN DAVIS SEARCY, GLENN DAVIS JR.",TIMBERWOLF MINERALS LLC,S15 T15N R14W NE,3 : View,TIMBERWOLF MINERALS LLC
