url,Rank,County,Recorded,Instrument,Type,Book,Page(s),Grantor,Grantee,Legal Description,Images,company
https://okcountyrecords.com/detail/Blaine/2016-017222,3,Blaine,2016-08-25,2016-017222,Mineral Deed,1233,0043 - 0045,TIMBERWOLF MINERALS LLC,LONGPOINT MINERALS LLC,S01 T15N R11W SE S06 T15N R10W SW SE 1 more…,3 : View,TIMBERWOLF MINERALS LLC
https://okcountyrecords.com/detail/Blaine/2016-017223,1,Blaine,2016-08-25,2016-017223,Mineral Deed,1233,0046 - 0048,TIMBERWOLF MINERALS LLC,LONGPOINT MINERALS LLC,S04 T16N R11W L1,3 : View,TIMBERWOLF MINERALS LLC
https://okcountyrecords.com/detail/Blaine/2016-017224,1,Blaine,2016-08-25,2016-017224,Mineral Deed,1233,0049 - 0051,TIMBERWOLF MINERALS LLC,LONGPOINT MINERALS LLC,S16 T17N R11W N2,3 : View,TIMBERWOLF MINERALS LLC
https://okcountyrecords.com/detail/Kingfisher/2016-009648,1,Kingfisher,2016-08-25,2016-009648,MINERAL DEED,2914,0455 - 0457,"COUGHLAN, MARGARET MICHELLE","TIMBERWOLF MINERALS, LLC",S03 T16N R08W SE NE L1,3 : View,TIMBERWOLF MINERALS LLC
https://okcountyrecords.com/detail/Kingfisher/2016-009649,1,Kingfisher,2016-08-25,2016-009649,MINERAL DEED,2914,0458 - 0460,"POLYDOROS, GEORGE N.","TIMBERWOLF MINERALS, LLC",S32 T15N R09W SE,3 : View,TIMBERWOLF MINERALS LLC
https://okcountyrecords.com/detail/Kingfisher/2016-009650,1,Kingfisher,2016-08-25,2016-009650,MINERAL DEED,2914,0461 - 0463,"TIMBERWOLF MINERALS, LLC","LONGPOINT MINERALS, LLC",S32 T15N R09W SE,3 : View,TIMBERWOLF MINERALS LLC
https://okcountyrecords.com/detail/Kingfisher/2016-009651,1,Kingfisher,2016-08-25,2016-009651,MINERAL DEED,2914,0464 - 0466,"TIMBERWOLF MINERALS, LLC","LONGPOINT MINERALS, LLC",S25 T15N R07W NW,3 : View,TIMBERWOLF MINERALS LLC
https://okcountyrecords.com/detail/Kingfisher/2016-009652,1,Kingfisher,2016-08-25,2016-009652,MINERAL DEED,2914,0467 - 0469,"TIMBERWOLF MINERALS, LLC","LONGPOINT MINERALS, LLC",S18 T15N R09W NE,3 : View,TIMBERWOLF MINERALS LLC
https://okcountyrecords.com/detail/Kingfisher/2016-009653,1,Kingfisher,2016-08-25,2016-009653,MINERAL DEED,2914,0470 - 0472,"TIMBERWOLF MINERALS, LLC","LONGPOINT MINERALS, LLC",S36 T17N R08W NE,3 : View,TIMBERWOLF MINERALS LLC
https://okcountyrecords.com/detail/Blaine/2016-017251,1,Blaine,2016-08-26,2016-017251,Mineral Deed,1233,0129 - 0131,"MOORE, RUBY M., TRUSTEE RUBY M MOORE REVOCABLE TRUST",TIMBERWOLF MINERALS LLC,S10 T16N R11W SW,3 : View,TIMBERWOLF MINERALS LLC
https://okcountyrecords.com/detail/Blaine/2016-017298,1,Blaine,2016-08-26,2016-017298,Mineral Deed,1233,0271 - 0273,TIMBERWOLF MINERALS LLC,LOGPOINT MINERALS LLC,S19 T15N R10W L1-2,3 : View,TIMBERWOLF MINERALS LLC
https://okcountyrecords.com/detail/Blaine/2016-017299,1,Blaine,2016-08-26,2016-017299,Mineral Deed,1233,0274 - 0276,"HODGENS, CLARA FRANCES",TIMBERWOLF MINERALS LLC,S19 T15N R11W SE S20 T15N R11W SW 1 more…,3 : View,TIMBERWOLF MINERALS LLC
https://okcountyrecords.com/detail/Blaine/2016-017326,3,Blaine,2016-08-29,2016-017326,Mineral Deed,1233,0402 - 0404,TIMBERWOLF MINERALS LLC,LONGPOINT MINERALS LLC,S10 T16N R11W SW,3 : View,TIMBERWOLF MINERALS LLC
https://okcountyrecords.com/detail/Blaine/2016-017334,1,Blaine,2016-08-29,2016-017334,Mineral And Royalty Deed,1233,0432 - 0434,BURNS & STOWERS INVESTMENTS LLC RUTH FARIS DREW TRUST,TIMBERWOLF MINERALS LLC,S07 T16N R11W SE SW L4,3 : View,TIMBERWOLF MINERALS LLC
https://okcountyrecords.com/detail/Blaine/2016-017335,1,Blaine,2016-08-29,2016-017335,Mineral And Royalty Deed,1233,0435 - 0438,"BURNS & STOWERS INVESTMENTS LLC WILLIAM G SCHNEIDER TRUST SCHNEIDER, BETTY D. TRUSTEE",TIMBERWOLF MINERALS LLC,S07 T16N R11W NE SW L3,4 : View,TIMBERWOLF MINERALS LLC
