url,Rank,County,Recorded,Instrument,Type,Book,Page(s),Grantor,Grantee,Legal Description,Images,company
https://okcountyrecords.com/detail/Kingfisher/2018-012047,3,Kingfisher,2018-12-14,2018-012047,MINERAL DEED,3190,0337 - 0339,"TIMBERWOLF MINERALS, LLC","CHERRY CREEK MINERALS, LLC",S26 T15N R08W SE SE Partial,3 : View,TIMBERWOLF MINERALS LLC
https://okcountyrecords.com/detail/Kingfisher/2018-012048,3,Kingfisher,2018-12-14,2018-012048,MINERAL DEED,3190,0340 - 0342,"TIMBERWOLF MINERALS, LLC","CHERRY CREEK MINERALS, LLC",S35 T15N R08W NE,3 : View,TIMBERWOLF MINERALS LLC
https://okcountyrecords.com/detail/Kingfisher/2018-012049,1,Kingfisher,2018-12-14,2018-012049,MINERAL DEED,3190,0343 - 0345,"TIMBERWOLF MINERALS, LLC","CHERRY CREEK MINERALS, LLC",S26 T15N R08W SE SE Partial,3 : View,TIMBERWOLF MINERALS LLC
https://okcountyrecords.com/detail/Kingfisher/2018-012050,3,Kingfisher,2018-12-14,2018-012050,MINERAL DEED,3190,0346 - 0348,"TIMBERWOLF MINERALS, LLC","CHERRY CREEK MINERALS, LLC",S26 T15N R08W SE SE Partial,3 : View,TIMBERWOLF MINERALS LLC
https://okcountyrecords.com/detail/Kingfisher/2018-012051,1,Kingfisher,2018-12-14,2018-012051,MINERAL DEED,3190,0349 - 0351,"TIMBERWOLF MINERALS, LLC","CHERRY CREEK MINERALS, LLC",S8 T15N R08W E2 SW S8 T15N R08W S2 NE 1 more…,3 : View,TIMBERWOLF MINERALS LLC
https://okcountyrecords.com/detail/Kingfisher/2018-012052,1,Kingfisher,2018-12-14,2018-012052,MINERAL DEED,3190,0352 - 0354,"TIMBERWOLF MINERALS, LLC","CHERRY CREEK MINERALS, LLC",S8 T15N R08W E2 SW S8 T15N R08W S2 NE 1 more…,3 : View,TIMBERWOLF MINERALS LLC
https://okcountyrecords.com/detail/Kingfisher/2018-012053,3,Kingfisher,2018-12-14,2018-012053,MINERAL DEED,3190,0355 - 0357,"TIMBERWOLF MINERALS, LLC","CHERRY CREEK MINERALS, LLC",S35 T15N R09W W2 SW Partial,3 : View,TIMBERWOLF MINERALS LLC
https://okcountyrecords.com/detail/Kingfisher/2018-012054,3,Kingfisher,2018-12-14,2018-012054,MINERAL DEED,3190,0358 - 0360,"TIMBERWOLF MINERALS, LLC","CHERRY CREEK MINERALS, LLC",S8 T15N R08W E2 SW S8 T15N R08W S2 NE 1 more…,3 : View,TIMBERWOLF MINERALS LLC
https://okcountyrecords.com/detail/Kingfisher/2018-012055,3,Kingfisher,2018-12-14,2018-012055,MINERAL DEED,3190,0361 - 0363,"TIMBERWOLF MINERALS, LLC","CHERRY CREEK MINERALS, LLC",S24 T16N R06W NE,3 : View,TIMBERWOLF MINERALS LLC
https://okcountyrecords.com/detail/Kingfisher/2018-012114,1,Kingfisher,2018-12-18,2018-012114,MINERAL DEED,3190,0562 - 0564,"ORR, WILLIAM O. ORR, KATHRYN J.","TIMBERWOLF MINERALS, LLC","S4 T15N R08W L1,2 S4 T15N R08W S2 NE 1 more…",3 : View,TIMBERWOLF MINERALS LLC
https://okcountyrecords.com/detail/Kingfisher/2018-012158,1,Kingfisher,2018-12-19,2018-012158,MINERAL DEED,3191,0169 - 0171,"BARGERS, LAWRENCE D.; PERSONAL REPRESENTATIVE OF THE ESTATE OF CATHERINE V. BARGERS","TIMBERWOLF MINERALS, LLC",S24 T16N R06W NE S24 T16N R06W SE 1 more…,3 : View,TIMBERWOLF MINERALS LLC
https://okcountyrecords.com/detail/Kingfisher/2018-012211,1,Kingfisher,2018-12-20,2018-012211,MINERAL DEED,3191,0386 - 0388,THE MARVIN GRABOW REVOCABLE TRUST,"TIMBERWOLF MINERALS, LLC","S4 T15N R08W S2 NE S4 T15N R08W L1,2 1 more…",3 : View,TIMBERWOLF MINERALS LLC
https://okcountyrecords.com/detail/Kingfisher/2018-012212,1,Kingfisher,2018-12-20,2018-012212,MINERAL DEED,3191,0389 - 0391,"GRABOW, DONALD E. GRABOW, MARY H.","TIMBERWOLF MINERALS, LLC","S4 T15N R08W S2 NE S4 T15N R08W L1,2 1 more…",3 : View,TIMBERWOLF MINERALS LLC
https://okcountyrecords.com/detail/Kingfisher/2018-012241,3,Kingfisher,2018-12-21,2018-012241,MINERAL DEED,3191,0499 - 0501,"TIMBERWOLF MINERALS, LLC","CHERRY CREEK MINERALS, LLC",S24 T16N R06W E2 S24 T16N R06W E2 SW,3 : View,TIMBERWOLF MINERALS LLC
https://okcountyrecords.com/detail/Kingfisher/2018-012242,3,Kingfisher,2018-12-21,2018-012242,MINERAL DEED,3191,0502 - 0504,"TIMBERWOLF MINERALS, LLC","CHERRY CREEK MINERALS, LLC",S14 T15N R09W S2 NE S14 T15N R09W NW,3 : View,TIMBERWOLF MINERALS LLC
