url,Rank,County,Recorded,Instrument,Type,Book,Page(s),Grantor,Grantee,Legal Description,Images,company
https://okcountyrecords.com/detail/Blaine/2017-007204,1,Blaine,2017-07-26,2017-007204,Mineral Deed,1293,0180 - 0182,"MASONER, KARA A.",TIMBERWOLF MINERALS LLC,S15 T13N R13W NE S15 T13N R13W S2 1 more…,3 : View,TIMBERWOLF MINERALS LLC
https://okcountyrecords.com/detail/Blaine/2017-007205,1,Blaine,2017-07-26,2017-007205,Mineral Deed,1293,0183 - 0185,"CONRAD, KIM HARDESTY",TIMBERWOLF MINERALS LLC,S31 T16N R11W E2 SW,3 : View,TIMBERWOLF MINERALS LLC
https://okcountyrecords.com/detail/Grady/2017-016777,1,Grady,2017-07-26,2017-016777,Mineral Deed,5258,0081 - 0083,"BYRUM, KENNETH WAYNE BYRUM, SUSAN M",TIMBERWOLF MINERALS LLC,S13 T10N R8W,3 : View,TIMBERWOLF MINERALS LLC
https://okcountyrecords.com/detail/Grady/2017-016776,1,Grady,2017-07-26,2017-016776,Mineral Deed,5258,0077 - 0080,"HINTON, MAELYN LATHAM",TIMBERWOLF MINERALS LLC,S31 T9N R5W S29 T9N R6W 3 more…,4 : View,TIMBERWOLF MINERALS LLC
https://okcountyrecords.com/detail/Kingfisher/2017-008588,1,Kingfisher,2017-07-28,2017-008588,MINERAL DEED,3044,0446 - 0448,"TIMBERWOLF MINERALS, LLC","LONGPOINT MINERALS, LLC",S24 T15N R08W W2 SW,3 : View,TIMBERWOLF MINERALS LLC
https://okcountyrecords.com/detail/Grady/2017-016933,1,Grady,2017-07-28,2017-016933,Mineral Deed,5259,0016 - 0018,TIMBERWOLF MINERALS LLC,LONGPOINT MINERALS LLC,S21 T9N R8W,3 : View,TIMBERWOLF MINERALS LLC
https://okcountyrecords.com/detail/Grady/2017-016932,1,Grady,2017-07-28,2017-016932,Mineral Deed,5259,0013 - 0015,"MEINKE, LINDA MEIKE, ROBERT",TIMBERWOLF MINERALS LLC,S09 T8N R5W,3 : View,TIMBERWOLF MINERALS LLC
https://okcountyrecords.com/detail/Blaine/2017-007275,1,Blaine,2017-07-28,2017-007275,Mineral Deed,1293,0403 - 0405,TIMBERWOLF MINERALS LLC,LONGPOINT MINERALS LLC,S01 T14N R12W NE,3 : View,TIMBERWOLF MINERALS LLC
https://okcountyrecords.com/detail/Blaine/2017-007276,1,Blaine,2017-07-28,2017-007276,Mineral Deed,1293,0406 - 0408,TIMBERWOLF MINERALS LLC,LONGPOINT MINERALS LLC,S36 T14N R13W,3 : View,TIMBERWOLF MINERALS LLC
https://okcountyrecords.com/detail/Blaine/2017-007277,1,Blaine,2017-07-28,2017-007277,Mineral Deed,1293,0409 - 0411,TIMBERWOLF MINERALS LLC,LONGPOINT MINERALS LLC,S19 T16N R11W TOWN OF WATONGA B124 L4-8,3 : View,TIMBERWOLF MINERALS LLC
https://okcountyrecords.com/detail/Blaine/2017-007278,1,Blaine,2017-07-28,2017-007278,Mineral Deed,1293,0412 - 0414,TIMBERWOLF MINERALS LLC,LONGPOINT MINERALS LLC,S19 T16N R11W SWEETS ADDITION TO WATONGA B48 L9-13,3 : View,TIMBERWOLF MINERALS LLC
https://okcountyrecords.com/detail/Blaine/2017-007279,1,Blaine,2017-07-28,2017-007279,Mineral Deed,1293,0415 - 0417,TIMBERWOLF MINERALS LLC,LONGPOINT MINERALS LLC,S01 T14N R12W NE,3 : View,TIMBERWOLF MINERALS LLC
https://okcountyrecords.com/detail/Blaine/2017-007280,1,Blaine,2017-07-28,2017-007280,Mineral Deed,1293,0418 - 0420,MUIRFIELD RESOURCES COMPANY 1986 MINERAL PURCHASE,TIMBERWOLF MINERALS LLC,S05 T15N R11W NW,3 : View,TIMBERWOLF MINERALS LLC
https://okcountyrecords.com/detail/Blaine/2017-007281,1,Blaine,2017-07-28,2017-007281,Mineral Deed,1293,0421 - 0423,TIMBERWOLF MINERALS LLC,LONGPOINT MINERALS LLC,S31 T16N R11W E2 SW,3 : View,TIMBERWOLF MINERALS LLC
https://okcountyrecords.com/detail/Blaine/2017-007350,1,Blaine,2017-08-01,2017-007350,Mineral Deed,1293,0627 - 0629,"PITTMAN, DAVID LYNN","TIMBERWOLF MINERALS, LLC",S19 T16N R13W NE,3 : View,TIMBERWOLF MINERALS LLC
