url,Rank,County,Recorded,Instrument,Type,Book,Page(s),Grantor,Grantee,Legal Description,Images,company
https://okcountyrecords.com/detail/Roger Mills/2018-001444,1,Roger Mills,2018-06-13,2018-001444,Mineral Deed,2394,0022 - 0024,"HOFFMAN, NANCY S SISLER, NANCY E A/K/A",TIMBERWOLF MINERALS LLC,S12 T16N R26W E2 NE S12 T16N R26W E2 SE,3 : View,TIMBERWOLF MINERALS LLC
https://okcountyrecords.com/detail/Custer/2018-003646,1,Custer,2018-06-14,2018-003646,Corrected Mineral Deed,1802,0013 - 0015,TIMBERWOLF MINERALS LLC,MEP OKLAHOMA LLC,S1 T13N R14W N2 NW S4 T13N R14W SE 3 more…,3 : View,TIMBERWOLF MINERALS LLC
https://okcountyrecords.com/detail/Blaine/2018-004139,2,Blaine,2018-06-14,2018-004139,Corrected Mineral Deed,1343,0558 - 0560,TIMBERWOLF MINERALS LLC,MEP OKLAHOMA LLC,S11 T13N R13W SW SW,3 : View,TIMBERWOLF MINERALS LLC
https://okcountyrecords.com/detail/Blaine/2018-004140,1,Blaine,2018-06-14,2018-004140,Mineral Deed,1343,0561 - 0564,GOODWILL INDUSTRIES OF SHOUTHERN CALFORNIA,TIMBERWOLF MINERALS LLC,S17 T15N R12W NE,4 : View,TIMBERWOLF MINERALS LLC
https://okcountyrecords.com/detail/Blaine/2018-004163,2,Blaine,2018-06-15,2018-004163,Memorandum Of Oil & Gas Lease,1343,0636,TIMBERWOLF MINERALS LLC,TIMBERWOLF ENERGY LLC,S36 T14N R13W,1 : View,TIMBERWOLF MINERALS LLC
https://okcountyrecords.com/detail/Blaine/2018-004164,1,Blaine,2018-06-15,2018-004164,Mineral Deed,1343,0637 - 0639,"MAIB, RANDELL K",TIMBERWOLF MINERALS LLC,S26 T14N R11W S2 NW S33 T14N R12W E2,3 : View,TIMBERWOLF MINERALS LLC
https://okcountyrecords.com/detail/Blaine/2018-004335,1,Blaine,2018-06-25,2018-004335,Mineral Deed,1344,0525 - 0527,"CLARY, LYNDA",TIMBERWOLF MINERALS LLC,S11 T16N R11W W2 NE S11 T16N R11W E2 NW,3 : View,TIMBERWOLF MINERALS LLC
https://okcountyrecords.com/detail/Blaine/2018-004336,1,Blaine,2018-06-25,2018-004336,Mineral Deed,1344,0528 - 0530,"EAKINS, BETTY JEAN",TIMBERWOLF MINERALS LLC,S06 T14N R13W SE S07 T14N R13W SE NE 2 more…,3 : View,TIMBERWOLF MINERALS LLC
https://okcountyrecords.com/detail/Blaine/2018-004337,1,Blaine,2018-06-25,2018-004337,Mineral Deed,1344,0531 - 0533,"MAYBERRY, WILLIAM",TIMBERWOLF MINERALS LLC,S07 T17N R10W E2 SW L1-2,3 : View,TIMBERWOLF MINERALS LLC
https://okcountyrecords.com/detail/Kingfisher/2018-006352,1,Kingfisher,2018-06-25,2018-006352,MINERAL DEED,3140,0297 - 0299,"KANDLETOP PROPERTIES, LLC","TIMBERWOLF MINERALS, LLC",S18 T17N R09W NE S18 T17N R09W E2 NW,3 : View,TIMBERWOLF MINERALS LLC
https://okcountyrecords.com/detail/Kingfisher/2018-006353,1,Kingfisher,2018-06-25,2018-006353,MINERAL DEED,3140,0300 - 0302,"KITCHENS, DAWNA R. KITCHENS, JAMES D. JR.","TIMBERWOLF MINERALS, LLC",S24 T15N R07W SE S25 T15N R07W NW,3 : View,TIMBERWOLF MINERALS LLC
https://okcountyrecords.com/detail/Blaine/2018-004418,1,Blaine,2018-06-28,2018-004418,Mineral Deed,1345,0193 - 0195,"WARREN, CONNIE D",TIMBERWOLF MINERALS LLC,S22 T17N R10W NW S22 T17N R10W SW Partial,3 : View,TIMBERWOLF MINERALS LLC
https://okcountyrecords.com/detail/Blaine/2018-004419,1,Blaine,2018-06-28,2018-004419,Mineral Deed,1345,0196 - 0198,"CHEEMA, CAROLYN FAYE",TIMBERWOLF MINERALS LLC,S34 T16N R11W NE,3 : View,TIMBERWOLF MINERALS LLC
https://okcountyrecords.com/detail/Blaine/2018-004420,1,Blaine,2018-06-28,2018-004420,Mineral Deed,1345,0199 - 0201,"FRANKS, WANDA LAURENE",TIMBERWOLF MINERALS LLC,S35 T15N R12W NE,3 : View,TIMBERWOLF MINERALS LLC
https://okcountyrecords.com/detail/Blaine/2018-004421,1,Blaine,2018-06-28,2018-004421,Mineral Deed,1345,0202 - 0204,"FREEBURG, VELMA L., TRUSTEE VELMA L FREEBURG TRUST",TIMBERWOLF MINERALS LLC,S35 T15N R12W NE,3 : View,TIMBERWOLF MINERALS LLC
