url,Rank,County,Recorded,Instrument,Type,Book,Page(s),Grantor,Grantee,Legal Description,Images,company
https://okcountyrecords.com/detail/Garvin/2020-002465,1.0,Garvin,2020-03-20,2020-002465,MINERAL DEED,2303,0753 - 0755,"BROUGHTON JR,WILLIAM",TIMBERWOLF MINERALS LLC,S22 T2N R3W NE NE S22 T2N R3W NE SE NE,3 : View,TIMBERWOLF MINERALS LLC
https://okcountyrecords.com/detail/Garvin/2020-002464,1.0,Garvin,2020-03-20,2020-002464,MINERAL DEED,2303,0750 - 0752,C & S INVESTMENTS,TIMBERWOLF MINERALS LLC,S22 T2N R3W E2 SW S22 T2N R3W E2 SW SW 1 more…,3 : View,TIMBERWOLF MINERALS LLC
https://okcountyrecords.com/detail/Kingfisher/2020-001759,2.0,Kingfisher,2020-03-24,2020-001759,MINERAL DEED,3296,0340 - 0342,"TIMBERWOLF MINERALS, LLC","PERPETUAL PRODUCTION-MID CON, LLC","S4 T15N R08W S2 NE L1,2 S9 T15N R05W SW SW 3 more…",3 : View,TIMBERWOLF MINERALS LLC
https://okcountyrecords.com/detail/Garvin/2020-002795,2.0,Garvin,2020-04-07,2020-002795,MINERAL DEED,2305,0574 - 0576,TIMBERWOLF MINERALS LLC,BELLE TRACE RESOURCES LLC,S22 T2N R3W NE SE NE S22 T2N R3W NE NE,3 : View,TIMBERWOLF MINERALS LLC
https://okcountyrecords.com/detail/Garvin/2020-002796,2.0,Garvin,2020-04-07,2020-002796,MINERAL DEED,2305,0577 - 0579,TIMBERWOLF MINERALS LLC,BELLE TRACE RESOURCES LLC,S22 T2N R3W E2 SW S22 T2N R3W E2 SW SW 1 more…,3 : View,TIMBERWOLF MINERALS LLC
https://okcountyrecords.com/detail/Blaine/2020-001703,0.4,Blaine,2020-05-18,2020-001703,O & G Mortgage,1434,0126 - 0151,BCF MINERALS LLC TIMBERWOLF MINERALS LL TRIPLE CROWN ENERGY LL,INTERNATIONAL BANK O F COMMERCE,S14 T16N R11W S32 T16N R13W 23 more…,26 : View,TIMBERWOLF MINERALS LLC
https://okcountyrecords.com/detail/Kingfisher/2020-002842,1.0,Kingfisher,2020-05-26,2020-002842,Mortgage Assignment,3315,0570 - 0595,"TRIPLE CROWN ENERGY, LLC BCF MINERALS, LLC TIMBERWOLF MINERALS, LLC",INTERNATIONAL BANK OF COMMERCE,S15 T16N R09W NW S17 T15N R06W E2 14 more…,26 : View,TIMBERWOLF MINERALS LLC
https://okcountyrecords.com/detail/Custer/2020-002278,1.3,Custer,2020-06-01,2020-002278,Oil & Gas Mortgage,1881,0723 - 0748,TRIPLE CROWN ENERGY LLC BCF MINERALS LLC TIMBERWOLF MINERALS LLC,INTERNATIONAL BANK OF COMMERCE,S11 T15N R14W A S15 T15N R15W A,26 : View,TIMBERWOLF MINERALS LLC
https://okcountyrecords.com/detail/Grady/2020-006630,1.0,Grady,2020-06-02,2020-006630,Mrtg,5740,0097 - 0122,TRIPLE CROWN ENERGY LLC BCF MINERALS LLC TIMBERWOLF MINERALS LLC,INTERNATIONAL BANK OF COMMERCE,S18 T8N R7W S32 T9N R6W,26 : View,TIMBERWOLF MINERALS LLC
https://okcountyrecords.com/detail/McClain/2020-005550,1.0,McClain,2020-06-03,2020-005550,Release Of Mortgage,2627,0803 - 0806,INTERNATIONAL BANK OF COMMERCE,TIMBERWOLF MINERALS LLC,35 6N4W 22 9N4W,4 : View,TIMBERWOLF MINERALS LLC
https://okcountyrecords.com/detail/Stephens/2020-004373,2.3,Stephens,2020-06-03,2020-004373,Release Mortgage,5820,0025 - 0028,INTERNATIONAL BANK OF COMMERCE,TRIPLE CROWN ENERGY LLC TIMBERWOLF MINERALS LLC BCF MINERALS LLC,S15 T1N R4W,4 : View,TIMBERWOLF MINERALS LLC
https://okcountyrecords.com/detail/Blaine/2020-001906,3.0,Blaine,2020-06-10,2020-001906,Mineral Deed,1435,0211 - 0213,TIMBERWOLF MINERALS LLC,LONGPOINT MINERALS LLC,S04 T14N R12W S2 NE S04 T14N R12W SE L1-2,3 : View,TIMBERWOLF MINERALS LLC
https://okcountyrecords.com/detail/McClain/2020-006129,1.0,McClain,2020-06-16,2020-006129,Mineral Deed,2630,0687 - 0689,TIMBERWOLF MINERALS LLC,BELLE TRACE RESOURCES LLC,28 8N4W,3 : View,TIMBERWOLF MINERALS LLC
https://okcountyrecords.com/detail/Kingfisher/2020-003218,1.0,Kingfisher,2020-06-19,2020-003218,Assignment,3320,0385 - 0390,"BENEFIELD, HELEN LAMMERTS","TIMBERWOLF MINERALS, LLC",S13 T16N R08W A,6 : View,TIMBERWOLF MINERALS LLC
https://okcountyrecords.com/detail/Kingfisher/2020-003219,1.0,Kingfisher,2020-06-19,2020-003219,Assignment,3320,0391 - 0396,"HERGENRATHER, STARR LAMMERTS","TIMBERWOLF MINERALS, LLC",S13 T16N R08W A,6 : View,TIMBERWOLF MINERALS LLC
