url,Rank,County,Recorded,Instrument,Type,Book,Page(s),Grantor,Grantee,Legal Description,Images,company
https://okcountyrecords.com/detail/Kingfisher/2018-009419,3,Kingfisher,2018-09-27,2018-009419,MINERAL DEED,3169,0558 - 0560,"TIMBERWOLF MINERALS, LLC","CHERRY CREEK MINERALS, LLC",S27 T17N R09W SE,3 : View,TIMBERWOLF MINERALS LLC
https://okcountyrecords.com/detail/Kingfisher/2018-009420,3,Kingfisher,2018-09-27,2018-009420,MINERAL DEED,3169,0561 - 0563,"TIMBERWOLF MINERALS, LLC","CHERRY CREEK MINERALS, LLC",S28 T15N R09W NE S28 T15N R09W S2 3 more…,3 : View,TIMBERWOLF MINERALS LLC
https://okcountyrecords.com/detail/Kingfisher/2018-009421,3,Kingfisher,2018-09-27,2018-009421,MINERAL DEED,3169,0564 - 0566,"TIMBERWOLF MINERALS, LLC","CHERRY CREEK MINERALS, LLC",S24 T16N R06W E2 SW S24 T16N R06W SE,3 : View,TIMBERWOLF MINERALS LLC
https://okcountyrecords.com/detail/Kingfisher/2018-009422,3,Kingfisher,2018-09-27,2018-009422,MINERAL DEED,3169,0567 - 0569,"TIMBERWOLF MINERALS, LLC","CHERRY CREEK MINERALS, LLC",S24 T16N R06W E2 SW S24 T16N R06W SE,3 : View,TIMBERWOLF MINERALS LLC
https://okcountyrecords.com/detail/Kingfisher/2018-009423,3,Kingfisher,2018-09-27,2018-009423,MINERAL DEED,3169,0570 - 0572,"TIMBERWOLF MINERALS, LLC","CHERRY CREEK MINERALS, LLC",S24 T16N R06W E2 SW S24 T16N R06W SE,3 : View,TIMBERWOLF MINERALS LLC
https://okcountyrecords.com/detail/Kingfisher/2018-009424,1,Kingfisher,2018-09-27,2018-009424,MINERAL DEED,3169,0573 - 0575,"TIMBERWOLF MINERALS, LLC","CHERRY CREEK MINERALS, LLC",S24 T16N R06W E2 SW S24 T16N R06W SE,3 : View,TIMBERWOLF MINERALS LLC
https://okcountyrecords.com/detail/Kingfisher/2018-009425,3,Kingfisher,2018-09-27,2018-009425,MINERAL DEED,3169,0576 - 0578,"TIMBERWOLF MINERALS, LLC","CHERRY CREEK MINERALS, LLC",S24 T16N R06W NE,3 : View,TIMBERWOLF MINERALS LLC
https://okcountyrecords.com/detail/Kingfisher/2018-009426,3,Kingfisher,2018-09-27,2018-009426,MINERAL DEED,3169,0579 - 0581,"TIMBERWOLF MINERALS, LLC","CHERRY CREEK MINERALS, LLC",S24 T16N R06W NE,3 : View,TIMBERWOLF MINERALS LLC
https://okcountyrecords.com/detail/Kingfisher/2018-009427,3,Kingfisher,2018-09-27,2018-009427,MINERAL DEED,3170,0001 - 0003,"TIMBERWOLF MINERALS, LLC","CHERRY CREEK MINERALS, LLC",S24 T16N R06W NE,3 : View,TIMBERWOLF MINERALS LLC
https://okcountyrecords.com/detail/Kingfisher/2018-009428,3,Kingfisher,2018-09-27,2018-009428,MINERAL DEED,3170,0004 - 0006,"TIMBERWOLF MINERALS, LLC","CHERRY CREEK MINERALS, LLC",S24 T16N R06W NE,3 : View,TIMBERWOLF MINERALS LLC
https://okcountyrecords.com/detail/Kingfisher/2018-009429,3,Kingfisher,2018-09-27,2018-009429,MINERAL DEED,3170,0007 - 0009,"TIMBERWOLF MINERALS, LLC","CHERRY CREEK MINERALS, LLC",S24 T16N R06W NE,3 : View,TIMBERWOLF MINERALS LLC
https://okcountyrecords.com/detail/Kingfisher/2018-009430,3,Kingfisher,2018-09-27,2018-009430,MINERAL DEED,3170,0010 - 0012,"TIMBERWOLF MINERALS, LLC","CHERRY CREEK MINERALS, LLC",S24 T16N R06W NE,3 : View,TIMBERWOLF MINERALS LLC
https://okcountyrecords.com/detail/Kingfisher/2018-009431,3,Kingfisher,2018-09-27,2018-009431,MINERAL DEED,3170,0013 - 0015,"TIMBERWOLF MINERALS, LLC","CHERRY CREEK MINERALS, LLC",S24 T16N R06W NE,3 : View,TIMBERWOLF MINERALS LLC
https://okcountyrecords.com/detail/Kingfisher/2018-009432,3,Kingfisher,2018-09-27,2018-009432,MINERAL DEED,3170,0016 - 0018,"TIMBERWOLF MINERALS, LLC","CHERRY CREEK MINERALS, LLC",S24 T16N R06W E2 SW S24 T16N R06W SE,3 : View,TIMBERWOLF MINERALS LLC
https://okcountyrecords.com/detail/Kingfisher/2018-009433,1,Kingfisher,2018-09-27,2018-009433,MINERAL DEED,3170,0019 - 0021,"TIMBERWOLF MINERALS, LLC","CHERRY CREEK MINERALS, LLC",S24 T16N R06W E2 SW S24 T16N R06W SE,3 : View,TIMBERWOLF MINERALS LLC
