url,Rank,County,Recorded,Instrument,Type,Book,Page(s),Grantor,Grantee,Legal Description,Images,company
https://okcountyrecords.com/detail/Blaine/2018-002376,1,Blaine,2018-04-04,2018-002376,Mineral Deed,1333,0502 - 0504,TIMBERWOLF MINERALS LLC,CHERRY CREEK MINERALS LLC,S32 T14N R13W SE,3 : View,TIMBERWOLF MINERALS LLC
https://okcountyrecords.com/detail/Blaine/2018-002377,1,Blaine,2018-04-04,2018-002377,Mineral Deed,1333,0505 - 0507,TIMBERWOLF MINERALS LLC,CHERRY CREEK MINERALS LLC,S09 T16N R11W N2 S2 NW,3 : View,TIMBERWOLF MINERALS LLC
https://okcountyrecords.com/detail/Kingfisher/2018-003490,3,Kingfisher,2018-04-04,2018-003490,MINERAL DEED,3118,0518 - 0520,"TIMBERWOLF MINERALS, LLC","CHERRY CREEK MINERALS, LLC",S28 T15N R09W S2 3 more…,3 : View,TIMBERWOLF MINERALS LLC
https://okcountyrecords.com/detail/Kingfisher/2018-003491,1,Kingfisher,2018-04-04,2018-003491,MINERAL DEED,3118,0521 - 0523,"MUIRFIELD, RESOURCES CO.","TIMBERWOLF MINERALS, LLC","S2 T15N R07W S2 NE L1,2 S28 T15N R08W NW",3 : View,TIMBERWOLF MINERALS LLC
https://okcountyrecords.com/detail/Garvin/2018-002823,3,Garvin,2018-04-04,2018-002823,MINERAL DEED,2216,0744 - 0746,TIMBERWOLF MINERALS LLC,CHERRY CREEK MINERALS LLC,S10 T2N R3W S2 NW S10 T2N R3W NE SW,3 : View,TIMBERWOLF MINERALS LLC
https://okcountyrecords.com/detail/Garvin/2018-002824,3,Garvin,2018-04-04,2018-002824,MINERAL DEED,2216,0747 - 0749,TIMBERWOLF MINERALS LLC,CHERRY CREEK MINERALS LLC,S10 T2N R3W NE SW S10 T2N R3W S2 NW,3 : View,TIMBERWOLF MINERALS LLC
https://okcountyrecords.com/detail/McClain/2018-005173,1,McClain,2018-04-04,2018-005173,Mineral Deed,2454,0401 - 0403,TIMBERWOLF MINERALS LLC,CHERRY CREEK MINERALS LLC,33 7N4W,3 : View,TIMBERWOLF MINERALS LLC
https://okcountyrecords.com/detail/McClain/2018-005174,1,McClain,2018-04-04,2018-005174,Mineral Deed,2454,0404 - 0406,TIMBERWOLF MINERALS LLC,CHERRY CREEK MINERALS LLC,33 7N4W,3 : View,TIMBERWOLF MINERALS LLC
https://okcountyrecords.com/detail/McClain/2018-005175,1,McClain,2018-04-04,2018-005175,Mineral Deed,2454,0407 - 0409,TIMBERWOLF MINERALS LLC,CHERRY CREEK MINERALS LLC,33 7N4W,3 : View,TIMBERWOLF MINERALS LLC
https://okcountyrecords.com/detail/McClain/2018-005176,3,McClain,2018-04-04,2018-005176,Mineral Deed,2454,0410 - 0412,TIMBERWOLF MINERALS LLC,CHERRY CREEK MINERALS LLC,33 7N4W,3 : View,TIMBERWOLF MINERALS LLC
https://okcountyrecords.com/detail/Grady/2018-006947,1,Grady,2018-04-09,2018-006947,Mineral Deed,5400,0565 - 0567,"VAN TUYL, GEORGENIA A",TIMBERWOLF MINERALS LLC,S02 T7N R5W,3 : View,TIMBERWOLF MINERALS LLC
https://okcountyrecords.com/detail/Blaine/2018-002530,1,Blaine,2018-04-11,2018-002530,Mineral Deed,1334,0433 - 0435,"HAZEL, LINDA, TRUSTEE EARL HAZEL AND LINDA HAZEL REVOCABLE TRUST HAZEL, EARL, TRUSTEE",TIMBERWOLF MINERALS LLC,S08 T15N R13W W2 NW S08 T15N R13W N2 SW,3 : View,TIMBERWOLF MINERALS LLC
https://okcountyrecords.com/detail/Blaine/2018-002531,1,Blaine,2018-04-11,2018-002531,Mineral Deed,1334,0436 - 0438,"HAZEL, EARL HAZEL, LINDA",TIMBERWOLF MINERALS LLC,S08 T15N R13W S2 SW S18 T16N R13W NE,3 : View,TIMBERWOLF MINERALS LLC
https://okcountyrecords.com/detail/Blaine/2018-002532,1,Blaine,2018-04-11,2018-002532,Mineral Deed,1334,0439 - 0441,"HAZEL, ROBERT WAYNE",TIMBERWOLF MINERALS LLC,S08 T15N R13W W2 NW S08 T15N R13W SW 1 more…,3 : View,TIMBERWOLF MINERALS LLC
https://okcountyrecords.com/detail/Kingfisher/2018-004094,3,Kingfisher,2018-04-20,2018-004094,MINERAL DEED,3123,0021 - 0024,"TIMBERWOLF MINERALS, LLC","BRIGHAM MINERALS, LLC",S27 T15N R07W NW,4 : View,TIMBERWOLF MINERALS LLC
