url,Rank,County,Recorded,Instrument,Type,Book,Page(s),Grantor,Grantee,Legal Description,Images,company
https://okcountyrecords.com/detail/Blaine/2017-004419,1,Blaine,2017-05-04,2017-004419,Mineral Deed,1278,0001 - 0003,"CHASTAIN, JOHN E",TIMBERWOLF MINERALS LLC,S11 T13N R13W SW SW,3 : View,TIMBERWOLF MINERALS LLC
https://okcountyrecords.com/detail/Blaine/2017-004420,1,Blaine,2017-05-04,2017-004420,Mineral Deed,1278,0004 - 0006,TIMBERWOLF MINERALS LLC,LONGPOINT MINERALS LLC,S25 T13N R12W NE,3 : View,TIMBERWOLF MINERALS LLC
https://okcountyrecords.com/detail/Blaine/2017-004421,1,Blaine,2017-05-04,2017-004421,Mineral Deed,1278,0007 - 0009,TIMBERWOLF MINERALS LLC,LONGPOINT MINERALS LLC,S01 T13N R11W ROCK ISLAND ADDITION GEARY B16 L5-6,3 : View,TIMBERWOLF MINERALS LLC
https://okcountyrecords.com/detail/Blaine/2017-004422,1,Blaine,2017-05-04,2017-004422,Mineral Deed,1278,0010 - 0012,TIMBERWOLF MINERALS LLC,LONGPOINT MINERALS LLC,S18 T15N R10W NE,3 : View,TIMBERWOLF MINERALS LLC
https://okcountyrecords.com/detail/Blaine/2017-004423,3,Blaine,2017-05-04,2017-004423,Mineral Deed,1278,0013 - 0015,TIMBERWOLF MINERALS LLC,LONGPOINT MINERALS LLC,S25 T15N R12W SW,3 : View,TIMBERWOLF MINERALS LLC
https://okcountyrecords.com/detail/Blaine/2017-004424,1,Blaine,2017-05-04,2017-004424,Mineral Deed,1278,0016 - 0018,TIMBERWOLF MINERALS LLC,LONGPOINT MINERALS LLC,S25 T15N R12W SE,3 : View,TIMBERWOLF MINERALS LLC
https://okcountyrecords.com/detail/Blaine/2017-004425,3,Blaine,2017-05-04,2017-004425,Mineral Deed,1278,0019 - 0021,TIMBERWOLF MINERALS LLC,LONGPOINT MINERALS LLC,S04 T14N R12W S2 NE L1-2 S04 T14N R12W SE,3 : View,TIMBERWOLF MINERALS LLC
https://okcountyrecords.com/detail/Custer/2017-003404,2,Custer,2017-05-04,2017-003404,Corrected Mineral Deed,1754,0692 - 0694,TIMBERWOLF MINERALS LLC,MEP MID-CON III LLC,S8 T15N R15W NE NE S20 T15N R15W NW,3 : View,TIMBERWOLF MINERALS LLC
https://okcountyrecords.com/detail/Kingfisher/2017-005189,1,Kingfisher,2017-05-05,2017-005189,MINERAL DEED,3015,0538 - 0540,"GERBER, MAX ALLEN GERBER, KAREN ANNE","TIMBERWOLF MINERALS, LLC",S33 T16N R09W W2 NW,3 : View,TIMBERWOLF MINERALS LLC
https://okcountyrecords.com/detail/Kingfisher/2017-005372,1,Kingfisher,2017-05-10,2017-005372,MINERAL DEED,3018,0361 - 0363,"VAN TUTL, GEORGENIA A.","TIMBERWOLF MINERALS, LLC",S21 T17N R08W N2 NW Partial,3 : View,TIMBERWOLF MINERALS LLC
https://okcountyrecords.com/detail/Blaine/2017-004597,1,Blaine,2017-05-10,2017-004597,Personal Representatives Deed,1279,0025 - 0027,"VAN TUYL, GEORGENIA A. PERSONAL REP REED, FLORA B. ESTATE OF","TIMBERWOLF MINERALS, LLC",S22 T16N R12W SE NW S22 T16N R12W SE NW,3 : View,TIMBERWOLF MINERALS LLC
https://okcountyrecords.com/detail/Blaine/2017-004668,1,Blaine,2017-05-12,2017-004668,Corrected Mineral Deed,1279,0268 - 0272,"GRUBB, SHAWN J RON GRUBB FARMS GRUBB, RONALD J","TIMBERWOLF MINERALS, LLC",S1 T13N R11W SW NW L4 S1 T13N R11W NW Partial,5 : View,TIMBERWOLF MINERALS LLC
https://okcountyrecords.com/detail/Kingfisher/2017-005493,1,Kingfisher,2017-05-12,2017-005493,MINERAL QCD,3019,0284 - 0286,"MEADE, CHRISTINE EILEEN","TIMBERWOLF MINERALS, LLC",S36 T15N R09W W2 SW,3 : View,TIMBERWOLF MINERALS LLC
https://okcountyrecords.com/detail/Blaine/2017-004680,2,Blaine,2017-05-12,2017-004680,Mineral Deed,1279,0346 - 0348,MCH OIL LLC,TIMBERWOLF MINERALS LLC,S12 T15N R11W NW,3 : View,TIMBERWOLF MINERALS LLC
https://okcountyrecords.com/detail/Blaine/2017-004681,1,Blaine,2017-05-12,2017-004681,Mineral Deed,1279,0349 - 0351,"SPAETH, JOHN A. SPAETH, SHIRLEY J.",TIMBERWOLF MINERALS LLC,S14 T17N R11W NE,3 : View,TIMBERWOLF MINERALS LLC
