url,Rank,County,Recorded,Instrument,Type,Book,Page(s),Grantor,Grantee,Legal Description,Images,company
https://okcountyrecords.com/detail/Kingfisher/2016-014943,1,Kingfisher,2016-12-30,2016-014943,MINERAL DEED,2963,0472 - 0474,PICK FAMILY REV TURST,"TIMBERWOLF MINERALS, LLC",S27 T17N R08W SW,3 : View,TIMBERWOLF MINERALS LLC
https://okcountyrecords.com/detail/Kingfisher/2017-000191,1,Kingfisher,2017-01-05,2017-000191,DEED,2965,0204 - 0206,"BOECKMAN, BRIAN","TIMBERWOLF MINERALS, LLC",S5 T16N R09W E2,3 : View,TIMBERWOLF MINERALS LLC
https://okcountyrecords.com/detail/Kingfisher/2017-000192,1,Kingfisher,2017-01-05,2017-000192,MINERAL DEED,2965,0207 - 0209,"LEE, BRENDA","TIMBERWOLF MINERALS, LLC",S05 T16N R09W E2,3 : View,TIMBERWOLF MINERALS LLC
https://okcountyrecords.com/detail/Kingfisher/2017-000193,1,Kingfisher,2017-01-05,2017-000193,MINERAL DEED,2965,0210 - 0212,"BOLTON, ALAN KEITH","TIMBERWOLF MINERALS, LLC",S06 T15N R08W NE S22 T17N R07W SE 2 more…,3 : View,TIMBERWOLF MINERALS LLC
https://okcountyrecords.com/detail/Kingfisher/2017-000194,1,Kingfisher,2017-01-05,2017-000194,MINERAL DEED,2965,0213 - 0215,"JOHNSON, CATHY","TIMBERWOLF MINERALS, LLC",S05 T16N R09W E2,3 : View,TIMBERWOLF MINERALS LLC
https://okcountyrecords.com/detail/Blaine/2017-000088,1,Blaine,2017-01-05,2017-000088,Mineral Deed,1255,0507 - 0509,"GODWIN, SAUNDRA GAY RINEARSON",TIMBERWOLF MINERALS LLC,S36 T14N R13W,3 : View,TIMBERWOLF MINERALS LLC
https://okcountyrecords.com/detail/Kingfisher/2017-000304,1,Kingfisher,2017-01-06,2017-000304,DEED,2968,0458 - 0460,"RAUH, KELLY DON RAUH, CINDY","TIMBERWOLF MINERALS, LLC",S05 T16N R09W E2,3 : View,TIMBERWOLF MINERALS LLC
https://okcountyrecords.com/detail/Blaine/2017-000139,1,Blaine,2017-01-06,2017-000139,Mineral Deed,1255,0659 - 0661,"MATLI, BOB, TRUSTEE GENE MATIL REVOCABLE TRUST MATLI, GENE, TRUSTEE",TIMBERWOLF MINERALS LLC,S06 T16N R11W SW,3 : View,TIMBERWOLF MINERALS LLC
https://okcountyrecords.com/detail/Blaine/2017-000157,1,Blaine,2017-01-09,2017-000157,Mineral Deed,1256,0012 - 0014,"SCHEFFLER, DONALD G SCHEFFLER, JANICE N.",TIMBERWOLF MINERALS LLC,S17 T17N R10W N2 SW,3 : View,TIMBERWOLF MINERALS LLC
https://okcountyrecords.com/detail/Kingfisher/2017-000474,1,Kingfisher,2017-01-11,2017-000474,MINERAL DEED,2970,0343 - 0345,"BROWN, RHONDA LEE LVING TRUST","TIMBERWOLF MINERALS, LLC",S25 T16N R07W SW,3 : View,TIMBERWOLF MINERALS LLC
https://okcountyrecords.com/detail/Kingfisher/2017-000581,1,Kingfisher,2017-01-17,2017-000581,MINERAL DEED,2973,0301 - 0303,"TIMBERWOLF MINERALS, LLC","LONGPOINT MINERALS, LLC",S05 T16N R09W E2,3 : View,TIMBERWOLF MINERALS LLC
https://okcountyrecords.com/detail/Kingfisher/2017-000582,1,Kingfisher,2017-01-17,2017-000582,MINERAL DEED,2973,0304 - 0306,"TIMBERWOLF MINERALS, LLC","LONGPOINT MINERALS, LLC",S05 T16N R09W E2,3 : View,TIMBERWOLF MINERALS LLC
https://okcountyrecords.com/detail/Kingfisher/2017-000583,1,Kingfisher,2017-01-17,2017-000583,MINERAL DEED,2973,0307 - 0309,"TIMBERWOLF MINERALS, LLC","LONGPOINT MINERALS, LLC",S11 T17N R09W NE,3 : View,TIMBERWOLF MINERALS LLC
https://okcountyrecords.com/detail/Kingfisher/2017-000584,1,Kingfisher,2017-01-17,2017-000584,MINERAL DEED,2973,0310 - 0312,"TIMBERWOLF MINERALS, LLC","LONGPOINT MINERALS, LLC",S25 T15N R07W NW,3 : View,TIMBERWOLF MINERALS LLC
https://okcountyrecords.com/detail/Kingfisher/2017-000585,1,Kingfisher,2017-01-17,2017-000585,MINERAL DEED,2973,0313 - 0315,"TIMBERWOLF MINERALS, LLC","LONGPOINT MINERALS, LLC",S25 T15N R07W NW,3 : View,TIMBERWOLF MINERALS LLC
