url,Rank,County,Recorded,Instrument,Type,Book,Page(s),Grantor,Grantee,Legal Description,Images,company
https://okcountyrecords.com/detail/Blaine/2018-003839,2.0,Blaine,2018-06-01,2018-003839,Mineral Deed,1342,0014 - 0016,LADD LLC,TIMBERWOLF MINERALS LLC,S18 T16N R13W SE,3 : View,TIMBERWOLF MINERALS LLC
https://okcountyrecords.com/detail/Blaine/2018-003901,1.0,Blaine,2018-06-05,2018-003901,Mineral Deed,1342,0309 - 0311,"MOLNAR, JACQUELYN R MOLNAR, DON R",TIMBERWOLF MINERALS LLC,S19 T16N R13W SE,3 : View,TIMBERWOLF MINERALS LLC
https://okcountyrecords.com/detail/Blaine/2018-003902,1.0,Blaine,2018-06-05,2018-003902,Mineral Deed,1342,0312 - 0314,"WILKINSON, KIM ROGER",TIMBERWOLF MINERALS LLC,S24 T15N R12W NE,3 : View,TIMBERWOLF MINERALS LLC
https://okcountyrecords.com/detail/Blaine/2018-003903,1.0,Blaine,2018-06-05,2018-003903,Mineral Deed,1342,0315 - 0317,"WILKINSON, BRUCE WALTER",TIMBERWOLF MINERALS LLC,S24 T15N R12W NE,3 : View,TIMBERWOLF MINERALS LLC
https://okcountyrecords.com/detail/Blaine/2018-003904,1.0,Blaine,2018-06-05,2018-003904,Mineral Deed,1342,0318 - 0320,"WILKINSON, ERIC GUY",TIMBERWOLF MINERALS LLC,S24 T15N R12W NE,3 : View,TIMBERWOLF MINERALS LLC
https://okcountyrecords.com/detail/Blaine/2018-003905,1.0,Blaine,2018-06-05,2018-003905,Mineral Deed,1342,0321 - 0323,"MACAULAY, DOUGLAS C",TIMBERWOLF MINERALS LLC,S31 T14N R11W SE,3 : View,TIMBERWOLF MINERALS LLC
https://okcountyrecords.com/detail/Blaine/2018-003977,0.3,Blaine,2018-06-07,2018-003977,Mineral Deed,1342,0542 - 0544,BORDEN LAND COMPANY LLC,TIMBERWOLF MINERALS,S7 T15N R13W N2 SW S7 T15N R13W NE SW L3 1 more…,3 : View,TIMBERWOLF MINERALS LLC
https://okcountyrecords.com/detail/Blaine/2018-004021,1.0,Blaine,2018-06-08,2018-004021,Mineral Deed,1343,0050 - 0052,"SARTAIN, DANNA DEA",TIMBERWOLF MINERALS LLC,BEALS OUTLOT WATONGA B3 L9 S20 T16N R11W,3 : View,TIMBERWOLF MINERALS LLC
https://okcountyrecords.com/detail/Kingfisher/2018-005837,1.0,Kingfisher,2018-06-08,2018-005837,MINERAL DEED,3136,0427 - 0429,"SARTAIN, DANNA DEA","TIMBERWOLF MINERALS, LLC",S28 T15N R06W SE,3 : View,TIMBERWOLF MINERALS LLC
https://okcountyrecords.com/detail/Grady/2018-011667,1.0,Grady,2018-06-11,2018-011667,Mineral Deed,5435,0159 - 0161,"HINKLE, JONETTA J",TIMBERWOLF MINERALS LLC,S03 T3N R5W S26 T4N R5W,3 : View,TIMBERWOLF MINERALS LLC
https://okcountyrecords.com/detail/Grady/2018-011924,1.0,Grady,2018-06-13,2018-011924,Mineral Deed,5437,0100 - 0102,MARY JANE FOREMAN REVOCABLE TRUST,TIMBERWOLF MINERALS LLC,S06 T5N R5W,3 : View,TIMBERWOLF MINERALS LLC
https://okcountyrecords.com/detail/Blaine/2018-004087,2.0,Blaine,2018-06-13,2018-004087,Mineral Deed,1343,0309 - 0311,ROCKIN' M RESOURCES LLC,TIMBERWOLF MINERALS LLC,S13 T13N R11W E2 NW,3 : View,TIMBERWOLF MINERALS LLC
https://okcountyrecords.com/detail/Blaine/2018-004088,1.0,Blaine,2018-06-13,2018-004088,Mineral Deed,1343,0312 - 0314,"GREEME, DAVID LEE",TIMBERWOLF MINERALS LLC,S31 T17N R11W SE S31 T17N R11W S2 NE,3 : View,TIMBERWOLF MINERALS LLC
https://okcountyrecords.com/detail/Blaine/2018-004089,1.0,Blaine,2018-06-13,2018-004089,Mineral Deed,1343,0315 - 0317,"SPAETH, JOHN A SPAETH, SHIRLEY J",TIMBERWOLF MINERALS LLC,S23 T17N R11W NW,3 : View,TIMBERWOLF MINERALS LLC
https://okcountyrecords.com/detail/Roger Mills/2018-001443,1.0,Roger Mills,2018-06-13,2018-001443,Mineral Deed,2394,0019 - 0021,"SISLER, HARRISON A",TIMBERWOLF MINERALS LLC,S12 T16N R26W LE2 NE S12 T16N R26W E2 SE,3 : View,TIMBERWOLF MINERALS LLC
