url,Rank,County,Recorded,Instrument,Type,Book,Page(s),Grantor,Grantee,Legal Description,Images,company
https://okcountyrecords.com/detail/McClain/2021-011562,1,McClain,2021-08-31,2021-011562,Mineral Deed,2727,0352 - 0354,TIMBERWOLF MINERALS LLC,ECKARD LAND & ACQUISITION LLC,20 6N4W,3 : View,TIMBERWOLF MINERALS LLC
https://okcountyrecords.com/detail/McClain/2021-011563,1,McClain,2021-08-31,2021-011563,Mineral Deed,2727,0355 - 0357,TIMBERWOLF MINERALS LLC,ECKARD LAND & ACQUISITION LLC,22 7N4W,3 : View,TIMBERWOLF MINERALS LLC
https://okcountyrecords.com/detail/McClain/2021-011632,1,McClain,2021-09-01,2021-011632,Mineral Deed,2727,0690 - 0692,TIMBERWOLF MINERALS LLC,ECKARD LAND & ACQUISITION LLC,22 7N4W,3 : View,TIMBERWOLF MINERALS LLC
https://okcountyrecords.com/detail/Kingfisher/2021-004214,1,Kingfisher,2021-09-01,2021-004214,MINERAL DEED,3390,0588 - 0590,"PRIEBE, LOUIS BRADLEY","TIMBERWOLF MINERALS, LLC",S33 T16N R06W N2 SE S2 SE,3 : View,TIMBERWOLF MINERALS LLC
https://okcountyrecords.com/detail/Grady/2021-012623,1,Grady,2021-09-10,2021-012623,Mineral Deed,5926,0133 - 0135,"ERICKSON, CURTIS E CURTIS E AND MARY E ERICKSON TRUST",TIMBERWOLF MINERALS LLC,S08 T5N R6W S26 T5N R6W 2 more…,3 : View,TIMBERWOLF MINERALS LLC
https://okcountyrecords.com/detail/Grady/2021-012625,1,Grady,2021-09-10,2021-012625,Mineral Deed,5926,0137 - 0139,"YOWELL, JEFFREY",TIMBERWOLF MINERALS LLC,S08 T5N R6W S26 T5N R6W 2 more…,3 : View,TIMBERWOLF MINERALS LLC
https://okcountyrecords.com/detail/Grady/2021-012626,1,Grady,2021-09-10,2021-012626,Mineral Deed,5926,0140 - 0142,"YOWELL, DANIEL KEVIN",TIMBERWOLF MINERALS LLC,S08 T5N R6W S26 T5N R6W 2 more…,3 : View,TIMBERWOLF MINERALS LLC
https://okcountyrecords.com/detail/Grady/2021-012627,1,Grady,2021-09-10,2021-012627,Mineral Deed,5926,0143 - 0145,"YOWELL, CLARK E",TIMBERWOLF MINERALS LLC,S08 T5N R6W S26 T5N R6W 2 more…,3 : View,TIMBERWOLF MINERALS LLC
https://okcountyrecords.com/detail/Grady/2021-012628,1,Grady,2021-09-10,2021-012628,Mineral Deed,5926,0146 - 0148,"ALEXANDER, DOROTHY",TIMBERWOLF MINERALS LLC,S08 T5N R6W S26 T5N R6W 2 more…,3 : View,TIMBERWOLF MINERALS LLC
https://okcountyrecords.com/detail/Grady/2021-012707,1,Grady,2021-09-10,2021-012707,Mineral Deed,5926,0593 - 0596,"GONZALES, IRENE YUZON GAMBLE",TIMBERWOLF MINERALS LLC,S36 T9N R6W,4 : View,TIMBERWOLF MINERALS LLC
https://okcountyrecords.com/detail/Kingfisher/2021-004461,2,Kingfisher,2021-09-15,2021-004461,MINERAL DEED,3393,0005 - 0007,"TIMBERWOLF MINERALS, LLC","ECKARD LAND & ACQUISITION, LLC",S33 T16N R06W SE,3 : View,TIMBERWOLF MINERALS LLC
https://okcountyrecords.com/detail/Kingfisher/2021-004462,1,Kingfisher,2021-09-15,2021-004462,MINERAL DEED,3393,0008 - 0010,"TIMBERWOLF MINERALS, LLC","ECKARD LAND & ACQUISITION, LLC",S28 T17N R07W SE,3 : View,TIMBERWOLF MINERALS LLC
https://okcountyrecords.com/detail/Kingfisher/2021-004463,1,Kingfisher,2021-09-15,2021-004463,MINERAL DEED,3393,0011 - 0013,"TIMBERWOLF MINERALS, LLC","ECKARD LAND & ACQUISITION, LLC",S12 T17N R09W SE,3 : View,TIMBERWOLF MINERALS LLC
https://okcountyrecords.com/detail/Grady/2021-013036,3,Grady,2021-09-17,2021-013036,Mineral Deed,5929,0254 - 0256,NATHAN MINERALS LLC,TIMBERWOLF MINERALS LLC,S19 T6N R5W,3 : View,TIMBERWOLF MINERALS LLC
https://okcountyrecords.com/detail/Kingfisher/2021-004536,2,Kingfisher,2021-09-20,2021-004536,Oil & Gas Lease,3393,0430,"TIMBERWOLF MINERALS, LLC","TIMBERWOLF ENERGY, LLC",S32 T15N R09W SE,1 : View,TIMBERWOLF MINERALS LLC
