url,Rank,County,Recorded,Instrument,Type,Book,Page(s),Grantor,Grantee,Legal Description,Images,company
https://okcountyrecords.com/detail/McClain/2021-009805,2,McClain,2021-07-23,2021-009805,Mineral Deed,2718,0575 - 0577,TIMBERWOLF MINERALS LLC,ECKARD LAND & ACQUISITION LLC,22 7N4W,3 : View,TIMBERWOLF MINERALS LLC
https://okcountyrecords.com/detail/McClain/2021-009806,1,McClain,2021-07-23,2021-009806,Mineral Deed,2718,0578 - 0580,TIMBERWOLF MINERALS LLC,ECKARD LAND & ACQUISITION LLC,27 7N4W,3 : View,TIMBERWOLF MINERALS LLC
https://okcountyrecords.com/detail/McClain/2021-009807,1,McClain,2021-07-23,2021-009807,Mineral Deed,2718,0581 - 0583,TIMBERWOLF MINERALS LLC,ECKARD LAND & ACQUISITION LLC,31 7N4W,3 : View,TIMBERWOLF MINERALS LLC
https://okcountyrecords.com/detail/McClain/2021-009808,1,McClain,2021-07-23,2021-009808,Mineral Deed,2718,0584 - 0586,TIMBERWOLF MINERALS LLC,ECKARD LAND & ACQUISITION LLC,31 7N4W,3 : View,TIMBERWOLF MINERALS LLC
https://okcountyrecords.com/detail/Kingfisher/2021-003610,1,Kingfisher,2021-07-26,2021-003610,MINERAL DEED,3386,0151 - 0153,"MONTAGE MINERALS, LLC","TIMBERWOLF MINERALS, LLC",S21 T17N R07W SE,3 : View,TIMBERWOLF MINERALS LLC
https://okcountyrecords.com/detail/Kingfisher/2021-003611,1,Kingfisher,2021-07-26,2021-003611,MINERAL DEED,3386,0154 - 0156,"MONTAGE MINERALS, LLC","TIMBERWOLF MINERALS, LLC",S21 T17N R07W SE,3 : View,TIMBERWOLF MINERALS LLC
https://okcountyrecords.com/detail/Kingfisher/2021-003655,1,Kingfisher,2021-07-28,2021-003655,MINERAL DEED,3386,0295 - 0297,"SMITH, STEPHEN R.; TRUSTEE SMITH. CAROL J.; TRUSTEE THE STEPHEN R. AND CAROL J. SMITH REV. LIV. TRUST","TIMBERWOLF MINERALS, LLC",S7 T17N R09W NE,3 : View,TIMBERWOLF MINERALS LLC
https://okcountyrecords.com/detail/Grady/2021-010512,1,Grady,2021-07-29,2021-010512,Mineral Deed,5910,0213 - 0215,"PIERCE, MARTA LYNN PIERCE-CANARY, MARTHA LYNN PIERCE,-CANARY, MARTHA L",TIMBERWOLF MINERALS LLC,S36 T9N R6W Partial,3 : View,TIMBERWOLF MINERALS LLC
https://okcountyrecords.com/detail/Kingfisher/2021-003686,1,Kingfisher,2021-07-29,2021-003686,MINERAL DEED,3386,0380 - 0382,"BERKENBILE, LINNIE; TRUSTEE BERKENBILE, PHILLIP L.; TRUSTEE THE PHILLIP BERKENBILE AND LINNIE REV. TRUST","TIMBERWOLF MINERALS, LLC",S12 T17N R08W NE,3 : View,TIMBERWOLF MINERALS LLC
https://okcountyrecords.com/detail/Kingfisher/2021-003729,1,Kingfisher,2021-08-02,2021-003729,MINERAL DEED,3386,0543 - 0545,"TIMBERWOLF MINERALS, LLC","ECKARD LAND & ACQUISITION, LLC",S7 T17N R07W NE,3 : View,TIMBERWOLF MINERALS LLC
https://okcountyrecords.com/detail/Kingfisher/2021-003730,2,Kingfisher,2021-08-02,2021-003730,MINERAL DEED,3386,0546 - 0548,"TIMBERWOLF MINERALS, LLC","ECKARD LAND & ACQUISITION, LLC",S12 T16N R08W E2,3 : View,TIMBERWOLF MINERALS LLC
https://okcountyrecords.com/detail/Kingfisher/2021-003731,2,Kingfisher,2021-08-02,2021-003731,MINERAL DEED,3386,0549 - 0551,"TIMBERWOLF MINERALS, LLC","ECKARD LAND & ACQUISITION, LLC","S7 T17N R07W L3,4",3 : View,TIMBERWOLF MINERALS LLC
https://okcountyrecords.com/detail/Kingfisher/2021-003732,1,Kingfisher,2021-08-02,2021-003732,MINERAL DEED,3386,0552 - 0554,"TIMBERWOLF MINERALS, LLC","ECKARD LAND & ACQUISITION, LLC",S7 T17N R07W NE S17 T17N R07W NW 2 more…,3 : View,TIMBERWOLF MINERALS LLC
https://okcountyrecords.com/detail/Kingfisher/2021-003733,2,Kingfisher,2021-08-02,2021-003733,MINERAL DEED,3386,0555 - 0557,"TIMBERWOLF MINERALS, LLC","ECKARD LAND & ACQUISITION, LLC",S22 T17N R08W NW,3 : View,TIMBERWOLF MINERALS LLC
https://okcountyrecords.com/detail/Kingfisher/2021-003734,1,Kingfisher,2021-08-02,2021-003734,MINERAL DEED,3386,0558 - 0560,"TIMBERWOLF MINERALS, LLC","ECKARD LAND & ACQUISITION, LLC",S7 T17N R09W NE,3 : View,TIMBERWOLF MINERALS LLC
