url,Rank,County,Recorded,Instrument,Type,Book,Page(s),Grantor,Grantee,Legal Description,Images,company
https://okcountyrecords.com/detail/Blaine/2017-007580,1,Blaine,2017-08-08,2017-007580,Mineral Deed,1295,0435 - 0437,"SCHWEIGERT, MARVIN A SCHWEIGERT, LINDA S",TIMBERWOLF MINERALS LLC,S19 T16N R11W SWEETS ADDITION TO WATONGA B30 L24-26,3 : View,TIMBERWOLF MINERALS LLC
https://okcountyrecords.com/detail/Blaine/2017-007581,1,Blaine,2017-08-08,2017-007581,Mineral Deed,1295,0438 - 0440,"BURRUS, BETH ANN BURRUS, LARRY",TIMBERWOLF MINERALS LLC,S08 T17N R13W N2 NW,3 : View,TIMBERWOLF MINERALS LLC
https://okcountyrecords.com/detail/Blaine/2017-007582,1,Blaine,2017-08-08,2017-007582,Mineral Deed,1295,0441 - 0443,"O'BRYANT, PATRICIA ANN",TIMBERWOLF MINERALS LLC,"S24 T17N R13W NE SE L4-5,8",3 : View,TIMBERWOLF MINERALS LLC
https://okcountyrecords.com/detail/Blaine/2017-007630,1,Blaine,2017-08-09,2017-007630,Mineral Deed,1295,0659 - 0661,"BAKER, CAROL D. JOHN M. AND CAROL D BAKER REVOCABLE TRUST BAKER, JOHN M.","TIMBERWOLF MINERALS, LLC",S14 T16N R11W S2 Containing 40 Acre(s) (more or less),3 : View,TIMBERWOLF MINERALS LLC
https://okcountyrecords.com/detail/Blaine/2017-007635,1,Blaine,2017-08-10,2017-007635,Mineral Deed,1295,0681 - 0683,"GRIFFIN, SHARON PAYNE",TIMBERWOLF MINERALS LLC,S14 T17N R12W W2,3 : View,TIMBERWOLF MINERALS LLC
https://okcountyrecords.com/detail/Grady/2017-017914,1,Grady,2017-08-10,2017-017914,Mineral Deed,5268,0555 - 0557,"ZDRAVECKY, SHARON ZDRAVECKY, BILL",TIMBERWOLF MINERALS LLC,S09 T8N R5W,3 : View,TIMBERWOLF MINERALS LLC
https://okcountyrecords.com/detail/Grady/2017-017913,1,Grady,2017-08-10,2017-017913,Correct Mineral Deed,5268,0552 - 0554,"AHMED, TIFFANY K HAYTER, THOMAS V",TIMBERWOLF MINERALS LLC,S20 T10N R8W S29 T10N R8W 2 more…,3 : View,TIMBERWOLF MINERALS LLC
https://okcountyrecords.com/detail/Blaine/2017-007636,1,Blaine,2017-08-10,2017-007636,Mineral Deed,1295,0684 - 0686,"GORDON, LORRAINE",TIMBERWOLF MINERALS LLC,S15 T16N R11W NW SW,3 : View,TIMBERWOLF MINERALS LLC
https://okcountyrecords.com/detail/Grady/2017-018157,1,Grady,2017-08-14,2017-018157,Correct Mineral Deed,5270,0260 - 0262,"BYRUM, KENNETH WAYNE BYRUM, SUSAN M",TIMBERWOLF MINERALS LLC,S27 T10N R8W,3 : View,TIMBERWOLF MINERALS LLC
https://okcountyrecords.com/detail/Grady/2017-018189,1,Grady,2017-08-14,2017-018189,Mineral Deed,5270,0355 - 0357,TIMBERWOLF MINERALS LLC,LONGPOINT MINERALS LLC,S12 T8N R5W,3 : View,TIMBERWOLF MINERALS LLC
https://okcountyrecords.com/detail/Grady/2017-018188,1,Grady,2017-08-14,2017-018188,Mineral Deed,5270,0352 - 0354,TIMBERWOLF MINERALS LLC,LONGPOINT MINERALS LLC,S30 T7N R5W,3 : View,TIMBERWOLF MINERALS LLC
https://okcountyrecords.com/detail/Grady/2017-018187,3,Grady,2017-08-14,2017-018187,Mineral Deed,5270,0349 - 0351,TIMBERWOLF MINERALS LLC,LONGPOINT MINERALS LLC,S30 T9N R5W,3 : View,TIMBERWOLF MINERALS LLC
https://okcountyrecords.com/detail/Grady/2017-018186,1,Grady,2017-08-14,2017-018186,Mineral Deed,5270,0346 - 0348,TIMBERWOLF MINERALS LLC,LONGPOINT MINERALS LLC,S01 T7N R7W,3 : View,TIMBERWOLF MINERALS LLC
https://okcountyrecords.com/detail/Grady/2017-018185,1,Grady,2017-08-14,2017-018185,Mineral Deed,5270,0343 - 0345,TIMBERWOLF MINERALS LLC,LONGPOINT MINERALS LLC,S09 T8N R5W,3 : View,TIMBERWOLF MINERALS LLC
https://okcountyrecords.com/detail/Grady/2017-018184,3,Grady,2017-08-14,2017-018184,Mineral Deed,5270,0340 - 0342,TIMBERWOLF MINERALS LLC,LONGPOINT MINERALS LLC,S22 T6N R6W,3 : View,TIMBERWOLF MINERALS LLC
