url,Rank,County,Recorded,Instrument,Type,Book,Page(s),Grantor,Grantee,Legal Description,Images,company
https://okcountyrecords.com/detail/Kingfisher/2016-009973,1,Kingfisher,2016-09-01,2016-009973,MINERAL DEED,2917,0382 - 0384,"TIMBERWOLF MINERALS, LLC","LONGPOINT MINERALS, LLC",S04 T15N R06W SE,3 : View,TIMBERWOLF MINERALS LLC
https://okcountyrecords.com/detail/Kingfisher/2016-009974,1,Kingfisher,2016-09-01,2016-009974,MINERAL DEED,2917,0385 - 0387,"TIMBERWOLF MINERALS, LLC","LONGPOINT MINERALS, LLC",S20 T17N R07W SE Partial S36 T17N R07W NW 3 more…,3 : View,TIMBERWOLF MINERALS LLC
https://okcountyrecords.com/detail/Kingfisher/2016-009975,1,Kingfisher,2016-09-01,2016-009975,MINERAL DEED,2917,0388 - 0390,"TIMBERWOLF MINERALS, LLC","LONGPOINT MINERALS, LLC",S07 T16N R09W NE SW S07 T16N R09W L3-4 Partial 13 more…,3 : View,TIMBERWOLF MINERALS LLC
https://okcountyrecords.com/detail/Kingfisher/2016-009976,1,Kingfisher,2016-09-01,2016-009976,MINERAL DEED,2917,0391 - 0393,"TIMBERWOLF MINERALS, LLC","LONGPOINT MINERALS, LLC",S08 T16N R06W SE,3 : View,TIMBERWOLF MINERALS LLC
https://okcountyrecords.com/detail/Kingfisher/2016-009977,1,Kingfisher,2016-09-01,2016-009977,MINERAL DEED,2917,0394 - 0396,"TIMBERWOLF MINERALS, LLC","LONGPOINT MINERALS, LLC",S19 T18N R09W E2 SW L3-4,3 : View,TIMBERWOLF MINERALS LLC
https://okcountyrecords.com/detail/Kingfisher/2016-009978,1,Kingfisher,2016-09-01,2016-009978,MINERAL DEED,2917,0397 - 0399,"TIMBERWOLF MINERALS, LLC","LONGPOINT MINERALS, LLC",S19 T18N R09W E2 SW L3-4,3 : View,TIMBERWOLF MINERALS LLC
https://okcountyrecords.com/detail/Kingfisher/2016-009979,1,Kingfisher,2016-09-01,2016-009979,MINERAL DEED,2917,0400 - 0402,"TIMBERWOLF MINERALS, LLC","LONGPOINT MINERALS, LLC",S04 T15N R06W NE S04 T15N R06W SW,3 : View,TIMBERWOLF MINERALS LLC
https://okcountyrecords.com/detail/Kingfisher/2016-009980,1,Kingfisher,2016-09-01,2016-009980,MINERAL DEED,2917,0403 - 0405,"TIMBERWOLF MINERALS, LLC","LONGPOINT MINERALS, LLC",S03 T16N R08W SE L1 S03 T16N R08W NE 2 more…,3 : View,TIMBERWOLF MINERALS LLC
https://okcountyrecords.com/detail/Kingfisher/2016-009981,1,Kingfisher,2016-09-01,2016-009981,MINERAL DEED,2917,0406 - 0408,"TIMBERWOLF MINERALS, LLC","LONGPOINT MINERALS, LLC",S08 T16N R06W SE,3 : View,TIMBERWOLF MINERALS LLC
https://okcountyrecords.com/detail/Blaine/2016-017547,1,Blaine,2016-09-01,2016-017547,Mineral Deed,1234,0325 - 0327,"TIMBERWOLF MINERALS, LLC","LONGPOINT MINERALS, LLC",S19 T15N R11W SE S20 T15N R11W SW 1 more…,3 : View,TIMBERWOLF MINERALS LLC
https://okcountyrecords.com/detail/Kingfisher/2016-009982,1,Kingfisher,2016-09-01,2016-009982,MINERAL DEED,2917,0409 - 0411,"TIMBERWOLF MINERALS, LLC","LONGPOINT MINERALS, LLC",S20 T17N R07W SE Partial S36 T17N R07W NW 3 more…,3 : View,TIMBERWOLF MINERALS LLC
https://okcountyrecords.com/detail/Kingfisher/2016-009983,1,Kingfisher,2016-09-01,2016-009983,MINERAL DEED,2917,0412 - 0414,"TIMBERWOLF MINERALS, LLC","LONGPOINT MINERALS, LLC",S19 T18N R09W E2 SW L3-4,3 : View,TIMBERWOLF MINERALS LLC
https://okcountyrecords.com/detail/Kingfisher/2016-009984,1,Kingfisher,2016-09-01,2016-009984,MINERAL DEED,2917,0415 - 0417,"TIMBERWOLF MINERALS, LLC","LONGPOINT MINERALS, LLC",S19 T18N R09W E2 SW L3-4,3 : View,TIMBERWOLF MINERALS LLC
https://okcountyrecords.com/detail/Blaine/2016-017548,1,Blaine,2016-09-01,2016-017548,Mineral Deed,1234,0328 - 0330,"TIMBERWOLF MINERALS, LLC","LONGPOINT MINERALS, LLC",SWEET'S ADDITION TO WATONGA B45 L20-25,3 : View,TIMBERWOLF MINERALS LLC
https://okcountyrecords.com/detail/Kingfisher/2016-009985,1,Kingfisher,2016-09-01,2016-009985,MINERAL DEED,2917,0418 - 0420,"TIMBERWOLF MINERALS, LLC","LONGPOINT MINERALS, LLC",S19 T18N R09W E2 SW L3-4,3 : View,TIMBERWOLF MINERALS LLC
