url,Rank,County,Recorded,Instrument,Type,Book,Page(s),Grantor,Grantee,Legal Description,Images,company
https://okcountyrecords.com/detail/Woodward/2021-004752,1,Woodward,2022-05-12,2021-004752,Mineral Deed,2530,0290 - 0292,"SPEICE, SHIRLEY SUE",TIMBERWOLF MINERALS LLC,S32 T20N R20W E2 NE,3 : View,TIMBERWOLF MINERALS LLC
https://okcountyrecords.com/detail/Noble/2022-001130,1,Noble,2022-05-13,2022-001130,DEED,879,0866 - 0868,"SPEICE, SHIRLEY SUE",TIMBERWOLF MINERALS LLC,S10 T21 R1W E2 SW,3 : View,TIMBERWOLF MINERALS LLC
https://okcountyrecords.com/detail/McClain/2022-005946,1,McClain,2022-05-17,2022-005946,Mineral Deed,2783,0115 - 0117,"UNDERWOOD, JO ANN",TIMBERWOLF MINERALS LLC,29 8N4W,3 : View,TIMBERWOLF MINERALS LLC
https://okcountyrecords.com/detail/Blaine/2022-001620,1,Blaine,2022-05-17,2022-001620,Mineral Deed,1499,0133 - 0135,TIMBERWOLF MINERALS LLC,LATIGO MINERALS LLC,S22 T13N R11W NW,3 : View,TIMBERWOLF MINERALS LLC
https://okcountyrecords.com/detail/Blaine/2022-001694,1,Blaine,2022-05-24,2022-001694,Mineral Deed,1499,0369 - 0371,"SPEICE, SHIRLEY SUE",TIMBERWOLF MINERALS LLC,S14 T19N R10W SE,3 : View,TIMBERWOLF MINERALS LLC
https://okcountyrecords.com/detail/Kingfisher/2022-002897,1,Kingfisher,2022-05-27,2022-002897,DEED CORR,3441,0262 - 0264,"FULLBRIGHT, RODNEY","TIMBERWOLF MINERALS, LLC","KINGFISHER B34 L11,12 KINGFISHER B68 L11,12 3 more…",3 : View,TIMBERWOLF MINERALS LLC
https://okcountyrecords.com/detail/Kingfisher/2022-003032,1,Kingfisher,2022-06-07,2022-003032,MINERAL DEED,3442,0238 - 0240,"SPEICE, SHIRLEY SUE","TIMBERWOLF MINERALS, LLC","S1 T16N R08W S2 NE L1,2 S2 T16N R06W SW NE L1 14 more…",3 : View,TIMBERWOLF MINERALS LLC
https://okcountyrecords.com/detail/Kingfisher/2022-003039,1,Kingfisher,2022-06-07,2022-003039,MINERAL DEED,3442,0280 - 0282,"MONTAGE MINERALS, LLC","TIMBERWOLF MINERALS, LLC",S1 T15N R07W W2 SW,3 : View,TIMBERWOLF MINERALS LLC
https://okcountyrecords.com/detail/Kingfisher/2022-003040,2,Kingfisher,2022-06-07,2022-003040,MINERAL DEED,3442,0283 - 0285,"TIMBERWOLF MINERALS, LLC","RED STONE RESOURCES, LLC",S1 T15N R07W W2 SW,3 : View,TIMBERWOLF MINERALS LLC
https://okcountyrecords.com/detail/Kingfisher/2022-003087,1,Kingfisher,2022-06-09,2022-003087,MINERAL DEED,3442,0461 - 0463,"TIMBERWOLF MINERALS, LLC",FITZGIBBONS FAMILY TRUST,S25 T15N R09W E2 NE,3 : View,TIMBERWOLF MINERALS LLC
https://okcountyrecords.com/detail/Grady/2022-008262,1,Grady,2022-06-09,2022-008262,Mineral Deed,6039,0434 - 0436,TIMBERWOLF MINERALS LLC,FITZGIBBONS FAMILY TRUST,S20 T5N R6W,3 : View,TIMBERWOLF MINERALS LLC
https://okcountyrecords.com/detail/Grady/2022-008263,1,Grady,2022-06-09,2022-008263,Mineral Deed,6039,0437 - 0439,TIMBERWOLF MINERALS LLC,FITZGIBBONS FAMILY TRUST,S02 T3N R6W S11 T3N R6W,3 : View,TIMBERWOLF MINERALS LLC
https://okcountyrecords.com/detail/Blaine/2022-001849,1,Blaine,2022-06-10,2022-001849,Mineral Deed,1500,0344 - 0346,TIMBERWOLF MINERALS LLC,FITZGIBBONS FAMILY TRUST,S22 T13N R11W NW,3 : View,TIMBERWOLF MINERALS LLC
https://okcountyrecords.com/detail/Kingfisher/2022-003166,3,Kingfisher,2022-06-14,2022-003166,MINERAL DEED,3443,0144 - 0146,"MONTAGE MINERALS, LLC","TIMBERWOLF MINERALS, LLC",S20 T17N R07W NE S24 T17N R08W SE,3 : View,TIMBERWOLF MINERALS LLC
https://okcountyrecords.com/detail/Grady/2022-008526,2,Grady,2022-06-15,2022-008526,Oil & Gas Lease,6041,0280,TIMBERWOLF MINERALS LLC,TIMBERWOLF ENERGY LLC,S29 T8N R7W,1 : View,TIMBERWOLF MINERALS LLC
