url,Rank,County,Recorded,Instrument,Type,Book,Page(s),Grantor,Grantee,Legal Description,Images,company
https://okcountyrecords.com/detail/Kingfisher/2019-001231,3,Kingfisher,2019-02-12,2019-001231,MINERAL DEED,3203,0573 - 0575,"TIMBERWOLF MINERALS, LLC,","CHERRY CREEK MINERALS, LLC,","S5 T15N R09W S2 NE L1,2",3 : View,TIMBERWOLF MINERALS LLC
https://okcountyrecords.com/detail/Kingfisher/2019-001265,1,Kingfisher,2019-02-13,2019-001265,O & G MTG,3204,0095 - 0113,"TIMBERWOLF MINERALS, LLC",INTERNATIONAL BANK OF COMMERCE,S13 T16N R09W A S24 T16N R09W A 39 more…,19 : View,TIMBERWOLF MINERALS LLC
https://okcountyrecords.com/detail/Grady/2019-002365,3,Grady,2019-02-13,2019-002365,Correct Mineral Deed,5547,0035 - 0037,TIMBERWOLF MINERALS LLC,CHERRY CREEK MINERALS LLC,S31 T10N R7W,3 : View,TIMBERWOLF MINERALS LLC
https://okcountyrecords.com/detail/Custer/2019-000805,2,Custer,2019-02-13,2019-000805,Memorandum Agreement,1832,0541,TIMBERWOLF MINERALS LLC,TIMBERWOLF ENERGY LLC,,1 : View,TIMBERWOLF MINERALS LLC
https://okcountyrecords.com/detail/Kingfisher/2019-001266,1,Kingfisher,2019-02-13,2019-001266,MINERAL DEED,3204,0114 - 0116,"BOECKMAN, DUANE F.","TIMBERWOLF MINERALS, LLC",S12 T15N R07W NW,3 : View,TIMBERWOLF MINERALS LLC
https://okcountyrecords.com/detail/Kingfisher/2019-001267,1,Kingfisher,2019-02-13,2019-001267,MINERAL DEED,3204,0117 - 0119,"BOECKMAN, EUGENE W.","TIMBERWOLF MINERALS, LLC",S12 T15N R07W NW,3 : View,TIMBERWOLF MINERALS LLC
https://okcountyrecords.com/detail/Kingfisher/2019-001268,1,Kingfisher,2019-02-13,2019-001268,MINERAL DEED,3204,0120 - 0122,"GAMBILL, ELAINE DENISE","TIMBERWOLF MINERALS, LLC",S12 T15N R07W NW,3 : View,TIMBERWOLF MINERALS LLC
https://okcountyrecords.com/detail/Kingfisher/2019-001269,1,Kingfisher,2019-02-13,2019-001269,MINERAL DEED,3204,0123 - 0125,"PARRISH, JANEL R.","TIMBERWOLF MINERALS, LLC",NOT OUR LEGAL,3 : View,TIMBERWOLF MINERALS LLC
https://okcountyrecords.com/detail/Blaine/2019-000761,1,Blaine,2019-02-15,2019-000761,Mortgage - Minerals,1376,0447 - 0465,TIMBERWOLF MINERALS LLC,INTERNATIONAL BANK OF COMMERCE,S35 T14N R11W S04 T14N R12W 55 more…,19 : View,TIMBERWOLF MINERALS LLC
https://okcountyrecords.com/detail/Custer/2019-000863,1,Custer,2019-02-15,2019-000863,Mortgage Security Agree & Financing Statement,1832,0736 - 0753,TIMBERWOLF MINERALS LLC,INTERNATIONAL BANK OF COMMERCE,S22 T15N R14W A S27 T15N R14W A 5 more…,18 : View,TIMBERWOLF MINERALS LLC
https://okcountyrecords.com/detail/Kingfisher/2019-001461,1,Kingfisher,2019-02-19,2019-001461,MINERAL DEED,3206,0163 - 0165,"BOECKMAN, DONALD L.","TIMBERWOLF MINERALS, LLC",S12 T15N R07W NW,3 : View,TIMBERWOLF MINERALS LLC
https://okcountyrecords.com/detail/Kingfisher/2019-001462,1,Kingfisher,2019-02-19,2019-001462,MINERAL DEED,3206,0166 - 0168,"BOECKMAN, RUTH REVOCABLE LIVING TRUST BOECKMAN, GARY REVOCABLE LIVING TRUST","TIMBERWOLF MINERALS, LLC",S12 T15N R07W NW,3 : View,TIMBERWOLF MINERALS LLC
https://okcountyrecords.com/detail/Blaine/2019-000802,1,Blaine,2019-02-19,2019-000802,Mineral Deed,1376,0624 - 0626,"NOACK, MARA LEA","TIMBERWOLF MINERALS, LLC",S25 T16N R10W NE,3 : View,TIMBERWOLF MINERALS LLC
https://okcountyrecords.com/detail/Blaine/2019-000803,1,Blaine,2019-02-19,2019-000803,Mineral Deed,1376,0627 - 0629,"DEBRAVO, FELICIA MARIE FRANCIS","TIMBERWOLF MINERALS, LLC",S25 T16N R10W NE,3 : View,TIMBERWOLF MINERALS LLC
https://okcountyrecords.com/detail/Blaine/2019-000804,1,Blaine,2019-02-19,2019-000804,Mineral Deed,1376,0630 - 0632,"WILLS, ARDITH JANE WILLS, ARMEL LEON","TIMBERWOLF MINERALS, LLC",S20 T14N R11W N2 NW,3 : View,TIMBERWOLF MINERALS LLC
