url,Rank,County,Recorded,Instrument,Type,Book,Page(s),Grantor,Grantee,Legal Description,Images,company
https://okcountyrecords.com/detail/Kingfisher/2018-010481,3,Kingfisher,2018-10-26,2018-010481,MINERAL DEED,3177,0142 - 0144,"TIMBERWOLF MINERALS, LLC","CHERRY CREEK MINERALS, LLC",S16 T15N R08W SE,3 : View,TIMBERWOLF MINERALS LLC
https://okcountyrecords.com/detail/Blaine/2018-007287,1,Blaine,2018-10-30,2018-007287,Mineral Deed,1364,0282 - 0284,"WALKER, VANESSA G",TIMBERWOLF MINERALS LLC,S19 T15N R10W W2 NE,3 : View,TIMBERWOLF MINERALS LLC
https://okcountyrecords.com/detail/Blaine/2018-007288,1,Blaine,2018-10-30,2018-007288,Warranty Deed,1364,0285 - 0287,"BIDWELL, MARY ELIZABETH WILKINSON, TRUSTEE BIDWELL FAMILY TRUST BIDWELL, TERRENCE GUINMAN, TRUTSTEE",TIMBERWOLF MINERALS LLC,S24 T15N R12W NE,3 : View,TIMBERWOLF MINERALS LLC
https://okcountyrecords.com/detail/Kingfisher/2018-010603,1,Kingfisher,2018-10-31,2018-010603,MINERAL DEED,3178,0238 - 0240,"HENDERSON, HELEN I. ATTONRNEY-IN-FACT","TIMBERWOLF MINERALS, LLC",S14 T15N R09W NW S14 T15N R09W S2 NE,3 : View,TIMBERWOLF MINERALS LLC
https://okcountyrecords.com/detail/Kingfisher/2018-010679,1,Kingfisher,2018-11-02,2018-010679,MINERAL DEED,3179,0101 - 0103,"CERNY, CARRIE","TIMBERWOLF MINERALS, LLC",S14 T15N R06W N2 SW S14 T15N R06W SE Partial,3 : View,TIMBERWOLF MINERALS LLC
https://okcountyrecords.com/detail/Kingfisher/2018-010680,2,Kingfisher,2018-11-02,2018-010680,Assignment,3179,0104 - 0105,"TIMBERWOLF MINERALS, LLC","TIMBERWOLF ENERGY, LLC",S24 T16N R06W A,2 : View,TIMBERWOLF MINERALS LLC
https://okcountyrecords.com/detail/Kingfisher/2018-010681,3,Kingfisher,2018-11-02,2018-010681,MINERAL DEED,3179,0106 - 0108,"TIMBERWOLF MINERALS, LLC","CHERRY CREEK MINERALS, LLC",S28 T17N R09W N2 S2 NW Partial,3 : View,TIMBERWOLF MINERALS LLC
https://okcountyrecords.com/detail/Kingfisher/2018-010682,3,Kingfisher,2018-11-02,2018-010682,MINERAL DEED,3179,0109 - 0111,"TIMBERWOLF MINERALS, LLC","CHERRY CREEK MINERALS, LLC",S14 T15N R09W NW S14 T15N R09W S2 NE,3 : View,TIMBERWOLF MINERALS LLC
https://okcountyrecords.com/detail/Blaine/2018-007356,3,Blaine,2018-11-02,2018-007356,Mineral Deed,1364,0569 - 0571,TIMBERWOLF MINERALS LLC,CHERRY CREEK MINERALS LLC,S24 T15N R12W NE,3 : View,TIMBERWOLF MINERALS LLC
https://okcountyrecords.com/detail/Blaine/2018-007357,1,Blaine,2018-11-02,2018-007357,Corrected Mineral Deed,1364,0572 - 0574,MUIRFIELD RESOURCES COMPANY 1986 MINERAL PURCHASE,TIMBERWOLF MINERALS LLC,S5 T15N R11W NW,3 : View,TIMBERWOLF MINERALS LLC
https://okcountyrecords.com/detail/Blaine/2018-007489,3,Blaine,2018-11-09,2018-007489,Mineral Deed,1365,0479 - 0481,TIMBERWOLF MINERALS LLC,CHERRY CREEK MINERALS LLC,S19 T15N R10W W2 NE,3 : View,TIMBERWOLF MINERALS LLC
https://okcountyrecords.com/detail/Blaine/2018-007490,1,Blaine,2018-11-09,2018-007490,Mineral Deed,1365,0482 - 0484,TIMBERWOLF MINERALS LLC,CHERRY CREEK MINERALS LLC,S25 T15N R13W NE,3 : View,TIMBERWOLF MINERALS LLC
https://okcountyrecords.com/detail/Kingfisher/2018-011103,1,Kingfisher,2018-11-15,2018-011103,MINERAL DEED,3182,0340 - 0342,"ROWELL, CRYSTAL A.","TIMBERWOLF MINERALS, LLC",S35 T15N R09W W2 SW Partial,3 : View,TIMBERWOLF MINERALS LLC
https://okcountyrecords.com/detail/Kingfisher/2018-011107,1,Kingfisher,2018-11-15,2018-011107,MINERAL DEED,3182,0350 - 0352,THE STEPHEN L. AND JEAN L. NANCE REVOCABLE TRUST,"TIMBERWOLF MINERALS, LLC",S35 T15N R09W W2 SW Partial,3 : View,TIMBERWOLF MINERALS LLC
https://okcountyrecords.com/detail/Kingfisher/2018-011108,1,Kingfisher,2018-11-15,2018-011108,MINERAL DEED,3182,0353 - 0355,"GLAZIER, PERRY J. LIVING TRUST","TIMBERWOLF MINERALS, LLC",S35 T15N R09W W2 SW Partial,3 : View,TIMBERWOLF MINERALS LLC
