url,Rank,County,Recorded,Instrument,Type,Book,Page(s),Grantor,Grantee,Legal Description,Images,company
https://okcountyrecords.com/detail/Grady/2017-013861,3,Grady,2017-06-16,2017-013861,Mineral Deed,5239,0058 - 0060,TIMBERWOLF MINERALS LLC,LONGPOINT MINERALS LLC,S07 T9N R6W S08 T9N R6W 1 more…,3 : View,TIMBERWOLF MINERALS LLC
https://okcountyrecords.com/detail/Grady/2017-013860,1,Grady,2017-06-16,2017-013860,Mineral Deed,5239,0055 - 0057,TIMBERWOLF MINERALS LLC,LONGPOINT MINERALS LLC,S33 T8N R6W,3 : View,TIMBERWOLF MINERALS LLC
https://okcountyrecords.com/detail/Grady/2017-013859,1,Grady,2017-06-16,2017-013859,Mineral Deed,5239,0052 - 0054,TIMBERWOLF MINERALS LLC,LONGPOINT MINERALS LLC,S15 T8N R7W,3 : View,TIMBERWOLF MINERALS LLC
https://okcountyrecords.com/detail/Grady/2017-013858,3,Grady,2017-06-16,2017-013858,Mineral Deed,5239,0049 - 0051,TIMBERWOLF MINERALS LLC,LONGPOINT MINERALS LLC,S07 T9N R6W S08 T9N R6W 1 more…,3 : View,TIMBERWOLF MINERALS LLC
https://okcountyrecords.com/detail/Blaine/2017-005887,1,Blaine,2017-06-16,2017-005887,Mineral Deed,1285,0555 - 0558,TIMBERWOLF MINERALS LLC,LONGPOINT MINERALS LLC,S29 T15N R11W SE S04 T15N R11W S2 SE 29 more…,4 : View,TIMBERWOLF MINERALS LLC
https://okcountyrecords.com/detail/Blaine/2017-005888,1,Blaine,2017-06-16,2017-005888,Mineral Deed,1285,0559 - 0561,TIMBERWOLF MINERALS LLC,LONGPOINT MINERALS LLC,S06 T14N R11W NE S01 T14N R12W NE 1 more…,3 : View,TIMBERWOLF MINERALS LLC
https://okcountyrecords.com/detail/Blaine/2017-005889,3,Blaine,2017-06-16,2017-005889,Mineral Deed,1285,0562 - 0564,TIMBERWOLF MINERALS LLC,LONGPOINT MINERALS LLC,S06 T14N R11W NE S01 T14N R12W NE 1 more…,3 : View,TIMBERWOLF MINERALS LLC
https://okcountyrecords.com/detail/Blaine/2017-005890,3,Blaine,2017-06-16,2017-005890,Mineral Deed,1285,0565 - 0567,TIMBERWOLF MINERALS LLC,LONGPOINT MINERALS LLC,S04 T14N R12W S2 NE L1-2 S04 T14N R12W SE,3 : View,TIMBERWOLF MINERALS LLC
https://okcountyrecords.com/detail/Blaine/2017-005891,1,Blaine,2017-06-16,2017-005891,Mineral Deed,1285,0568 - 0570,TIMBERWOLF MINERALS LLC,LONGPOINT MINERALS LLC,S12 T15N R11W NW,3 : View,TIMBERWOLF MINERALS LLC
https://okcountyrecords.com/detail/Blaine/2017-005892,1,Blaine,2017-06-16,2017-005892,Mineral Deed,1285,0571 - 0573,TIMBERWOLF MINERALS LLC,LONGPOINT MINERALS LLC,S24 T15N R12W SE S25 T15N R12W NW 22 more…,3 : View,TIMBERWOLF MINERALS LLC
https://okcountyrecords.com/detail/Blaine/2017-005893,3,Blaine,2017-06-16,2017-005893,Mineral Deed,1285,0574 - 0576,TIMBERWOLF MINERALS LLC,LONGPOINT MINERALS LLC,S07 T16N R10W W2 NE S07 T16N R10W E2 NW 7 more…,3 : View,TIMBERWOLF MINERALS LLC
https://okcountyrecords.com/detail/Blaine/2017-005894,3,Blaine,2017-06-16,2017-005894,Mineral Deed,1285,0577 - 0579,TIMBERWOLF MINERALS LLC,LONGPOINT MINERALS LLC,S30 T14N R13W SE,3 : View,TIMBERWOLF MINERALS LLC
https://okcountyrecords.com/detail/Kingfisher/2017-007091,3,Kingfisher,2017-06-16,2017-007091,MINERAL DEED,3032,0372 - 0374,"TIMBERWOLF MINERALS, LLC","LONGPOINT MINERALS, LLC",S33 T16N R09W W2 NW,3 : View,TIMBERWOLF MINERALS LLC
https://okcountyrecords.com/detail/Blaine/2017-005895,3,Blaine,2017-06-16,2017-005895,Mineral Deed,1285,0580 - 0582,TIMBERWOLF MINERALS LLC,LONGPOINT MINERALS LLC,S24 T15N R12W W2,3 : View,TIMBERWOLF MINERALS LLC
https://okcountyrecords.com/detail/Kingfisher/2017-007092,3,Kingfisher,2017-06-16,2017-007092,MINERAL DEED,3032,0375 - 0377,"TIMBERWOLF MINERALS, LLC","LONGPOINT MINERALS, LLC",S18 T15N R08W NE,3 : View,TIMBERWOLF MINERALS LLC
