url,Rank,County,Recorded,Instrument,Type,Book,Page(s),Grantor,Grantee,Legal Description,Images,company
https://okcountyrecords.com/detail/Blaine/2017-004236,1,Blaine,2017-04-28,2017-004236,Mineral Deed,1277,0059 - 0061,"BUTTRY, RANDY A. BUTTRY, CYNTHIA WHITE EAGLE",TIMBERWOLF MINERALS LLC,S01 T13N R11W ROCK ISLAND ADDITION GEARY B16 L5-6,3 : View,TIMBERWOLF MINERALS LLC
https://okcountyrecords.com/detail/Kingfisher/2017-004933,1,Kingfisher,2017-05-01,2017-004933,MINERAL DEED,3014,0194 - 0196,"SEAMLESS PANORAMIC, LLC","TIMBERWOLF MINERALS, LLC",S23 T15N R08W SE,3 : View,TIMBERWOLF MINERALS LLC
https://okcountyrecords.com/detail/Grady/2017-009716,1,Grady,2017-05-01,2017-009716,Mineral Deed,5212,0564 - 0566,"JOHNS, JANNA C",TIMBERWOLF MINERALS LLC,S34 T9N R6W S36 T9N R6W,3 : View,TIMBERWOLF MINERALS LLC
https://okcountyrecords.com/detail/Grady/2017-009715,1,Grady,2017-05-01,2017-009715,Mineral Deed,5212,0561 - 0563,"MCMAHAN, DEANNA K THOMAS A MCMAHAN TRUST MCMAHAN, THOMAS A",TIMBERWOLF MINERALS LLC,S06 T10N R8W,3 : View,TIMBERWOLF MINERALS LLC
https://okcountyrecords.com/detail/Grady/2017-009714,1,Grady,2017-05-01,2017-009714,Mineral Deed,5212,0558 - 0560,"BURKHOLDER, EDWARD GERALD",TIMBERWOLF MINERALS LLC,S29 T8N R7W,3 : View,TIMBERWOLF MINERALS LLC
https://okcountyrecords.com/detail/Blaine/2017-004317,1,Blaine,2017-05-02,2017-004317,Mineral Deed,1277,0369 - 0371,M.B. WHITE INC,TIMBERWOLF MINERALS LLC,S18 T15N R10W NE,3 : View,TIMBERWOLF MINERALS LLC
https://okcountyrecords.com/detail/Grady/2017-009932,1,Grady,2017-05-03,2017-009932,Mineral Deed,5214,0357 - 0359,"ANDERSON, TERRY R",TIMBERWOLF MINERALS LLC,S06 T10N R8W,3 : View,TIMBERWOLF MINERALS LLC
https://okcountyrecords.com/detail/Kingfisher/2017-005121,1,Kingfisher,2017-05-04,2017-005121,MINERAL DEED,3015,0324 - 0326,"TIMBERWOLF MINERALS, LLC","LONGPOINT MINERALS, LLC",S23 T15N R08W SE,3 : View,TIMBERWOLF MINERALS LLC
https://okcountyrecords.com/detail/Kingfisher/2017-005122,3,Kingfisher,2017-05-04,2017-005122,MINERAL DEED,3015,0327 - 0329,"TIMBERWOLF MINERALS, LLC","LONGPOINT MINERALS, LLC",S27 T17N R09W SE,3 : View,TIMBERWOLF MINERALS LLC
https://okcountyrecords.com/detail/Kingfisher/2017-005123,1,Kingfisher,2017-05-04,2017-005123,MINERAL DEED,3015,0330 - 0332,"TIMBERWOLF MINERALS, LLC","LONGPOINT MINERALS, LLC",S16 T17N R09W SW S17 T17N R09W E2 SE,3 : View,TIMBERWOLF MINERALS LLC
https://okcountyrecords.com/detail/Kingfisher/2017-005124,1,Kingfisher,2017-05-04,2017-005124,MIN DEED CORR,3015,0333 - 0335,"TIMBERWOLF MINERALS, LLC","LONGPOINT MINERALS, LLC",S27 T17N R09W SE,3 : View,TIMBERWOLF MINERALS LLC
https://okcountyrecords.com/detail/Kingfisher/2017-005125,1,Kingfisher,2017-05-04,2017-005125,MINERAL DEED,3015,0336 - 0338,"YOST, JOY LYNN","TIMBERWOLF MINERALS, LLC",S33 T16N R09W W2 NW,3 : View,TIMBERWOLF MINERALS LLC
https://okcountyrecords.com/detail/Grady/2017-010151,3,Grady,2017-05-04,2017-010151,Mineral Deed,5215,0450 - 0452,TIMBERWOLF MINERALS LLC,LONGPOINT MINERALS LLC,S06 T10N R8W,3 : View,TIMBERWOLF MINERALS LLC
https://okcountyrecords.com/detail/Grady/2017-010150,1,Grady,2017-05-04,2017-010150,Mineral Deed,5215,0447 - 0449,TIMBERWOLF MINERALS LLC,LONGPOINT MINERALS LLC,S34 T9N R6W S36 T9N R6W,3 : View,TIMBERWOLF MINERALS LLC
https://okcountyrecords.com/detail/Blaine/2017-004418,1,Blaine,2017-05-04,2017-004418,Mineral Deed,1277,0700 - 0702,"GIBLET, ROSS GIBLET, JESSICA",TIMBERWOLF MINERALS LLC,S19 T16N R13W NE,3 : View,TIMBERWOLF MINERALS LLC
