url,Rank,County,Recorded,Instrument,Type,Book,Page(s),Grantor,Grantee,Legal Description,Images,company
https://okcountyrecords.com/detail/Blaine/2018-004422,1,Blaine,2018-06-28,2018-004422,Mineral Deed,1345,0205 - 0207,"MILLER, CINDY C.",TIMBERWOLF MINERALS LLC,S09 T16N R11W N2 N2 NW,3 : View,TIMBERWOLF MINERALS LLC
https://okcountyrecords.com/detail/Grady/2018-013003,2,Grady,2018-06-28,2018-013003,Mineral Deed,5444,0089 - 0091,MAETO PARTNERS LLC,TIMBERWOLF MINERALS LLC,S05 T5N R5W S11 T5N R6W 1 more…,3 : View,TIMBERWOLF MINERALS LLC
https://okcountyrecords.com/detail/Kingfisher/2018-006522,1,Kingfisher,2018-06-28,2018-006522,MINERAL DEED,3141,0508 - 0510,"STRUCK, DANNY LEE","TIMBERWOLF MINERALS, LLC",S8 T15N R06W NW,3 : View,TIMBERWOLF MINERALS LLC
https://okcountyrecords.com/detail/Blaine/2018-004464,1,Blaine,2018-07-02,2018-004464,Mineral Deed,1345,0394 - 0396,TIMBERWOLF MINERALS LLC,CHERRY CREEK MINERALS LLC,S22 T17N R10W NW S22 T17N R10W SW Partial,3 : View,TIMBERWOLF MINERALS LLC
https://okcountyrecords.com/detail/Blaine/2018-004465,1,Blaine,2018-07-02,2018-004465,Mineral Deed,1345,0397 - 0399,TIMBERWOLF MINERALS LLC,CHERRY CREEK MINERALS LLC,S07 T14N R13W SE NE S07 T14N R13W NE SE 2 more…,3 : View,TIMBERWOLF MINERALS LLC
https://okcountyrecords.com/detail/Grady/2018-013180,3,Grady,2018-07-02,2018-013180,Mineral Deed,5445,0154 - 0156,TIMBERWOLF MINERALS LLC,CHERRY CREEK MINERALS LLC,S05 T5N R5W S11 T5N R6W 1 more…,3 : View,TIMBERWOLF MINERALS LLC
https://okcountyrecords.com/detail/Kingfisher/2018-006628,3,Kingfisher,2018-07-02,2018-006628,MINERAL DEED,3142,0416 - 0418,"TIMBERWOLF MINERALS, LLC","CHERRY CREEK MINERALS, LLC",S18 T17N R09W NE S18 T17N R09W E2 NW,3 : View,TIMBERWOLF MINERALS LLC
https://okcountyrecords.com/detail/Blaine/2018-004510,1,Blaine,2018-07-03,2018-004510,Mineral Deed,1345,0665 - 0667,"MARRIOTT, TERRY DON",TIMBERWOLF MINERALS LLC,S26 T14N R11W SW,3 : View,TIMBERWOLF MINERALS LLC
https://okcountyrecords.com/detail/Blaine/2018-004511,1,Blaine,2018-07-03,2018-004511,Mineral Deed,1345,0668 - 0670,"AUSTIN JR., BUCK AUSTIN, BETTY",TIMBERWOLF MINERALS LLC,S01 T13N R11W CITY OF GEARY B42 L23-25,3 : View,TIMBERWOLF MINERALS LLC
https://okcountyrecords.com/detail/Kingfisher/2018-006802,3,Kingfisher,2018-07-10,2018-006802,MINERAL DEED,3144,0513 - 0516,TIMBERWOLF MINERALS LLC,BRIGHAM MINERALS LLC,S28 T15N R06W SE,4 : View,TIMBERWOLF MINERALS LLC
https://okcountyrecords.com/detail/Blaine/2018-004589,1,Blaine,2018-07-10,2018-004589,Mineral Deed,1346,0639 - 0642,"TIMBERWOLF MINERALS, LLC WILLIAMS, DOYLE MANAGER",BRIGHAM MINERALS,S20 T16N R11W BEALS OUTLOT WATONGA B3 L9,4 : View,TIMBERWOLF MINERALS LLC
https://okcountyrecords.com/detail/Blaine/2018-004729,1,Blaine,2018-07-13,2018-004729,Mineral Deed,1347,0564 - 0566,"SPIRO, JONATHAN",TIMBERWOLF MINERALS LLC,S28 T14N R13W SW NW S28 T14N R13W W2 SW,3 : View,TIMBERWOLF MINERALS LLC
https://okcountyrecords.com/detail/Blaine/2018-004730,1,Blaine,2018-07-13,2018-004730,Mineral Deed,1347,0567 - 0569,"SPIRO, MICHAEL",TIMBERWOLF MINERALS LLC,S28 T14N R13W SW NW S28 T14N R13W W2 SW,3 : View,TIMBERWOLF MINERALS LLC
https://okcountyrecords.com/detail/Kingfisher/2018-006983,1,Kingfisher,2018-07-16,2018-006983,MINERAL DEED,3146,0222 - 0224,"VESELY, STEVE SR.","TIMBERWOLF MINERALS, LLC",S31 T17N R08W N2 NE S31 T17N R08W SE NE,3 : View,TIMBERWOLF MINERALS LLC
https://okcountyrecords.com/detail/Blaine/2018-004798,1,Blaine,2018-07-17,2018-004798,Mineral Deed,1348,0036 - 0038,"DILLMAN, CHARLOTTE A.",TIMBERWOLF MINERALS LLC,S20 T16N R12W E2 S32 T17N R10W NW,3 : View,TIMBERWOLF MINERALS LLC
