url,Rank,County,Recorded,Instrument,Type,Book,Page(s),Grantor,Grantee,Legal Description,Images,company
https://okcountyrecords.com/detail/Blaine/2017-006861,3.0,Blaine,2017-07-14,2017-006861,Mineral Deed,1291,0155 - 0157,TIMBERWOLF MINERALS LLC,LONGPOINT MINERALS LLC,S21 T15N R12W SW S21 T15N R12W NW,3 : View,TIMBERWOLF MINERALS LLC
https://okcountyrecords.com/detail/Blaine/2017-006862,1.0,Blaine,2017-07-14,2017-006862,Mineral Deed,1291,0158 - 0160,TIMBERWOLF MINERALS LLC,LONGPOINT MINERALS LLC,S18 T16N R13W NE,3 : View,TIMBERWOLF MINERALS LLC
https://okcountyrecords.com/detail/Blaine/2017-006863,1.0,Blaine,2017-07-14,2017-006863,Mineral Deed,1291,0161 - 0163,"DENNIS, RICKY CALEB",TIMBERWOLF MINERALS LLC,S30 T17N R13W W2,3 : View,TIMBERWOLF MINERALS LLC
https://okcountyrecords.com/detail/Kingfisher/2017-008122,3.0,Kingfisher,2017-07-14,2017-008122,MINERAL DEED,3040,0133 - 0135,"TIMBERWOLF MINERALS, LLC","LONGPOINT MINERALS, LLC",S24 T15N R07W SE,3 : View,TIMBERWOLF MINERALS LLC
https://okcountyrecords.com/detail/Kingfisher/2017-008123,3.0,Kingfisher,2017-07-14,2017-008123,MINERAL DEED,3040,0136 - 0138,"TIMBERWOLF MINERALS, LLC","LONGPOINT MINERALS, LLC",S24 T15N R07W SE,3 : View,TIMBERWOLF MINERALS LLC
https://okcountyrecords.com/detail/Kingfisher/2017-008124,3.0,Kingfisher,2017-07-14,2017-008124,MINERAL DEED,3040,0139 - 0141,"TIMBERWOLF MINERALS, LLC","LONGPOINT MINERALS, LLC","S06 T15N R08W SE NE S06 T15N R08W SW NE L1,2 2 more…",3 : View,TIMBERWOLF MINERALS LLC
https://okcountyrecords.com/detail/Kingfisher/2017-008125,3.0,Kingfisher,2017-07-14,2017-008125,MINERAL DEED,3040,0142 - 0144,"TIMBERWOLF MINERALS, LLC","LONGPOINT MINERALS, LLC",S31 T15N R08W SE S31 T15N R08W NE,3 : View,TIMBERWOLF MINERALS LLC
https://okcountyrecords.com/detail/Blaine/2017-006941,2.0,Blaine,2017-07-18,2017-006941,Mineral Deed,1291,0456 - 0458,"WWR RESOURCES, LLC","TIMBERWOLF MINERALS, LLC",S19 T17N R13W NW S20 T17N R13W S2,3 : View,TIMBERWOLF MINERALS LLC
https://okcountyrecords.com/detail/Kingfisher/2017-008222,3.0,Kingfisher,2017-07-19,2017-008222,DEED,3040,0480 - 0482,"TIMBERWOLF MINERALS, LLC","LONGPOINT MINERALS, LLC",S36 T15N R09W W2 SW Partial,3 : View,TIMBERWOLF MINERALS LLC
https://okcountyrecords.com/detail/Grady/2017-016226,1.0,Grady,2017-07-20,2017-016226,Mineral Deed,5253,0411 - 0413,"HUDSON, THOMAS",TIMBERWOLF MINERALS LLC,S09 T8N R5W,3 : View,TIMBERWOLF MINERALS LLC
https://okcountyrecords.com/detail/Grady/2017-016227,3.0,Grady,2017-07-20,2017-016227,Mineral Deed,5253,0414 - 0416,TIMBERWOLF MINERALS LLC,LONGPOINT MINERALS LLC,S12 T8N R6W,3 : View,TIMBERWOLF MINERALS LLC
https://okcountyrecords.com/detail/Grady/2017-016441,1.0,Grady,2017-07-21,2017-016441,Mineral Deed,5255,0330 - 0332,ARBUCKLE MINERAL LLC,TIMBERWOLF MINERALS LLC,S23 T9N R8W,3 : View,TIMBERWOLF MINERALS LLC
https://okcountyrecords.com/detail/Grady/2017-016440,1.0,Grady,2017-07-21,2017-016440,Mineral Deed,5255,0327 - 0329,"NIEHOFF, JERIANN H",TIMBERWOLF MINERALS LLC,S09 T8N R5W,3 : View,TIMBERWOLF MINERALS LLC
https://okcountyrecords.com/detail/Blaine/2017-007089,2.5,Blaine,2017-07-24,2017-007089,Mineral Deed,1292,0328 - 0330,TIMBERWOLF MINERALS LLC,SHADOW CREEK MINERALS II LLC,S19 T17N R13W NE S20 T17N R13W NW,3 : View,TIMBERWOLF MINERALS LLC
https://okcountyrecords.com/detail/Custer/2017-005411,1.0,Custer,2017-07-25,2017-005411,Mineral Deed,1765,0724 - 0726,"IVEY, CHERYL",TIMBERWOLF MINERALS LLC,S22 T15N R14W W2 S27 T15N R14W W2 NW,3 : View,TIMBERWOLF MINERALS LLC
