url,Rank,County,Recorded,Instrument,Type,Book,Page(s),Grantor,Grantee,Legal Description,Images,company
https://okcountyrecords.com/detail/Stephens/2020-009369,1.0,Stephens,2020-11-12,2020-009369,Mineral Deed,5887,0013 - 0015,TIMBERWOLF MINERALS LLC,ECKARD LAND & ACQUISITION,S9 T2N R4W,3 : View,TIMBERWOLF MINERALS LLC
https://okcountyrecords.com/detail/Blaine/2020-003397,1.2,Blaine,2020-11-12,2020-003397,Mineral Deed,1450,0249 - 0251,"TIMBERWOLF MINERALS, LLC WILLIAMS, CHASE Z. MANAGER","ECKARD LAND & ACQUISITION, LLC",S18 T15N R13W NE,3 : View,TIMBERWOLF MINERALS LLC
https://okcountyrecords.com/detail/Love/2020-004044,1.0,Love,2020-11-13,2020-004044,Mineral Deed,906,0520 - 0522,BOLDING CATHY GRISSOM,TIMBERWOLF MINERALS LLC,12 6 S 1 W NW SE; N SW SE; SW SW SE; W SE SW SE,3 : View,TIMBERWOLF MINERALS LLC
https://okcountyrecords.com/detail/McClain/2020-012075,2.0,McClain,2020-11-16,2020-012075,Mineral Deed,2661,0137 - 0139,TIMBERWOLF MINERALS LLC,ECKARD LAND & ACQUISITION LLC,7 8N4W,3 : View,TIMBERWOLF MINERALS LLC
https://okcountyrecords.com/detail/McClain/2020-012076,1.0,McClain,2020-11-16,2020-012076,Mineral Deed,2661,0140 - 0142,TIMBERWOLF MINERALS LLC,ECKARD LAND & ACQUISITION LLC,7 8N4W,3 : View,TIMBERWOLF MINERALS LLC
https://okcountyrecords.com/detail/McClain/2020-012077,1.0,McClain,2020-11-16,2020-012077,Mineral Deed,2661,0143 - 0145,TIMBERWOLF MINERALS LLC,ECKARD LAND & ACQUISITION LLC,7 8N4W,3 : View,TIMBERWOLF MINERALS LLC
https://okcountyrecords.com/detail/Kingfisher/2020-005748,1.0,Kingfisher,2020-11-16,2020-005748,MINERAL DEED,3348,0587 - 0589,"MACOMBER, LEA ANN","TIMBERWOLF MINERALS, LLC",S25 T15N R09W E2 NE S26 T15N R09W N2 NW,3 : View,TIMBERWOLF MINERALS LLC
https://okcountyrecords.com/detail/Kingfisher/2020-005749,1.0,Kingfisher,2020-11-16,2020-005749,MINERAL DEED,3348,0590 - 0592,"MACOMBER, LEA ANN","TIMBERWOLF MINERALS, LLC",S5 T15N R08W W2 NW S21 T15N R08W SW 2 more…,3 : View,TIMBERWOLF MINERALS LLC
https://okcountyrecords.com/detail/McClain/2020-012197,1.0,McClain,2020-11-17,2020-012197,Mineral Deed,2661,0569 - 0571,"GRAVES, CAROLYN TRIMMER",TIMBERWOLF MINERALS LLC,"4 5N4W 33, 34 6N4W",3 : View,TIMBERWOLF MINERALS LLC
https://okcountyrecords.com/detail/McClain/2020-012198,1.0,McClain,2020-11-17,2020-012198,Mineral Deed,2661,0572 - 0574,"RODGERS, DEBRA ANN",TIMBERWOLF MINERALS LLC,"33, 34 6N4W 4 5N4W",3 : View,TIMBERWOLF MINERALS LLC
https://okcountyrecords.com/detail/McClain/2020-012362,1.0,McClain,2020-11-23,2020-012362,Mineral Deed,2662,0378 - 0380,TIMBERWOLF MINERALS LLC,ECKARD LAND & ACQUISITION LLC,"4 5N4W 33, 34 6N4W",3 : View,TIMBERWOLF MINERALS LLC
https://okcountyrecords.com/detail/McClain/2020-012363,1.0,McClain,2020-11-23,2020-012363,Mineral Deed,2662,0381 - 0383,TIMBERWOLF MINERALS LLC,ECKARD LAND & ACQUISITION LLC,"33, 34 6N4W 4 5N4W",3 : View,TIMBERWOLF MINERALS LLC
https://okcountyrecords.com/detail/Kingfisher/2020-005882,2.0,Kingfisher,2020-11-24,2020-005882,MINERAL DEED,3349,0501 - 0503,"TIMBERWOLF MINERALS, LLC","ECKARD LAND & ACQUISTION, LLC","S4 T15N R07W S2 NE L1,2",3 : View,TIMBERWOLF MINERALS LLC
https://okcountyrecords.com/detail/Kingfisher/2020-005898,2.0,Kingfisher,2020-11-25,2020-005898,MINERAL DEED,3349,0556 - 0558,"TIMBERWOLF MINERALS, LLC","ECKARD LAND & ACQUISITION, LLC",S8 T15N R08W W2 NW S21 T15N R08W SW 2 more…,3 : View,TIMBERWOLF MINERALS LLC
https://okcountyrecords.com/detail/Kingfisher/2021-000022,1.0,Kingfisher,2021-01-05,2021-000022,MINERAL DEED,3355,0460 - 0462,"ASHBY, DAVID N.","TIMBERWOLF MINERALS, LLC",S7 T17N R07W NE,3 : View,TIMBERWOLF MINERALS LLC
