url,Rank,County,Recorded,Instrument,Type,Book,Page(s),Grantor,Grantee,Legal Description,Images,company
https://okcountyrecords.com/detail/Blaine/2019-000805,1,Blaine,2019-02-19,2019-000805,Mineral Deed,1376,0633 - 0635,"BURGESS, MARK BURGESS, RUTH","TIMBERWOLF MINERALS, LLC",S24 T15N R11W SE,3 : View,TIMBERWOLF MINERALS LLC
https://okcountyrecords.com/detail/Garvin/2019-001174,1,Garvin,2019-02-19,2019-001174,MINERAL DEED,2254,0034 - 0036,"GARNER,JOHN",TIMBERWOLF MINERALS LLC,S15 T4N R4W E2 SE SE SE Partial S22 T4N R4W,3 : View,TIMBERWOLF MINERALS LLC
https://okcountyrecords.com/detail/Kingfisher/2019-001632,1,Kingfisher,2019-02-21,2019-001632,MINERAL DEED,3207,0285 - 0287,"BOECKMAN, SCOTT","TIMBERWOLF MINERALS, LLC",S32 T17N R09W NW,3 : View,TIMBERWOLF MINERALS LLC
https://okcountyrecords.com/detail/Kingfisher/2019-001633,1,Kingfisher,2019-02-21,2019-001633,MINERAL DEED,3207,0288 - 0290,"RAUH, CINDY RAUH, KELLY DON","TIMBERWOLF MINERALS, LLC",S32 T17N R09W NW,3 : View,TIMBERWOLF MINERALS LLC
https://okcountyrecords.com/detail/Kingfisher/2019-001634,1,Kingfisher,2019-02-21,2019-001634,DEED CORR,3207,0291 - 0293,"PARRISH, JANEL R.","TIMBERWOLF MINERALS, LLC",S12 T15N R07W NW,3 : View,TIMBERWOLF MINERALS LLC
https://okcountyrecords.com/detail/Blaine/2019-000928,3,Blaine,2019-02-25,2019-000928,Mineral Deed,1377,0494 - 0496,TIMBERWOLF MINERALS LLC,CHERRY CREEK MINERALS LLC,S25 T16N R10W NE,3 : View,TIMBERWOLF MINERALS LLC
https://okcountyrecords.com/detail/Blaine/2019-000929,1,Blaine,2019-02-25,2019-000929,Mineral Deed,1377,0497 - 0499,TIMBERWOLF MINERALS LLC,CHERRY CREEK MINERALS LLC,S26 T16N R10W NE,3 : View,TIMBERWOLF MINERALS LLC
https://okcountyrecords.com/detail/Kingfisher/2019-001715,1,Kingfisher,2019-02-25,2019-001715,MINERAL DEED,3207,0565 - 0567,"LAFORTE, NANCY RUTH","TIMBERWOLF MINERALS, LLC",S19 T15N R08W NE,3 : View,TIMBERWOLF MINERALS LLC
https://okcountyrecords.com/detail/Kingfisher/2019-001716,1,Kingfisher,2019-02-25,2019-001716,MINERAL DEED,3207,0568 - 0570,THE MILES FAMILY 2016 IRREVOCABLE TRUST,"TIMBERWOLF MINERALS, LLC",S12 T15N R07W NW,3 : View,TIMBERWOLF MINERALS LLC
https://okcountyrecords.com/detail/Kingfisher/2019-001717,3,Kingfisher,2019-02-25,2019-001717,MINERAL DEED,3207,0571 - 0573,"TIMBERWOLF MINERALS, LLC","CHERRY CREEK MINERALS, LLC",S32 T17N R09W NW,3 : View,TIMBERWOLF MINERALS LLC
https://okcountyrecords.com/detail/Kingfisher/2019-001718,3,Kingfisher,2019-02-25,2019-001718,MINERAL DEED,3207,0574 - 0576,"TIMBERWOLF MINERALS, LLC","CHERRY CREEK MINERALS, LLC",S12 T15N R07W NW,3 : View,TIMBERWOLF MINERALS LLC
https://okcountyrecords.com/detail/Kingfisher/2019-001719,3,Kingfisher,2019-02-25,2019-001719,MINERAL DEED,3207,0577 - 0579,"TIMBERWOLF MINERALS, LLC","CHERRY CREEK MINERALS, LLC",S12 T15N R07W NW,3 : View,TIMBERWOLF MINERALS LLC
https://okcountyrecords.com/detail/Kingfisher/2019-001720,3,Kingfisher,2019-02-25,2019-001720,MINERAL DEED,3207,0580 - 0582,"TIMBERWOLF MINERALS, LLC","CHERRY CREEK MINERALS, LLC",S12 T15N R07W NW,3 : View,TIMBERWOLF MINERALS LLC
https://okcountyrecords.com/detail/Kingfisher/2019-001721,3,Kingfisher,2019-02-25,2019-001721,MINERAL DEED,3207,0583 - 0585,"TIMBERWOLF MINERALS, LLC","CHERRY CREEK MINERALS, LLC",S12 T15N R07W NW,3 : View,TIMBERWOLF MINERALS LLC
https://okcountyrecords.com/detail/Kingfisher/2019-001722,3,Kingfisher,2019-02-25,2019-001722,MINERAL DEED,3207,0586 - 0588,"TIMBERWOLF MINERALS, LLC","CHERRY CREEK MINERALS, LLC",S28 T15N R07W E2 NE S28 T15N R07W S2 NW,3 : View,TIMBERWOLF MINERALS LLC
