url,Rank,County,Recorded,Instrument,Type,Book,Page(s),Grantor,Grantee,Legal Description,Images,company
https://okcountyrecords.com/detail/Custer/2018-000741,1,Custer,2018-02-07,2018-000741,Mineral Deed,1787,0271 - 0273,"DAVISON, WILLANNA T. DAVISON, WILLANNA THRELKHELD DAVISON, WILLANNA THRELKHELD, WILLANNA 1 more…",TIMBERWOLF MINERALS LLC,S34 T15N R15W NE S34 T15N R15W SE Partial,3 : View,TIMBERWOLF MINERALS LLC
https://okcountyrecords.com/detail/Custer/2018-000742,1,Custer,2018-02-07,2018-000742,Mineral Deed,1787,0274 - 0276,"THRELKELD, BILL",TIMBERWOLF MINERALS LLC,S34 T15N R15W NE S34 T15N R15W SE Partial,3 : View,TIMBERWOLF MINERALS LLC
https://okcountyrecords.com/detail/Custer/2018-000743,1,Custer,2018-02-07,2018-000743,Mineral Deed,1787,0277 - 0279,"DUKE, MARILYN",TIMBERWOLF MINERALS LLC,S34 T15N R15W NE S34 T15N R15W SE Partial,3 : View,TIMBERWOLF MINERALS LLC
https://okcountyrecords.com/detail/Kingfisher/2018-001533,1,Kingfisher,2018-02-12,2018-001533,MINERAL DEED,3101,0320 - 0322,"KOTWITZ, CYNTHIA","TIMBERWOLF MINERALS, LLC",S08 T16N R07W SW,3 : View,TIMBERWOLF MINERALS LLC
https://okcountyrecords.com/detail/Kingfisher/2018-001534,1,Kingfisher,2018-02-12,2018-001534,MINERAL DEED,3101,0323 - 0325,"KOTTWITZ, BUTCH","TIMBERWOLF MINERALS, LLC",S8 T16N R07W SW,3 : View,TIMBERWOLF MINERALS LLC
https://okcountyrecords.com/detail/Grady/2018-003323,3,Grady,2018-02-15,2018-003323,Mineral Deed,5377,0102 - 0104,TIMBERWOLF MINERALS LLC,LONGPOINT MINERALS LLC,S29 T8N R6W,3 : View,TIMBERWOLF MINERALS LLC
https://okcountyrecords.com/detail/Grady/2018-003322,1,Grady,2018-02-15,2018-003322,Mineral Deed,5377,0099 - 0101,TIMBERWOLF MINERALS LLC,LONGPOINT MINERALS LLC,S18 T10N R5W,3 : View,TIMBERWOLF MINERALS LLC
https://okcountyrecords.com/detail/Grady/2018-003321,3,Grady,2018-02-15,2018-003321,Mineral Deed,5377,0096 - 0098,TIMBERWOLF MINERALS LLC,LONGPOINT MINERALS LLC,S36 T9N R8W,3 : View,TIMBERWOLF MINERALS LLC
https://okcountyrecords.com/detail/Grady/2018-003320,3,Grady,2018-02-15,2018-003320,Mineral Deed,5377,0093 - 0095,TIMBERWOLF MINERALS LLC,LONGPOINT MINERALS LLC,S21 T8N R7W,3 : View,TIMBERWOLF MINERALS LLC
https://okcountyrecords.com/detail/Blaine/2018-001145,1,Blaine,2018-02-15,2018-001145,Mineral Deed,1326,0524 - 0526,TIMBERWOLF MINERALS LLC,LONGPOINT MINERALS LLC,S04 T14N R12W S2 NE L1-2 S04 T14N R12W SE,3 : View,TIMBERWOLF MINERALS LLC
https://okcountyrecords.com/detail/Blaine/2018-001146,1,Blaine,2018-02-15,2018-001146,Mineral Deed,1326,0527 - 0529,TIMBERWOLF MINERALS LLC,LONGPOINT MINERALS LLC,S04 T14N R12W S2 NE L1-2 S04 T14N R12W SE,3 : View,TIMBERWOLF MINERALS LLC
https://okcountyrecords.com/detail/Blaine/2018-001147,1,Blaine,2018-02-15,2018-001147,Mineral Deed,1326,0530 - 0532,TIMBERWOLF MINERALS LLC,LONGPOINT MINERALS LLC,S33 T17N R11W SW,3 : View,TIMBERWOLF MINERALS LLC
https://okcountyrecords.com/detail/Blaine/2018-001148,1,Blaine,2018-02-15,2018-001148,Mineral Deed,1326,0533 - 0535,"BERG, CONNIE JEAN",TIMBERWOLF MINERALS LLC,S02 T13N R12W NW L3-4 S02 T13N R12W W2 NE 1 more…,3 : View,TIMBERWOLF MINERALS LLC
https://okcountyrecords.com/detail/Kingfisher/2018-001702,2,Kingfisher,2018-02-15,2018-001702,MINERAL DEED,3104,0360 - 0362,"TIMBERWOLF MINERALS, LLC",LONG POINT ENERGY LLC,S7 T17N R09W SE,3 : View,TIMBERWOLF MINERALS LLC
https://okcountyrecords.com/detail/Kingfisher/2018-001703,2,Kingfisher,2018-02-15,2018-001703,MINERAL DEED,3104,0363 - 0365,"TIMBERWOLF MINERALS, LLC",LONG POINT ENERGY LLC,S33 T16N R09W W2 NW,3 : View,TIMBERWOLF MINERALS LLC
