url,Rank,County,Recorded,Instrument,Type,Book,Page(s),Grantor,Grantee,Legal Description,Images,company
https://okcountyrecords.com/detail/Kingfisher/2019-002091,1,Kingfisher,2019-03-11,2019-002091,MINERAL DEED,3211,0033 - 0035,"DOBBS, JENNIFER MARGARET DOBBS, KEVIN S.","TIMBERWOLF MINERALS, LLC",S22 T15N R06W SE S34 T15N R06W N2 NE 1 more…,3 : View,TIMBERWOLF MINERALS LLC
https://okcountyrecords.com/detail/Blaine/2019-001240,2,Blaine,2019-03-13,2019-001240,Mineral Deed,1379,0674 - 0676,PEAK ENERGY LLC,TIMBERWOLF MINERALS LLC,S09 T15N R10W W2 NW,3 : View,TIMBERWOLF MINERALS LLC
https://okcountyrecords.com/detail/Blaine/2019-001241,1,Blaine,2019-03-13,2019-001241,Mineral Deed,1379,0677 - 0679,PEAK ENERGY LLC,TIMBERWOLF MINERALS LLC,S04 T15N R10W N2 S2,3 : View,TIMBERWOLF MINERALS LLC
https://okcountyrecords.com/detail/Blaine/2019-001315,3,Blaine,2019-03-15,2019-001315,Mineral Deed,1380,0246 - 0248,TIMBERWOLF MINERALS LLC,CHERRY CREEK MINERALS LLC,S09 T15N R10W W2 NW,3 : View,TIMBERWOLF MINERALS LLC
https://okcountyrecords.com/detail/Blaine/2019-001316,1,Blaine,2019-03-15,2019-001316,Mineral Deed,1380,0249 - 0251,TIMBERWOLF MINERALS LLC,CHERRY CREEK MINERALS LLC,S35 T15N R10W NW S35 T15N R10W N2 SW,3 : View,TIMBERWOLF MINERALS LLC
https://okcountyrecords.com/detail/Blaine/2019-001317,3,Blaine,2019-03-15,2019-001317,Mineral Deed,1380,0252 - 0254,TIMBERWOLF MINERALS LLC,CHERRY CREEK MINERALS LLC,S21 T14N R11W SW,3 : View,TIMBERWOLF MINERALS LLC
https://okcountyrecords.com/detail/Blaine/2019-001318,3,Blaine,2019-03-15,2019-001318,Mineral Deed,1380,0255 - 0257,TIMBERWOLF MINERALS LLC,CHERRY CREEK MINERALS LLC,S09 T15N R10W W2 NW,3 : View,TIMBERWOLF MINERALS LLC
https://okcountyrecords.com/detail/Blaine/2019-001319,3,Blaine,2019-03-15,2019-001319,Mineral Deed,1380,0258 - 0260,TIMBERWOLF MINERALS LLC,CHERRY CREEK MINERALS LLC,S04 T15N R10W N2 S2,3 : View,TIMBERWOLF MINERALS LLC
https://okcountyrecords.com/detail/Kingfisher/2019-002323,1,Kingfisher,2019-03-15,2019-002323,MINERAL DEED,3212,0495 - 0497,"POTTS, MAJORIE RILEY","TIMBERWOLF MINERALS, LLC","S4 T15N R07W S2 NE S4 T15N R07W L1,2",3 : View,TIMBERWOLF MINERALS LLC
https://okcountyrecords.com/detail/Garvin/2019-002012,2,Garvin,2019-03-22,2019-002012,MINERAL DEED,2257,0727 - 0729,SOUTHWEST ENERGY PARTNERS LLC,TIMBERWOLF MINERALS LLC,S30 T3N R3W L3 S30 T3N R3W L4--S2 Partial 4 more…,3 : View,TIMBERWOLF MINERALS LLC
https://okcountyrecords.com/detail/Blaine/2019-001418,1,Blaine,2019-03-22,2019-001418,Mineral Deed,1380,0525 - 0527,"FLESHMAN AGENCY INC FLESHMAN, BOB D.",TIMBERWOLF MINERALS LLC,S23 T17N R11W NW,3 : View,TIMBERWOLF MINERALS LLC
https://okcountyrecords.com/detail/Blaine/2019-001419,1,Blaine,2019-03-22,2019-001419,Mineral Deed,1380,0528 - 0530,"CONRAD, KIM HARDESTY",TIMBERWOLF MINERALS LLC,S31 T16N R11W E2 SW,3 : View,TIMBERWOLF MINERALS LLC
https://okcountyrecords.com/detail/Blaine/2019-001420,2,Blaine,2019-03-22,2019-001420,Mineral Deed,1380,0531 - 0533,"BELMONT ENERGY PARTNERS LLC MCCUMBER, ARIC",TIMBERWOLF MINERALS LLC,S1 T13N R11W SE ERICKS ADDITION GEARY B10 L3-20,3 : View,TIMBERWOLF MINERALS LLC
https://okcountyrecords.com/detail/Kingfisher/2019-002656,1,Kingfisher,2019-03-27,2019-002656,MINERAL DEED,3215,0201 - 0204,"WITTROCK, MARK F. WITTROCK, MARY F.","TIMBERWOLF MINERALS, LLC",S34 T15N R06W SE,4 : View,TIMBERWOLF MINERALS LLC
https://okcountyrecords.com/detail/Garvin/2019-002150,2,Garvin,2019-03-28,2019-002150,MEMORANDUM,2258,0157,TIMBERWOLF MINERALS LLC,TIMBERWOLF ENERGY LLC,S30 T3N R3W NW SW S30 T3N R3W SW SW SW 3 more…,1 : View,TIMBERWOLF MINERALS LLC
