url,Rank,County,Recorded,Instrument,Type,Book,Page(s),Grantor,Grantee,Legal Description,Images,company
https://okcountyrecords.com/detail/Custer/2017-004690,1,Custer,2017-06-23,2017-004690,Mineral Deed,1762,0292 - 0294,"BRANDT, H RICHARD BRANDT, RICHARD BRANDT, H. RICHARD",TIMBERWOLF MINERALS LLC,S1 T14N R15W S2 NW L3 S1 T14N R15W L4 1 more…,3 : View,TIMBERWOLF MINERALS LLC
https://okcountyrecords.com/detail/Custer/2017-004691,1,Custer,2017-06-23,2017-004691,Mineral Deed,1762,0295 - 0297,"BRANDT, LARRY KENNETH BRANDT, JUDITH",TIMBERWOLF MINERALS LLC,S1 T14N R15W L4 S1 T14N R15W S2 NW L3 1 more…,3 : View,TIMBERWOLF MINERALS LLC
https://okcountyrecords.com/detail/Custer/2017-004692,1,Custer,2017-06-23,2017-004692,Mineral Deed,1762,0298 - 0300,"STERN, KENNETH STERN, LOIS ELAINE STERN, A. KENNETH AND LOIS E TRUST STERN, A. KENNETH 1 more…",TIMBERWOLF MINERALS LLC,S1 T14N R15W L4 S1 T14N R15W S2 NW L3 1 more…,3 : View,TIMBERWOLF MINERALS LLC
https://okcountyrecords.com/detail/Custer/2017-004693,1,Custer,2017-06-23,2017-004693,Mineral Deed,1762,0301 - 0303,"COX, CAROL JEAN COX, ROBERT DALE",TIMBERWOLF MINERALS LLC,S1 T14N R15W L4 S1 T14N R15W S2 NW L3 1 more…,3 : View,TIMBERWOLF MINERALS LLC
https://okcountyrecords.com/detail/Custer/2017-004694,1,Custer,2017-06-23,2017-004694,Mineral Deed,1762,0304 - 0306,"FISHER, ROY L",TIMBERWOLF MINERALS LLC,S5 T15N R15W S2 NW S5 T15N R15W W2 SW 3 more…,3 : View,TIMBERWOLF MINERALS LLC
https://okcountyrecords.com/detail/Kingfisher/2017-007392,1,Kingfisher,2017-06-23,2017-007392,MINERAL DEED,3034,0540 - 0542,"LARGE, CHARLES","TIMBERWOLF MINERALS, LLC",S06 T15N R08W SE NE S06 T15N R08W SW NE 3 more…,3 : View,TIMBERWOLF MINERALS LLC
https://okcountyrecords.com/detail/Kingfisher/2017-007393,1,Kingfisher,2017-06-23,2017-007393,MINERAL DEED,3034,0543 - 0545,"LEMKE, TRAVIS R.","TIMBERWOLF MINERALS, LLC",S24 T15N R07W SE,3 : View,TIMBERWOLF MINERALS LLC
https://okcountyrecords.com/detail/Kingfisher/2017-007394,1,Kingfisher,2017-06-23,2017-007394,MINERAL DEED,3034,0546 - 0548,"LEMKE, TAMYA J.","TIMBERWOLF MINERALS, LLC",S24 T15N R07W SE,3 : View,TIMBERWOLF MINERALS LLC
https://okcountyrecords.com/detail/Dewey/2017-005437,1,Dewey,2017-06-23,2017-005437,Mineral Deed,1677,0613 - 0615,"FISHER, ROY L",TIMBERWOLF MINERALS LLC,S32 T16N R15W E2,3 : View,TIMBERWOLF MINERALS LLC
https://okcountyrecords.com/detail/Blaine/2017-006177,1,Blaine,2017-06-23,2017-006177,Mineral Deed,1287,0378 - 0380,"ROSS, JOEL E. ROSS, DARLENE M.",TIMBERWOLF MINERALS LLC,S19 T16N R11W TOWN OF WATONGA B27 LE-17' OF LOT 11 & 12,3 : View,TIMBERWOLF MINERALS LLC
https://okcountyrecords.com/detail/Blaine/2017-006178,1,Blaine,2017-06-23,2017-006178,Mineral Deed,1287,0381 - 0383,"RIKANSRUD, JR., ALVIN R.",TIMBERWOLF MINERALS LLC,S11 T14N R12W SE,3 : View,TIMBERWOLF MINERALS LLC
https://okcountyrecords.com/detail/Blaine/2017-006188,1,Blaine,2017-06-23,2017-006188,Mineral Deed,1287,0405 - 0407,"MASQUELIER, PRESTON W MASQUELIER, CANDY",TIMBERWOLF MINERALS LLC,S21 T16N R13W SE S21 T16N R13W S2 NE 1 more…,3 : View,TIMBERWOLF MINERALS LLC
https://okcountyrecords.com/detail/Grady/2017-014533,2,Grady,2017-06-26,2017-014533,Mineral Deed,5242,0521 - 0523,SAINTS ENERGY LLC,TIMBERWOLF MINERALS LLC,S30 T9N R5W,3 : View,TIMBERWOLF MINERALS LLC
https://okcountyrecords.com/detail/Custer/2017-004764,2,Custer,2017-06-27,2017-004764,Memorandum Of Oil & Gas,1762,0548,TIMBERWOLF MINERALS LLC,TIMBERWOLF ENERGY LLC,S6 T15N R15W W2 NE S6 T15N R15W SE NE 1 more…,1 : View,TIMBERWOLF MINERALS LLC
https://okcountyrecords.com/detail/Dewey/2017-005560,2,Dewey,2017-06-27,2017-005560,Memorand,1678,0474,TIMBERWOLF MINERALS LLC,TIMBERWOLF ENERGY LLC,S32 T16N R15W E2,1 : View,TIMBERWOLF MINERALS LLC
