url,Rank,County,Recorded,Instrument,Type,Book,Page(s),Grantor,Grantee,Legal Description,Images,company
https://okcountyrecords.com/detail/Blaine/2017-003626,1,Blaine,2017-04-13,2017-003626,Mineral Deed,1274,0078 - 0080,TIMBERWOLF MINERALS LLC,LONGPOINT MINERALS LLC,S28 T16N R11W SE Partial,3 : View,TIMBERWOLF MINERALS LLC
https://okcountyrecords.com/detail/Blaine/2017-003627,1,Blaine,2017-04-13,2017-003627,Mineral Deed,1274,0081 - 0083,TIMBERWOLF MINERALS LLC,LONGPOINT MINERALS LLC,S21 T15N R12W SW S21 T15N R12W NW,3 : View,TIMBERWOLF MINERALS LLC
https://okcountyrecords.com/detail/Blaine/2017-003628,1,Blaine,2017-04-13,2017-003628,Mineral Deed,1274,0084 - 0086,TIMBERWOLF MINERALS LLC,LONGPOINT MINERALS LLC,S14 T13N R13W SW,3 : View,TIMBERWOLF MINERALS LLC
https://okcountyrecords.com/detail/Blaine/2017-003629,1,Blaine,2017-04-13,2017-003629,Mineral Deed,1274,0087 - 0089,TIMBERWOLF MINERALS LLC,LONGPOINT MINERALS LLC,S33 T14N R12W E2,3 : View,TIMBERWOLF MINERALS LLC
https://okcountyrecords.com/detail/Blaine/2017-003630,3,Blaine,2017-04-13,2017-003630,Mineral Deed,1274,0090 - 0092,TIMBERWOLF MINERALS LLC,LONGPOINT MINERALS LLC,S01 T13N R11W SW NW L4,3 : View,TIMBERWOLF MINERALS LLC
https://okcountyrecords.com/detail/Blaine/2017-003631,1,Blaine,2017-04-13,2017-003631,Mineral Deed,1274,0093 - 0095,TIMBERWOLF MINERALS LLC,LONGPOINT MINERALS LLC,S14 T14N R11W SE,3 : View,TIMBERWOLF MINERALS LLC
https://okcountyrecords.com/detail/Blaine/2017-003632,3,Blaine,2017-04-13,2017-003632,Mineral Deed,1274,0096 - 0098,TIMBERWOLF MINERALS LLC,LONGPOINT MINERALS LLC,S09 T14N R13W NE,3 : View,TIMBERWOLF MINERALS LLC
https://okcountyrecords.com/detail/Custer/2017-002777,1,Custer,2017-04-13,2017-002777,Mineral Deed,1752,0001 - 0003,TIMBERWOLF MINERALS LLC,MEP MID-CON III LLC,S26 T15N R15W NE Partial,3 : View,TIMBERWOLF MINERALS LLC
https://okcountyrecords.com/detail/Custer/2017-002778,2,Custer,2017-04-13,2017-002778,Mineral Deed,1752,0004 - 0006,TIMBERWOLF MINERALS LLC,MEP MID-CON III LLC,S8 T15N R15W NE NE S8 T15N R15W NW,3 : View,TIMBERWOLF MINERALS LLC
https://okcountyrecords.com/detail/Custer/2017-002779,2,Custer,2017-04-13,2017-002779,Mineral Deed,1752,0007 - 0009,TIMBERWOLF MINERALS LLC,MEP MID-CON III LLC,S7 T15N R15W NW,3 : View,TIMBERWOLF MINERALS LLC
https://okcountyrecords.com/detail/Custer/2017-002780,1,Custer,2017-04-13,2017-002780,Mineral Deed,1752,0010 - 0012,TIMBERWOLF MINERALS LLC,MEP MID-CON III LLC,S8 T14N R14W N2 NW,3 : View,TIMBERWOLF MINERALS LLC
https://okcountyrecords.com/detail/Custer/2017-002781,1,Custer,2017-04-13,2017-002781,Mineral Deed,1752,0013 - 0015,TIMBERWOLF MINERALS LLC,MEP MID-CON III LLC,S29 T15N R15W NW,3 : View,TIMBERWOLF MINERALS LLC
https://okcountyrecords.com/detail/Custer/2017-002782,2,Custer,2017-04-13,2017-002782,Mineral Deed,1752,0016 - 0018,TIMBERWOLF MINERALS LLC,MEP MID-CON III LLC,S30 T14N R14W SE,3 : View,TIMBERWOLF MINERALS LLC
https://okcountyrecords.com/detail/Dewey/2017-003380,1,Dewey,2017-04-17,2017-003380,Mineral Deed,1666,0167 - 0169,TIMBERWOLF MINERALS LLC,MEP MID-CON III LLC,S17 T16N R14W SW,3 : View,TIMBERWOLF MINERALS LLC
https://okcountyrecords.com/detail/Dewey/2017-003381,2,Dewey,2017-04-17,2017-003381,Mineral Deed,1666,0170 - 0172,TIMBERWOLF MINERALS LLC,MEP MID-CON III LLC,S17 T16N R14W NE S17 T16N R14W SW 5 more…,3 : View,TIMBERWOLF MINERALS LLC
