url,Rank,County,Recorded,Instrument,Type,Book,Page(s),Grantor,Grantee,Legal Description,Images,company
https://okcountyrecords.com/detail/Blaine/2017-003277,1,Blaine,2017-04-04,2017-003277,Mineral Deed,1271,0681 - 0683,"DICLEMENTE, CLAUDIA R",TIMBERWOLF MINERALS LLC,S09 T14N R13W NE,3 : View,TIMBERWOLF MINERALS LLC
https://okcountyrecords.com/detail/Blaine/2017-003278,1,Blaine,2017-04-04,2017-003278,Mineral Deed,1271,0684 - 0686,"BLACKBEAR JR., JAMES",TIMBERWOLF MINERALS LLC,S01 T13N R11W ROCK ISLAND ADDITION GEARY B6 L11-12,3 : View,TIMBERWOLF MINERALS LLC
https://okcountyrecords.com/detail/Blaine/2017-003345,1,Blaine,2017-04-05,2017-003345,Mineral Deed,1272,0172 - 0175,"GRUBB, RONALD J",TIMBERWOLF MINERALS LLC,S01 T13N R11W SW NW L4 S01 T13N R11W E2 NW,4 : View,TIMBERWOLF MINERALS LLC
https://okcountyrecords.com/detail/Dewey/2017-003049,1,Dewey,2017-04-06,2017-003049,Mineral Deed,1664,0258 - 0260,"MINTON, JAY C",TIMBERWOLF MINERALS LLC,S17 T16N R14W NE S17 T16N R14W SW,3 : View,TIMBERWOLF MINERALS LLC
https://okcountyrecords.com/detail/Blaine/2017-003519,1,Blaine,2017-04-11,2017-003519,Mineral Deed,1273,0289 - 0295,"CRUM, SHARILYN K BURNS, DWIGHT L BURNS, DALE RANDLE, JACQUELIN A 1 more…",TIMBERWOLF MINERALS LLC,S24 T14N R13W SE S25 T13N R12W NE 1 more…,7 : View,TIMBERWOLF MINERALS LLC
https://okcountyrecords.com/detail/Custer/2017-002731,1,Custer,2017-04-11,2017-002731,Mineral Deed,1751,0654 - 0657,"COMBS, JOYCE ANN LAIR, DEBRA L. GREASER, THELMA L.",TIMBERWOLF MINERALS LLC,S8 T14N R14W N2 NW,4 : View,TIMBERWOLF MINERALS LLC
https://okcountyrecords.com/detail/Blaine/2017-003587,1,Blaine,2017-04-12,2017-003587,Mineral Deed,1273,0619 - 0621,"RYCROFT, PHYLLIS L., TRUSTEE RYCROFT 2009 REVOCABLE TRUST RYCROFT, R.G., TRUSTEE",TIMBERWOLF MINERALS LLC,S25 T15N R12W SE,3 : View,TIMBERWOLF MINERALS LLC
https://okcountyrecords.com/detail/Kingfisher/2017-004303,1,Kingfisher,2017-04-13,2017-004303,MINERAL DEED,3009,0581 - 0583,"TIMBERWOLF MINERALS, LLC","LONGPOINT MINERALS, LLC",S27 T16N R09W E2 SW,3 : View,TIMBERWOLF MINERALS LLC
https://okcountyrecords.com/detail/Blaine/2017-003619,1,Blaine,2017-04-13,2017-003619,Mineral Deed,1274,0057 - 0059,TIMBERWOLF MINERALS LLC,MEP MID-CON III LLC,S24 T14N R13W SE S25 T14N R13W SW,3 : View,TIMBERWOLF MINERALS LLC
https://okcountyrecords.com/detail/Blaine/2017-003620,1,Blaine,2017-04-13,2017-003620,Mineral Deed,1274,0060 - 0062,TIMBERWOLF MINERALS LLC,MEP MID-CON III LLC,S31 T14N R13W W2,3 : View,TIMBERWOLF MINERALS LLC
https://okcountyrecords.com/detail/Blaine/2017-003621,1,Blaine,2017-04-13,2017-003621,Mineral Deed,1274,0063 - 0065,TIMBERWOLF MINERALS LLC,MEP MID-CON III LLC,S18 T15N R13W SW S19 T15N R13W NW 1 more…,3 : View,TIMBERWOLF MINERALS LLC
https://okcountyrecords.com/detail/Blaine/2017-003622,3,Blaine,2017-04-13,2017-003622,Mineral Deed,1274,0066 - 0068,TIMBERWOLF MINERALS LLC,LONGPOINT MINERALS LLC,S14 T14N R11W SE,3 : View,TIMBERWOLF MINERALS LLC
https://okcountyrecords.com/detail/Blaine/2017-003623,1,Blaine,2017-04-13,2017-003623,Mineral Deed,1274,0069 - 0071,TIMBERWOLF MINERALS LLC,LONGPOINT MINERALS LLC,S01 T17N R10W NE,3 : View,TIMBERWOLF MINERALS LLC
https://okcountyrecords.com/detail/Blaine/2017-003624,1,Blaine,2017-04-13,2017-003624,Mineral Deed,1274,0072 - 0074,TIMBERWOLF MINERALS LLC,LONGPOINT MINERALS LLC,S32 T17N R11W NW S32 T17N R11W E2 SW,3 : View,TIMBERWOLF MINERALS LLC
https://okcountyrecords.com/detail/Blaine/2017-003625,3,Blaine,2017-04-13,2017-003625,Mineral Deed,1274,0075 - 0077,TIMBERWOLF MINERALS LLC,LONGPOINT MINERALS LLC,S06 T16N R10W NW,3 : View,TIMBERWOLF MINERALS LLC
