url,Rank,County,Recorded,Instrument,Type,Book,Page(s),Grantor,Grantee,Legal Description,Images,company
https://okcountyrecords.com/detail/Custer/2017-007769,1,Custer,2017-11-08,2017-007769,Corrected Mineral Deed,1778,0019 - 0021,TIMBERWOLF MINERALS LLC,MEP MID-CON III LLC,S12 T14N R14W S2,3 : View,TIMBERWOLF MINERALS LLC
https://okcountyrecords.com/detail/Custer/2017-007770,1,Custer,2017-11-08,2017-007770,Corrected Mineral Deed,1778,0022 - 0025,TIMBERWOLF MINERALS LLC,MEP MID-CON III LLC,S13 T14N R14W SW S15 T14N R14W SE 7 more…,4 : View,TIMBERWOLF MINERALS LLC
https://okcountyrecords.com/detail/Custer/2017-007771,1,Custer,2017-11-08,2017-007771,Corrected Mineral Deed,1778,0026 - 0028,TIMBERWOLF MINERALS LLC,MEP MID-CON III LLC,S1 T14N R15W NW S4 T14N R15W SW,3 : View,TIMBERWOLF MINERALS LLC
https://okcountyrecords.com/detail/Grady/2017-025640,1,Grady,2017-11-08,2017-025640,Correct Mineral Deed,5326,0267 - 0272,"JUNK, THOMAS M CATHERINE M PARKER IRREVOCABLE TRUST ROBERT L PARKER SR FAMILY LP",TIMBERWOLF MINERALS LLC,S08 T8N R7W S07 T8N R7W 1 more…,6 : View,TIMBERWOLF MINERALS LLC
https://okcountyrecords.com/detail/Grady/2017-025639,1,Grady,2017-11-08,2017-025639,Mineral Deed,5326,0264 - 0266,TIMBERWOLF MINERALS LLC,LONGPOINT MINERALS LLC,S20 T6N R5W,3 : View,TIMBERWOLF MINERALS LLC
https://okcountyrecords.com/detail/Grady/2017-025638,1,Grady,2017-11-08,2017-025638,Mineral Deed,5326,0261 - 0263,TIMBERWOLF MINERALS LLC,LONGPOINT MINERALS LLC,S11 T6N R6W,3 : View,TIMBERWOLF MINERALS LLC
https://okcountyrecords.com/detail/Grady/2017-025637,1,Grady,2017-11-08,2017-025637,Mineral Deed,5326,0258 - 0260,TIMBERWOLF MINERALS LLC,LONGPOINT MINERALS LLC,S07 T9N R7W,3 : View,TIMBERWOLF MINERALS LLC
https://okcountyrecords.com/detail/Grady/2017-025636,1,Grady,2017-11-08,2017-025636,Mineral Deed,5326,0255 - 0257,TIMBERWOLF MINERALS LLC,LONGPOINT MINERALS LLC,S31 T6N R5W S32 T6N R5W,3 : View,TIMBERWOLF MINERALS LLC
https://okcountyrecords.com/detail/Grady/2017-025635,1,Grady,2017-11-08,2017-025635,Mineral Deed,5326,0252 - 0254,TIMBERWOLF MINERALS LLC,LONGPOINT MINERALS LLC,S23 T9N R7W,3 : View,TIMBERWOLF MINERALS LLC
https://okcountyrecords.com/detail/Grady/2017-025634,1,Grady,2017-11-08,2017-025634,Mineral Deed,5326,0249 - 0251,TIMBERWOLF MINERALS LLC,LONGPOINT MINERALS LLC,S08 T8N R7W S07 T8N R7W,3 : View,TIMBERWOLF MINERALS LLC
https://okcountyrecords.com/detail/Grady/2017-025633,1,Grady,2017-11-08,2017-025633,Mineral Deed,5326,0246 - 0248,TIMBERWOLF MINERALS LLC,LONGPOINT MINERALS LLC,S02 T7N R7W,3 : View,TIMBERWOLF MINERALS LLC
https://okcountyrecords.com/detail/Grady/2017-025632,1,Grady,2017-11-08,2017-025632,Mineral Deed,5326,0243 - 0245,TIMBERWOLF MINERALS LLC,LONGPOINT MINERALS LLC,S28 T7N R6W S29 T7N R6W,3 : View,TIMBERWOLF MINERALS LLC
https://okcountyrecords.com/detail/Grady/2017-025631,3,Grady,2017-11-08,2017-025631,Mineral Deed,5326,0240 - 0242,TIMBERWOLF MINERALS LLC,LONGPOINT MINERALS LLC,S14 T9N R7W,3 : View,TIMBERWOLF MINERALS LLC
https://okcountyrecords.com/detail/Blaine/2017-010440,1,Blaine,2017-11-08,2017-010440,Corrected Mineral Deed,1312,0335 - 0337,TIMBERWOLF MINERALS LLC,MEP OKLAHOMA LLC,S05 T13N R13W SW S07 T13N R13W S2 SE 3 more…,3 : View,TIMBERWOLF MINERALS LLC
https://okcountyrecords.com/detail/Blaine/2017-010441,1,Blaine,2017-11-08,2017-010441,Corrected Mineral Deed,1312,0338 - 0340,TIMBERWOLF MINERALS LLC,MEP OKLAHOMA LLC,S14 T17N R11W NE,3 : View,TIMBERWOLF MINERALS LLC
