url,Rank,County,Recorded,Instrument,Type,Book,Page(s),Grantor,Grantee,Legal Description,Images,company
https://okcountyrecords.com/detail/Blaine/2016-021522,1,Blaine,2016-12-19,2016-021522,Mineral Deed,1252,0334 - 0337,"BIXLER-KELLER, CHARLENE","TIMBERWOLF MINERALS, LLC",S14 T13N R13W SW,4 : View,TIMBERWOLF MINERALS LLC
https://okcountyrecords.com/detail/Blaine/2016-021523,1,Blaine,2016-12-19,2016-021523,Mineral Deed,1252,0338 - 0342,"CRITCHFIELD, LILLIAN B. CRITCHFIELD JR., JOHN HERBERT NEAL, DEBRA SUE CRITCHFIELD, BERNICE H. 2 more…",TIMBERWOLF MINERALS LLC,S35 T14N R11W NE,5 : View,TIMBERWOLF MINERALS LLC
https://okcountyrecords.com/detail/Blaine/2016-021524,1,Blaine,2016-12-19,2016-021524,Mineral Deed,1252,0343 - 0345,"DUNLAVY, ROBERT V DUNLAVY, MARGARET",TIMBERWOLF MINERALS LLC,S03 T14N R11W W2 SE,3 : View,TIMBERWOLF MINERALS LLC
https://okcountyrecords.com/detail/Blaine/2016-021525,1,Blaine,2016-12-19,2016-021525,Mineral Deed,1252,0346 - 0349,"EARNEST, LINDA",TIMBERWOLF MINERALS LLC,S10 T15N R13W SW,4 : View,TIMBERWOLF MINERALS LLC
https://okcountyrecords.com/detail/Blaine/2016-021526,1,Blaine,2016-12-19,2016-021526,Mineral Deed,1252,0350 - 0352,"SPAETH, JOHN A SPAETH, SHIRLEY J",TIMBERWOLF MINERALS LLC,S12 T17N R11W E2 NE S12 T17N R11W SE 6 more…,3 : View,TIMBERWOLF MINERALS LLC
https://okcountyrecords.com/detail/Blaine/2016-021526,1,Blaine,2016-12-19,2016-021526,Mineral Deed,1252,0350 - 0352,"SPAETH, JOHN A SPAETH, SHIRLEY J",TIMBERWOLF MINERALS LLC,S12 T17N R11W E2 NE S12 T17N R11W SE 6 more…,3 : View,TIMBERWOLF MINERALS LLC
https://okcountyrecords.com/detail/Custer/2016-008094,2,Custer,2016-12-21,2016-008094,Mineral Deed,1736,0361 - 0363,"ZELLA K. & GEORGE CONKLING FAMILY INVESTMENTS LLC CONKLING, ZELLA K. & GEORGE FAMILY INVESTMENTS LL",TIMBERWOLF MINERALS LLC,S2 T14N R14W SE S11 T14N R14W NE,3 : View,TIMBERWOLF MINERALS LLC
https://okcountyrecords.com/detail/Blaine/2016-021627,1,Blaine,2016-12-21,2016-021627,Mineral Deed,1253,0078 - 0080,"HUMPHREY, JIM",TIMBERWOLF MINERALS LLC,S10 T15N R13W SW,3 : View,TIMBERWOLF MINERALS LLC
https://okcountyrecords.com/detail/Blaine/2016-021628,1,Blaine,2016-12-21,2016-021628,Mineral Deed,1253,0081 - 0083,"MOL, MITZIE",TIMBERWOLF MINERALS LLC,S19 T13N R13W SW S19 T13N R13W S2 SE 2 more…,3 : View,TIMBERWOLF MINERALS LLC
https://okcountyrecords.com/detail/Blaine/2016-021629,1,Blaine,2016-12-21,2016-021629,Mineral Deed,1253,0084 - 0086,"KLAASSEN, TERRAL KLAASSEN, PAM",TIMBERWOLF MINERALS LLC,S28 T13N R13W NW S31 T13N R13W NE 2 more…,3 : View,TIMBERWOLF MINERALS LLC
https://okcountyrecords.com/detail/Blaine/2016-021630,1,Blaine,2016-12-21,2016-021630,Mineral Deed,1253,0087 - 0089,"WYATT, CYNTHIA RANEA",TIMBERWOLF MINERALS LLC,S31 T13N R13W NE S31 T13N R13W SE 1 more…,3 : View,TIMBERWOLF MINERALS LLC
https://okcountyrecords.com/detail/Blaine/2016-021631,1,Blaine,2016-12-21,2016-021631,Mineral Deed,1253,0090 - 0092,"KLAASSEN, LADONNA JANE",TIMBERWOLF MINERALS LLC,S31 T13N R13W NE S31 T13N R13W SE 1 more…,3 : View,TIMBERWOLF MINERALS LLC
https://okcountyrecords.com/detail/Blaine/2016-021703,1,Blaine,2016-12-22,2016-021703,Mineral Deed,1253,0446 - 0448,"LOHRMANN, NANCY ANN",TIMBERWOLF MINERALS LLC,S13 T15N R13W S2,3 : View,TIMBERWOLF MINERALS LLC
https://okcountyrecords.com/detail/Blaine/2016-021703,1,Blaine,2016-12-22,2016-021703,Mineral Deed,1253,0446 - 0448,"LOHRMANN, NANCY ANN",TIMBERWOLF MINERALS LLC,S13 T15N R13W S2,3 : View,TIMBERWOLF MINERALS LLC
https://okcountyrecords.com/detail/Blaine/2016-021704,1,Blaine,2016-12-22,2016-021704,Mineral Deed,1253,0449 - 0451,"KLASSEN, TERRAL KLAASSEN, PAM",TIMBERWOLF MINERALS LLC,S28 T13N R13W NW S28 T13N R13W NW 4 more…,3 : View,TIMBERWOLF MINERALS LLC
