url,Rank,County,Recorded,Instrument,Type,Book,Page(s),Grantor,Grantee,Legal Description,Images,company
https://okcountyrecords.com/detail/McClain/2021-003330,2,McClain,2021-03-15,2021-003330,Mineral Deed,2686,0926 - 0928,TIMBERWOLF MINERALS LLC,ECKARD LAND & ACQUISITION LLC,19 7N4W,3 : View,TIMBERWOLF MINERALS LLC
https://okcountyrecords.com/detail/McClain/2021-003501,1,McClain,2021-03-17,2021-003501,Mineral Deed,2687,0576 - 0578,TIMBERWOLF MINERALS LLC,ECKARD LAND & ACQUISITION LLC,18 7N4W,3 : View,TIMBERWOLF MINERALS LLC
https://okcountyrecords.com/detail/McClain/2021-003502,1,McClain,2021-03-17,2021-003502,Mineral Deed,2687,0579 - 0581,TIMBERWOLF MINERALS LLC,ECKARD LAND & ACQUISITION LLC,"13, 14 6N4W",3 : View,TIMBERWOLF MINERALS LLC
https://okcountyrecords.com/detail/McClain/2021-003566,1,McClain,2021-03-18,2021-003566,Mineral Deed,2687,0887 - 0889,TIMBERWOLF MINERALS LLC,ECKARD LAND & ACQUISITION LLC,"13, 14 6N4W",3 : View,TIMBERWOLF MINERALS LLC
https://okcountyrecords.com/detail/Grady/2021-004122,3,Grady,2021-03-25,2021-004122,Mineral Deed,5853,0511 - 0513,TIMBERWOLF MINERALS LLC,CITIZEN MINERAL LLC,S21 T9N R5W,3 : View,TIMBERWOLF MINERALS LLC
https://okcountyrecords.com/detail/Grady/2021-004123,3,Grady,2021-03-25,2021-004123,Mineral Deed,5853,0514 - 0516,TIMBERWOLF MINERALS LLC,CITIZEN MINERAL LLC,S36 T10N R8W,3 : View,TIMBERWOLF MINERALS LLC
https://okcountyrecords.com/detail/Custer/2021-001529,0,Custer,2021-04-01,2021-001529,Affidavit,1922,0476 - 0490,CONTINENTAL RESOURCES INC,DEWBLAINE ENERGY LLC MEP OKLAHOMA LLC WARWICK-JUPITER LLC VP STACK 1 LLC 35 more…,S8 T15N R15W ALL,15 : View,TIMBERWOLF MINERALS LLC
https://okcountyrecords.com/detail/Kingfisher/2021-001683,1,Kingfisher,2021-04-12,2021-001683,MINERAL DEED,3370,0472 - 0474,"MOONSHADOW MINERALS, LLC","TIMBERWOLF MINERALS, LLC",S7 T17N R07W NE S17 T17N R07W NW 2 more…,3 : View,TIMBERWOLF MINERALS LLC
https://okcountyrecords.com/detail/Kingfisher/2021-001740,1,Kingfisher,2021-04-14,2021-001740,MINERAL DEED,3371,0074 - 0076,"TIMBERWOLF MINERALS, LLC","COMANCHE OIL & GAS, INC.,",S7 T17N R07W NE S17 T17N R07W NW 3 more…,3 : View,TIMBERWOLF MINERALS LLC
https://okcountyrecords.com/detail/Kingfisher/2021-001824,1,Kingfisher,2021-04-19,2021-001824,MINERAL DEED,3371,0397 - 0399,"MILLER, TERESA E. MILLER, GEORGE","TIMBERWOLF MINERALS, LLC",S21 T17N R08W N2 NW Partial S21 T17N R08W S2 NW,3 : View,TIMBERWOLF MINERALS LLC
https://okcountyrecords.com/detail/Kingfisher/2021-001833,1,Kingfisher,2021-04-20,2021-001833,MINERAL DEED,3371,0420 - 0422,"POLLOCK, MARK A.","TIMBERWOLF MINERALS, LLC",S21 T17N R08W N2 NW Partial S21 T17N R08W S2 NW,3 : View,TIMBERWOLF MINERALS LLC
https://okcountyrecords.com/detail/Kingfisher/2021-001895,2,Kingfisher,2021-04-22,2021-001895,MINERAL DEED,3372,0077 - 0079,"TIMBERWOLF MINERALS, LLC","ECKARD LAND & ACQUISITION, LLC",S21 T17N R08W N2 NW Partial S21 T17N R08W S2 NW,3 : View,TIMBERWOLF MINERALS LLC
https://okcountyrecords.com/detail/Kingfisher/2021-001906,1,Kingfisher,2021-04-23,2021-001906,MINERAL DEED,3372,0126 - 0129,"VALENCIA, SHARON TRUSTEE VALENCIA, SHARON REVOCABLE TRUST 2018","TIMBERWOLF MINERALS, LLC",S6 T16N R07W SE S6 T16N R07W E2 SW,4 : View,TIMBERWOLF MINERALS LLC
https://okcountyrecords.com/detail/Kingfisher/2021-001907,1,Kingfisher,2021-04-23,2021-001907,MINERAL DEED,3372,0130 - 0132,"WEBSTER, SANDRA J. TRUSTEE WEBSTER, SANDRA J. TRUST","TIMBERWOLF MINERALS, LLC",S6 T16N R07W SE S6 T16N R07W E2 SW,3 : View,TIMBERWOLF MINERALS LLC
https://okcountyrecords.com/detail/Kingfisher/2021-001917,2,Kingfisher,2021-04-23,2021-001917,MINERAL DEED,3372,0169 - 0171,"TIMBERWOLF MINERALS, LLC","ECKARD LAND & ACQUISITION, LLC",S21 T17N R08W N2 NW Partial S21 T17N R08W S2 NW,3 : View,TIMBERWOLF MINERALS LLC
