url,Rank,County,Recorded,Instrument,Type,Book,Page(s),Grantor,Grantee,Legal Description,Images,company
https://okcountyrecords.com/detail/Kingfisher/2017-000586,1,Kingfisher,2017-01-17,2017-000586,MINERAL DEED,2973,0316 - 0318,"TIMBERWOLF MINERALS, LLC","LONGPOINT MINERALS, LLC",S18 T16N R08W SE SE,3 : View,TIMBERWOLF MINERALS LLC
https://okcountyrecords.com/detail/Kingfisher/2017-000587,3,Kingfisher,2017-01-17,2017-000587,MINERAL DEED,2973,0319 - 0321,"TIMBERWOLF MINERALS, LLC","LONGPOINT MINERALS, LLC",S25 T16N R07W SW,3 : View,TIMBERWOLF MINERALS LLC
https://okcountyrecords.com/detail/Kingfisher/2017-000588,1,Kingfisher,2017-01-17,2017-000588,MINERAL DEED,2973,0322 - 0324,"TIMBERWOLF MINERALS, LLC","LONGPOINT MINERALS, LLC",S05 T16N R09W E2,3 : View,TIMBERWOLF MINERALS LLC
https://okcountyrecords.com/detail/Kingfisher/2017-000589,1,Kingfisher,2017-01-17,2017-000589,MINERAL DEED,2973,0325 - 0327,"TIMBERWOLF MINERALS, LLC","LONGPOINT MINERALS, LLC",S16 T15N R08W SE,3 : View,TIMBERWOLF MINERALS LLC
https://okcountyrecords.com/detail/Kingfisher/2017-000590,1,Kingfisher,2017-01-17,2017-000590,MINERAL DEED,2973,0328 - 0330,"TIMBERWOLF MINERALS, LLC","LONGPOINT MINERALS, LLC",S05 T16N R09W E2,3 : View,TIMBERWOLF MINERALS LLC
https://okcountyrecords.com/detail/Kingfisher/2017-000591,1,Kingfisher,2017-01-17,2017-000591,MINERAL DEED,2973,0331 - 0333,"TIMBERWOLF MINERALS, LLC","LONGPOINT MINERALS, LLC",S05 T16N R09W E2,3 : View,TIMBERWOLF MINERALS LLC
https://okcountyrecords.com/detail/Kingfisher/2017-000592,1,Kingfisher,2017-01-17,2017-000592,MINERAL DEED,2973,0334 - 0336,"TIMBERWOLF MINERALS, LLC","LONGPOINT MINERALS, LLC",S11 T17N R09W NE,3 : View,TIMBERWOLF MINERALS LLC
https://okcountyrecords.com/detail/Blaine/2017-000338,1,Blaine,2017-01-17,2017-000338,Mineral Deed,1257,0062 - 0064,TIMBERWOLF MINERALS LLC,LONGPOINT MINERALS LLC,S26 T14N R11W SE S34 T14N R11W SE,3 : View,TIMBERWOLF MINERALS LLC
https://okcountyrecords.com/detail/Blaine/2017-000339,1,Blaine,2017-01-17,2017-000339,Mineral Deed,1257,0065 - 0067,TIMBERWOLF MINERALS LLC,LONGPOINT MINERALS LLC,S13 T15N R13W S2,3 : View,TIMBERWOLF MINERALS LLC
https://okcountyrecords.com/detail/Blaine/2017-000340,1,Blaine,2017-01-17,2017-000340,Mineral Deed,1257,0068 - 0070,TIMBERWOLF MINERALS LLC,LONGPOINT MINERALS LLC,S26 T14N R11W SE S34 T14N R11W SE,3 : View,TIMBERWOLF MINERALS LLC
https://okcountyrecords.com/detail/Blaine/2017-000341,1,Blaine,2017-01-17,2017-000341,Mineral Deed,1257,0071 - 0073,"CROSSON, LEON C",TIMBERWOLF MINERALS LLC,S36 T14N R13W,3 : View,TIMBERWOLF MINERALS LLC
https://okcountyrecords.com/detail/Blaine/2017-000342,1,Blaine,2017-01-17,2017-000342,Mineral Deed,1257,0074 - 0076,TIMBERWOLF MINERALS LLC,LONGPOINT MINERALS LLC,S32 T14N R13W N2 N2,3 : View,TIMBERWOLF MINERALS LLC
https://okcountyrecords.com/detail/Blaine/2017-000343,3,Blaine,2017-01-17,2017-000343,Mineral Deed,1257,0077 - 0079,TIMBERWOLF MINERALS LLC,LONGPOINT MINERALS LLC,S26 T14N R11W SE S34 T14N R11W SE,3 : View,TIMBERWOLF MINERALS LLC
https://okcountyrecords.com/detail/Blaine/2017-000344,1,Blaine,2017-01-17,2017-000344,Mineral Deed,1257,0080 - 0082,TIMBERWOLF MINERALS LLC,LONGPOINT MINERALS LLC,S06 T16N R11W SW,3 : View,TIMBERWOLF MINERALS LLC
https://okcountyrecords.com/detail/Blaine/2017-000345,1,Blaine,2017-01-17,2017-000345,Mineral Deed,1257,0083 - 0085,TIMBERWOLF MINERALS LLC,LONGPOINT MINERALS LLC,S05 T14N R11W NE,3 : View,TIMBERWOLF MINERALS LLC
