url,Rank,County,Recorded,Instrument,Type,Book,Page(s),Grantor,Grantee,Legal Description,Images,company
https://okcountyrecords.com/detail/Carter/2021-011014,1,Carter,2021-10-05,2021-011014,Mineral Deed,7118,0078 - 0080,BILLY R AND MARTHA L MCGREGOR REVOCABLE TRUST,TIMBERWOLF MINERALS LLC,S16 T2S R3W SW NE,3 : View,TIMBERWOLF MINERALS LLC
https://okcountyrecords.com/detail/Garvin/2021-007012,1,Garvin,2021-10-05,2021-007012,MINERAL DEED,2363,0630 - 0633,"HOWERTON,BILLY",TIMBERWOLF MINERALS LLC,S22 T2N R3W NW NE S22 T2N R3W NE NE NW 1 more…,4 : View,TIMBERWOLF MINERALS LLC
https://okcountyrecords.com/detail/Garvin/2021-007011,1,Garvin,2021-10-05,2021-007011,MINERAL DEED,2363,0627 - 0629,"THOMAS,BILL THOMAS JR,WILLIAM",TIMBERWOLF MINERALS LLC,S21 T2N R3W N2 NW SE S21 T2N R3W E2 SE 2 more…,3 : View,TIMBERWOLF MINERALS LLC
https://okcountyrecords.com/detail/Garvin/2021-007013,1,Garvin,2021-10-05,2021-007013,MINERAL DEED,2363,0634 - 0636,CASTLE CREEK RESOURCES LLC,TIMBERWOLF MINERALS LLC,S10 T3N R4W S2 S2 NW S10 T3N R4W N2 SW 2 more…,3 : View,TIMBERWOLF MINERALS LLC
https://okcountyrecords.com/detail/Blaine/2021-002824,1,Blaine,2021-10-05,2021-002824,Mineral Deed,1477,0230 - 0234,"WALKER, SABRINA LOUISE COOPER, JACKIE",TIMBERWOLF MINERALS LLC,S01 T14N R13W S2 NE L1-4,5 : View,TIMBERWOLF MINERALS LLC
https://okcountyrecords.com/detail/Custer/2021-004884,1,Custer,2021-10-06,2021-004884,Mineral Deed,1945,0736 - 0738,"WOLDRIDGE, JANNA KAYE WOLDRIDGE, JANNA KAY",TIMBERWOLF MINERALS LLC,S1 T15N R14W SE,3 : View,TIMBERWOLF MINERALS LLC
https://okcountyrecords.com/detail/Grady/2021-014215,1,Grady,2021-10-14,2021-014215,Mineral Deed,5939,0256 - 0258,TIMBERWOLF MINERALS LLC,"LONEWOLF MINERALS, LLC",S25 T4N R6W,3 : View,TIMBERWOLF MINERALS LLC
https://okcountyrecords.com/detail/Stephens/2021-010035,1,Stephens,2021-10-14,2021-010035,Mineral Deed,6054,0120 - 0122,"KING, BETTY FRANCES KING, BETTY F",TIMBERWOLF MINERALS LLC,S14 T1N R4W,3 : View,TIMBERWOLF MINERALS LLC
https://okcountyrecords.com/detail/Stephens/2021-010036,1,Stephens,2021-10-14,2021-010036,Mineral Deed,6054,0123 - 0125,"KING, BILL W KING, BILLY WAYNE",TIMBERWOLF MINERALS LLC,S14 T1N R4W,3 : View,TIMBERWOLF MINERALS LLC
https://okcountyrecords.com/detail/Stephens/2021-010037,1,Stephens,2021-10-14,2021-010037,Mineral Deed,6054,0126 - 0128,"KING, JOE C KING, JOE CEPHAS",TIMBERWOLF MINERALS LLC,S14 T1N R4W,3 : View,TIMBERWOLF MINERALS LLC
https://okcountyrecords.com/detail/Garvin/2021-007314,1,Garvin,2021-10-15,2021-007314,CORRECTION,2364,0793 - 0796,"HOWERTON,BILLY",TIMBERWOLF MINERALS LLC,S22 T2N R3W N2 NE SE S22 T2N R3W SE SE NE,4 : View,TIMBERWOLF MINERALS LLC
https://okcountyrecords.com/detail/Kingfisher/2021-005127,1,Kingfisher,2021-10-18,2021-005127,MINERAL DEED,3398,0302 - 0304,"JACKSON, IRIS J.","TIMBERWOLF MINERALS, LLC",S8 T16N R06W SW,3 : View,TIMBERWOLF MINERALS LLC
https://okcountyrecords.com/detail/Carter/2021-011565,1,Carter,2021-10-18,2021-011565,Mineral Deed,7124,0208 - 0210,THE THOMAS F HOWELL AND JUDITH A HOWELL REVOCABLE TRUST,TIMBERWOLF MINERALS LLC,S22 T2S R3W NE NW,3 : View,TIMBERWOLF MINERALS LLC
https://okcountyrecords.com/detail/Garvin/2021-007358,1,Garvin,2021-10-18,2021-007358,MINERAL DEED,2364,0927 - 0929,"SMITH,JASON SMITH,MIRIAM",TIMBERWOLF MINERALS LLC,S20 T2N R3W SW NW SE S20 T2N R3W NW SW SE 2 more…,3 : View,TIMBERWOLF MINERALS LLC
https://okcountyrecords.com/detail/Garvin/2021-007493,1,Garvin,2021-10-21,2021-007493,MINERAL DEED,2365,0530 - 0532,TIMBERWOLF MINERALS LLC,ECKARD LAND & ACQUISITION,S21 T2N R3W N2 NW SE S21 T2N R3W E2 SE 2 more…,3 : View,TIMBERWOLF MINERALS LLC
