url,Rank,County,Recorded,Instrument,Type,Book,Page(s),Grantor,Grantee,Legal Description,Images,company
https://okcountyrecords.com/detail/Kingfisher/2019-003592,3.0,Kingfisher,2019-04-24,2019-003592,MINERAL DEED,3223,0374 - 0376,"TIMBERWOLF MINERALS, LLC","CHERRY CREEK MINERALS, LLC",S30 T15N R09W E2 E2,3 : View,TIMBERWOLF MINERALS LLC
https://okcountyrecords.com/detail/Grady/2019-006515,1.0,Grady,2019-04-24,2019-006515,Mineral Deed,5578,0381 - 0383,TIMBERWOLF MINERALS LLC,CHERRY CREEK MINERALS LLC,S29 T6N R5W,3 : View,TIMBERWOLF MINERALS LLC
https://okcountyrecords.com/detail/Blaine/2019-002092,2.0,Blaine,2019-04-24,2019-002092,Mineral Deed,1384,0559 - 0561,TIMBERWOLF MINERALS LLC,CHERRY CREEK MIUNERALS LLC,S24 T16N R12W HILLCREST HEIGHTS SECOND ADDN WATONGA B1 L21,3 : View,TIMBERWOLF MINERALS LLC
https://okcountyrecords.com/detail/Blaine/2019-002093,1.0,Blaine,2019-04-24,2019-002093,Mineral Deed,1384,0562 - 0564,TIMBERWOLF MINERALS LLC,CHERRY CREEK MIUNERALS LLC,S10 T16N R13W N2 NW,3 : View,TIMBERWOLF MINERALS LLC
https://okcountyrecords.com/detail/Blaine/2019-002094,2.0,Blaine,2019-04-24,2019-002094,Mineral Deed,1384,0565 - 0567,TIMBERWOLF MINERALS LLC,CHERRY CREEK MIUNERALS LLC,S19 T16N R13W NE,3 : View,TIMBERWOLF MINERALS LLC
https://okcountyrecords.com/detail/Blaine/2019-002095,2.0,Blaine,2019-04-24,2019-002095,Mineral Deed,1384,0568 - 0570,TIMBERWOLF MINERALS LLC,CHERRY CREEK MIUNERALS LLC,S24 T16N R11W SE SE,3 : View,TIMBERWOLF MINERALS LLC
https://okcountyrecords.com/detail/Blaine/2019-002097,1.5,Blaine,2019-04-24,2019-002097,Memorandum Of Oil & Gas Lease,1384,0572,TIMBERWOLF MINERALS LLC TIMBERWOLF ENERGY LLC,PUBLIC,S08 T16N R13W W2 NE S08 T16N R13W NE SW 1 more…,1 : View,TIMBERWOLF MINERALS LLC
https://okcountyrecords.com/detail/Kingfisher/2019-003698,1.0,Kingfisher,2019-04-26,2019-003698,MINERAL DEED,3224,0251 - 0254,"CONGER, JOSEPH C. JR. CONGER, ANNETTE C.","TIMBERWOLF MINERALS, LLC",S27 T17N R08W NW,4 : View,TIMBERWOLF MINERALS LLC
https://okcountyrecords.com/detail/Blaine/2019-002174,1.0,Blaine,2019-04-29,2019-002174,Mineral Deed,1385,0102 - 0104,"LANE, EILEEN KAYE",TIMBERWOLF MINERALS LLC,S30 T15N R11W E2 NW,3 : View,TIMBERWOLF MINERALS LLC
https://okcountyrecords.com/detail/Blaine/2019-002175,1.0,Blaine,2019-04-29,2019-002175,Mineral Deed,1385,0105 - 0107,"WANZER, PAMELA JEAN",TIMBERWOLF MINERALS LLC,S30 T15N R11W E2 NW,3 : View,TIMBERWOLF MINERALS LLC
https://okcountyrecords.com/detail/Garvin/2019-003143,3.0,Garvin,2019-05-01,2019-003143,MINERAL DEED,2263,0256 - 0258,TIMBERWOLF MINERALS LLC,CHERRY CREEK MINERALS LLC,S12 T3N R4W SW,3 : View,TIMBERWOLF MINERALS LLC
https://okcountyrecords.com/detail/Blaine/2019-002222,1.0,Blaine,2019-05-01,2019-002222,Mineral Deed,1385,0370 - 0372,"KYLE, CLINTON E.",TIMBERWOLF MINERALS LLC,S32 T14N R11W SE,3 : View,TIMBERWOLF MINERALS LLC
https://okcountyrecords.com/detail/Kingfisher/2019-003788,1.0,Kingfisher,2019-05-01,2019-003788,MINERAL DEED,3225,0169 - 0173,"RULE, FERN MARIE; CO-PERSONAL REPRESENTATIVE OF THE ESTATE OF JEWEL D. BRAY BRAY, GARY D. ; CO-PERSONAL REPRESENTATIVE","TIMBERWOLF MINERALS, LLC",S10 T15N R07W S2 NW S10 T15N R07W N2 SW 1 more…,5 : View,TIMBERWOLF MINERALS LLC
https://okcountyrecords.com/detail/Blaine/2019-002370,1.0,Blaine,2019-05-09,2019-002370,Ratification Of Oil & Gas Lease,1386,0509 - 0514,LONGPOIN MIINERALS LLC TIMBERWOLF MINERALS LLC,CIMAREX ENERGY CO DEVON ENERGY PRODUCTION COMPANY CONTINENTAL RESOURCES INC,S19 T15N R11W E2 NE S19 T15N R10W E2 NE,6 : View,TIMBERWOLF MINERALS LLC
https://okcountyrecords.com/detail/Blaine/2019-002446,1.0,Blaine,2019-05-15,2019-002446,Mineral Deed,1387,0060 - 0062,"MCCORMACK, SUSAN J MCCOMACK, JAMES D",TIMBERWOLF MINERALS LLC,TOWN OF WATONGA B40 L1-3,3 : View,TIMBERWOLF MINERALS LLC
