url,Rank,County,Recorded,Instrument,Type,Book,Page(s),Grantor,Grantee,Legal Description,Images,company
https://okcountyrecords.com/detail/Blaine/2017-005110,1,Blaine,2017-05-25,2017-005110,Mineral Deed,1281,0624 - 0626,"HILL, PENNY C.",TIMBERWOLF MINERALS LLC,S18 T16N R13W SE,3 : View,TIMBERWOLF MINERALS LLC
https://okcountyrecords.com/detail/Custer/2017-003960,1,Custer,2017-05-25,2017-003960,Mineral Deed,1758,0236 - 0238,"SHEFFIELD, KELSEY",TIMBERWOLF MINERALS LLC,S22 T15N R14W W2 S27 T15N R14W W2 NW,3 : View,TIMBERWOLF MINERALS LLC
https://okcountyrecords.com/detail/Blaine/2017-005159,1,Blaine,2017-05-26,2017-005159,Mineral Deed,1282,0048 - 0050,"TAYLOR, WANDA M",TIMBERWOLF MINERALS LLC,S09 T17N R12W SW,3 : View,TIMBERWOLF MINERALS LLC
https://okcountyrecords.com/detail/Blaine/2017-005160,1,Blaine,2017-05-26,2017-005160,Mineral Deed,1282,0051 - 0053,"MCKINNEY, KATHERINE ANN",TIMBERWOLF MINERALS LLC,S18 T16N R13W SE,3 : View,TIMBERWOLF MINERALS LLC
https://okcountyrecords.com/detail/Blaine/2017-005161,1,Blaine,2017-05-26,2017-005161,Mineral Deed,1282,0054 - 0056,"RITTER, ROBERT W",TIMBERWOLF MINERALS LLC,05/24,3 : View,TIMBERWOLF MINERALS LLC
https://okcountyrecords.com/detail/Kingfisher/2017-006388,1,Kingfisher,2017-05-31,2017-006388,MINERAL DEED,3026,0409 - 0412,"WEAVER, STEPHEN","TIMBERWOLF MINERALS, LLC",S32 T15N R06W NW S23 T15N R07W N2 SE 6 more…,4 : View,TIMBERWOLF MINERALS LLC
https://okcountyrecords.com/detail/Grady/2017-012399,1,Grady,2017-05-31,2017-012399,Mineral Deed,5230,0088 - 0090,"WYNN, DERROL W WYNN FAMILY TRUST",TIMBERWOLF MINERALS LLC,S15 T8N R7W,3 : View,TIMBERWOLF MINERALS LLC
https://okcountyrecords.com/detail/Blaine/2017-005264,1,Blaine,2017-05-31,2017-005264,Mineral Deed,1282,0355 - 0357,"SMITH, SHARON L",TIMBERWOLF MINERALS LLC,S18 T16N R13W SE,3 : View,TIMBERWOLF MINERALS LLC
https://okcountyrecords.com/detail/Custer/2017-004054,2,Custer,2017-05-31,2017-004054,Mineral Deed,1758,0634 - 0637,"ZELLA AND GEORGE CONKLING FAMILY INVESTMENTS LLC CONKLING, ZELLA AND GEORGE FAMILY INVESTMENTS LLC",TIMBERWOLF MINERALS LLC,S18 T14N R14W NE NE S5 T14N R15W SW 3 more…,4 : View,TIMBERWOLF MINERALS LLC
https://okcountyrecords.com/detail/Blaine/2017-005454,1,Blaine,2017-06-05,2017-005454,Mineral Deed,1283,0523 - 0525,"DUERKSEN, LYNETTE",TIMBERWOLF MINERALS LLC,S05 T13N R13W SW S07 T13N R13W S2 SE 4 more…,3 : View,TIMBERWOLF MINERALS LLC
https://okcountyrecords.com/detail/Blaine/2017-005455,1,Blaine,2017-06-05,2017-005455,Mineral Deed,1283,0526 - 0528,"PROPPE, LORETTA",TIMBERWOLF MINERALS LLC,S05 T13N R13W SW S07 T13N R13W S2 SE 4 more…,3 : View,TIMBERWOLF MINERALS LLC
https://okcountyrecords.com/detail/Blaine/2017-005456,1,Blaine,2017-06-05,2017-005456,Mineral Deed,1283,0529 - 0531,TIMBERWOLF MINERALS LLC,MEP MID-CON III LLC,S11 T13N R11W SW SW,3 : View,TIMBERWOLF MINERALS LLC
https://okcountyrecords.com/detail/Blaine/2017-005457,1,Blaine,2017-06-05,2017-005457,Mineral Deed,1283,0532 - 0534,TIMBERWOLF MINERALS LLC,MEP MID-CON III LLC,S14 T17N R11W NE,3 : View,TIMBERWOLF MINERALS LLC
https://okcountyrecords.com/detail/Blaine/2017-005458,1,Blaine,2017-06-05,2017-005458,Mineral Deed,1283,0535 - 0537,TIMBERWOLF MINERALS LLC,LONGPOINT MINERALS LLC,S19 T16N R13W NE,3 : View,TIMBERWOLF MINERALS LLC
https://okcountyrecords.com/detail/Blaine/2017-005459,1,Blaine,2017-06-05,2017-005459,Mineral Deed,1283,0538 - 0540,TIMBERWOLF MINERALS LLC,LONGPOINT MINERALS LLC,S19 T16N R13W NE,3 : View,TIMBERWOLF MINERALS LLC
