url,Rank,County,Recorded,Instrument,Type,Book,Page(s),Grantor,Grantee,Legal Description,Images,company
https://okcountyrecords.com/detail/Kingfisher/2022-000755,1,Kingfisher,2022-02-09,2022-000755,MINERAL DEED,3423,0334 - 0336,"SMOLA, JANE C.; CO-TRUSTEE OF THE NORMAN AND JANE SMOLA TRUST SMOLA, NORMAN E.; CO- TRUSTEE","TIMBERWOLF MINERALS, LLC",S1 T15N R07W W2 SW,3 : View,TIMBERWOLF MINERALS LLC
https://okcountyrecords.com/detail/Kingfisher/2022-000844,1,Kingfisher,2022-02-14,2022-000844,MINERAL DEED,3424,0109 - 0111,"TIMBERWOLF MINERALS, LLC","RED STONE RESOURCES, LLC",S1 T15N R07W W2 SW,3 : View,TIMBERWOLF MINERALS LLC
https://okcountyrecords.com/detail/Blaine/2022-000611,1,Blaine,2022-02-25,2022-000611,Mineral Deed,1491,0486 - 0488,TIMBERWOLF MINERALS LLC,OPUS MINERALS LLC,S18 T13N R11W NE,3 : View,TIMBERWOLF MINERALS LLC
https://okcountyrecords.com/detail/Custer/2022-000797,1,Custer,2022-02-25,2022-000797,Mineral Deed,1964,0191 - 0193,TIMBERWOLF MINERALS LLC,OPUS MINERALS LLC,S23 T13N R14W NE,3 : View,TIMBERWOLF MINERALS LLC
https://okcountyrecords.com/detail/Blaine/2022-000612,1,Blaine,2022-02-25,2022-000612,Mineral Deed,1491,0489 - 0491,TIMBERWOLF MINERALS LLC,OPUS MINERALS LLC,S06 T13N R11W S2 NE L1-2,3 : View,TIMBERWOLF MINERALS LLC
https://okcountyrecords.com/detail/Blaine/2022-000613,1,Blaine,2022-02-25,2022-000613,Mineral Deed,1491,0492 - 0494,TIMBERWOLF MINERALS LLC,OPUS MINERALS LLC,S18 T13N R11W NE,3 : View,TIMBERWOLF MINERALS LLC
https://okcountyrecords.com/detail/Blaine/2022-000614,1,Blaine,2022-02-25,2022-000614,Mineral Deed,1491,0495 - 0497,TIMBERWOLF MINERALS LLC,OPUS MINERALS LLC,S18 T13N R11W NE,3 : View,TIMBERWOLF MINERALS LLC
https://okcountyrecords.com/detail/Blaine/2022-000615,1,Blaine,2022-02-25,2022-000615,Mineral Deed,1491,0498 - 0500,TIMBERWOLF MINERALS LLC,OPUS MINERALS LLC,S12 T13N R12W W2 NE,3 : View,TIMBERWOLF MINERALS LLC
https://okcountyrecords.com/detail/Blaine/2022-000616,1,Blaine,2022-02-25,2022-000616,Mineral Deed,1491,0501 - 0503,TIMBERWOLF MINERALS LLC,OPUS MINERALS LLC,S21 T13N R12W E2 SE,3 : View,TIMBERWOLF MINERALS LLC
https://okcountyrecords.com/detail/Blaine/2022-000617,1,Blaine,2022-02-25,2022-000617,Mineral Deed,1491,0504 - 0506,TIMBERWOLF MINERALS LLC,OPUS MINERALS LLC,S32 T13N R12W S2 SE,3 : View,TIMBERWOLF MINERALS LLC
https://okcountyrecords.com/detail/Blaine/2022-000618,1,Blaine,2022-02-25,2022-000618,Mineral Deed,1491,0507 - 0509,TIMBERWOLF MINERALS LLC,OPUS MINERALS LLC,S13 T13N R11W E2 NW,3 : View,TIMBERWOLF MINERALS LLC
https://okcountyrecords.com/detail/Blaine/2022-000619,1,Blaine,2022-02-25,2022-000619,Mineral Deed,1491,0510 - 0512,TIMBERWOLF MINERALS LLC,OPUS MINERALS LLC,S15 T13N R11W SW,3 : View,TIMBERWOLF MINERALS LLC
https://okcountyrecords.com/detail/Blaine/2022-000620,3,Blaine,2022-02-25,2022-000620,Mineral Deed,1491,0513 - 0515,TIMBERWOLF MINERALS LLC,OPUS MINERALS LLC,S15 T13N R11W SW,3 : View,TIMBERWOLF MINERALS LLC
https://okcountyrecords.com/detail/Blaine/2022-000621,1,Blaine,2022-02-25,2022-000621,Mineral Deed,1491,0516 - 0518,TIMBERWOLF MINERALS LLC,OPUS MINERALS LLC,S01 T13N R11W CITY OF GEARY B33 L20-21,3 : View,TIMBERWOLF MINERALS LLC
https://okcountyrecords.com/detail/Blaine/2022-000622,1,Blaine,2022-02-25,2022-000622,Mineral Deed,1491,0519 - 0521,TIMBERWOLF MINERALS LLC,OPUS MINERALS LLC,S13 T13N R12W SE,3 : View,TIMBERWOLF MINERALS LLC
