url,Rank,County,Recorded,Instrument,Type,Book,Page(s),Grantor,Grantee,Legal Description,Images,company
https://okcountyrecords.com/detail/Kingfisher/2021-003735,1,Kingfisher,2021-08-02,2021-003735,MINERAL DEED,3386,0561 - 0563,"TIMBERWOLF MINERALS, LLC","ECKARD LAND & ACQUISITION, LLC",S10 T17N R09W NE,3 : View,TIMBERWOLF MINERALS LLC
https://okcountyrecords.com/detail/Kingfisher/2021-003779,1,Kingfisher,2021-08-04,2021-003779,MINERAL DEED,3387,0250 - 0252,"TIMBERWOLF MINERALS, LLC","ECKARD LAND & ACQUISITION, LLC",S12 T17N R08W NE,3 : View,TIMBERWOLF MINERALS LLC
https://okcountyrecords.com/detail/Grady/2021-010787,2,Grady,2021-08-04,2021-010787,Mineral Deed,5912,0080 - 0082,TIMBERWOLF MINERALS LLC,ECKARD LAND & ACQUISTION LLC,S36 T9N R6W,3 : View,TIMBERWOLF MINERALS LLC
https://okcountyrecords.com/detail/Kingfisher/2021-003789,1,Kingfisher,2021-08-04,2021-003789,MINERAL DEED,3387,0346 - 0348,"STAR ROYALTY COMPANY, L.L.C. STAR ROYA","TIMBERWOLF MINERALS, LLC","S10 T17N R07W L1,2",3 : View,TIMBERWOLF MINERALS LLC
https://okcountyrecords.com/detail/McClain/2021-010507,2,McClain,2021-08-09,2021-010507,Mineral Deed,2722,0443 - 0445,TIMBERWOLF MINERALS LLC,ECKARD LAND & ACQUISITION LLC,6 6N4W,3 : View,TIMBERWOLF MINERALS LLC
https://okcountyrecords.com/detail/Kingfisher/2021-004010,1,Kingfisher,2021-08-17,2021-004010,MINERAL DEED,3389,0203 - 0207,"GREENLEE, MICHAEL R. MONCRIEF, SHEILA G. GREENLEE, GREGORY L.","TIMBERWOLF MINERALS, LLC",S20 T16N R06W SE,5 : View,TIMBERWOLF MINERALS LLC
https://okcountyrecords.com/detail/McClain/2021-010911,1,McClain,2021-08-17,2021-010911,Mineral Deed,2724,0348 - 0350,MONTAGE MINERALS LLC,TIMBERWOLF MINERALS LLC,20 6N4W,3 : View,TIMBERWOLF MINERALS LLC
https://okcountyrecords.com/detail/McClain/2021-010912,1,McClain,2021-08-17,2021-010912,Mineral Deed,2724,0351 - 0353,MONTAGE MINERALS LLC,TIMBERWOLF MINERALS LLC,20 6N4W,3 : View,TIMBERWOLF MINERALS LLC
https://okcountyrecords.com/detail/McClain/2021-010913,1,McClain,2021-08-17,2021-010913,Mineral Deed,2724,0354 - 0356,MONTAGE MINERALS LLC,TIMBERWOLF MINERALS LLC,20 6N4W,3 : View,TIMBERWOLF MINERALS LLC
https://okcountyrecords.com/detail/Kingfisher/2021-004019,1,Kingfisher,2021-08-18,2021-004019,MINERAL DEED,3389,0220 - 0222,"PRIME ROCK MINERALS, LLC","TIMBERWOLF MINERALS, LLC","S6 T17N R07W L2,3 S7 T17N R07W NE 1 more…",3 : View,TIMBERWOLF MINERALS LLC
https://okcountyrecords.com/detail/Grady/2021-011478,1,Grady,2021-08-18,2021-011478,Mineral Deed,5917,0293 - 0296,"HUBER, PATRICK W PATRICK HUBER IRREVOCABLE TRUST",TIMBERWOLF MINERALS LLC,S26 T10N R5W,4 : View,TIMBERWOLF MINERALS LLC
https://okcountyrecords.com/detail/Grady/2021-011562,3,Grady,2021-08-19,2021-011562,Mineral Deed,5917,0476 - 0478,OPUS MINERALS LLC,TIMBERWOLF MINERALS LLC,S2 T4N R6W,3 : View,TIMBERWOLF MINERALS LLC
https://okcountyrecords.com/detail/McClain/2021-010996,1,McClain,2021-08-19,2021-010996,Mineral Deed,2724,0680 - 0682,"SHARP, WILLIAM D",TIMBERWOLF MINERALS LLC,22 7N4W,3 : View,TIMBERWOLF MINERALS LLC
https://okcountyrecords.com/detail/Blaine/2021-002286,1,Blaine,2021-08-19,2021-002286,Mineral Deed,1473,0586 - 0588,OPUS MINERALS LLC,TIMBERWOLF MINERALS LLC,S15 T15N R10W S2 NE,3 : View,TIMBERWOLF MINERALS LLC
https://okcountyrecords.com/detail/Kingfisher/2021-004044,4,Kingfisher,2021-08-19,2021-004044,MEMO-MISC,3389,0314,"TIMBERWOLF MINERALS, LLC","TIMBERWOLF MINERALS, LLC",S36 T17N R05W S2 SW NW Partial,1 : View,TIMBERWOLF MINERALS LLC
