url,Rank,County,Recorded,Instrument,Type,Book,Page(s),Grantor,Grantee,Legal Description,Images,company
https://okcountyrecords.com/detail/Grady/2018-016614,2,Grady,2018-08-23,2018-016614,Memorandum,5472,0233,TIMBERWOLF MINERALS LLC,TIMBERWOLF ENERGY LLC,S26 T9N R8W,1 : View,TIMBERWOLF MINERALS LLC
https://okcountyrecords.com/detail/Blaine/2018-005779,1,Blaine,2018-08-23,2018-005779,Mineral Deed,1354,0469 - 0471,"WRIGHT, ROBERT ALLEN",TIMBERWOLF MINERALS LLC,S26 T15N R10W SW,3 : View,TIMBERWOLF MINERALS LLC
https://okcountyrecords.com/detail/Blaine/2018-005780,1,Blaine,2018-08-23,2018-005780,Mineral Deed,1354,0472 - 0474,"JOHNSON, MICHAEL THOMAS",TIMBERWOLF MINERALS LLC,S10 T15N R13W NW,3 : View,TIMBERWOLF MINERALS LLC
https://okcountyrecords.com/detail/Kingfisher/2018-008361,1,Kingfisher,2018-08-24,2018-008361,MINERAL DEED,3159,0238 - 0240,"STAUDE, CLIFFORD R.","TIMBERWOLF MINERALS, LLC",S27 T17N R09W SE,3 : View,TIMBERWOLF MINERALS LLC
https://okcountyrecords.com/detail/Kingfisher/2018-008444,1,Kingfisher,2018-08-27,2018-008444,MINERAL DEED,3161,0526 - 0528,"MILLS, MELINDA D.","TIMBERWOLF MINERALS, LLC",S28 T15N R09W NE S28 T15N R09W S2 3 more…,3 : View,TIMBERWOLF MINERALS LLC
https://okcountyrecords.com/detail/Kingfisher/2018-008445,1,Kingfisher,2018-08-27,2018-008445,MINERAL DEED,3161,0529 - 0531,"LARKIN, SUMMER D.","TIMBERWOLF MINERALS, LLC",S28 T15N R09W NE S28 T15N R09W S2 3 more…,3 : View,TIMBERWOLF MINERALS LLC
https://okcountyrecords.com/detail/Kingfisher/2018-008446,1,Kingfisher,2018-08-27,2018-008446,MINERAL DEED,3161,0532 - 0534,"WAITE, SUNDAY","TIMBERWOLF MINERALS, LLC",S28 T15N R09W NE S28 T15N R09W S2 3 more…,3 : View,TIMBERWOLF MINERALS LLC
https://okcountyrecords.com/detail/Kingfisher/2018-008447,1,Kingfisher,2018-08-27,2018-008447,MINERAL DEED,3161,0535 - 0537,"GANNON, SPENCER D.","TIMBERWOLF MINERALS, LLC",S28 T15N R09W NE S28 T15N R09W S2 3 more…,3 : View,TIMBERWOLF MINERALS LLC
https://okcountyrecords.com/detail/Kingfisher/2018-008448,1,Kingfisher,2018-08-27,2018-008448,MINERAL DEED,3161,0538 - 0540,"GANNON, SAVANNAH D.","TIMBERWOLF MINERALS, LLC",S28 T15N R09W NE S28 T15N R09W S2 3 more…,3 : View,TIMBERWOLF MINERALS LLC
https://okcountyrecords.com/detail/Kingfisher/2018-008449,1,Kingfisher,2018-08-27,2018-008449,MINERAL DEED,3161,0541 - 0543,"LARKIN, GLENDA R.","TIMBERWOLF MINERALS, LLC",S28 T15N R09W NE S28 T15N R09W S2 3 more…,3 : View,TIMBERWOLF MINERALS LLC
https://okcountyrecords.com/detail/Kingfisher/2018-008450,1,Kingfisher,2018-08-27,2018-008450,MINERAL DEED,3161,0544 - 0546,"WAITE, PARKER S.","TIMBERWOLF MINERALS, LLC",S28 T15N R09W NE S28 T15N R09W S2 3 more…,3 : View,TIMBERWOLF MINERALS LLC
https://okcountyrecords.com/detail/Kingfisher/2018-008580,1,Kingfisher,2018-08-30,2018-008580,MINERAL DEED,3163,0005 - 0024,"METCALFE, CARLA HAMMES, JULIE WITTROCK, RAYMOND GARRETT, IRENE 11 more…","TIMBERWOLF MINERALS, LLC",S35 T15N R07W N2 SW,20 : View,TIMBERWOLF MINERALS LLC
https://okcountyrecords.com/detail/Kingfisher/2018-008696,3,Kingfisher,2018-09-05,2018-008696,MINERAL DEED,3163,0464 - 0466,"TIMBERWOLF MINERALS, LLC","CHERRY CREEK MINERALS, LLC",S36 T15N R07W N2 SW,3 : View,TIMBERWOLF MINERALS LLC
https://okcountyrecords.com/detail/Blaine/2018-006087,1,Blaine,2018-09-05,2018-006087,Mineral Deed,1356,0430 - 0432,"TIMBERWOLF MINERALS, LLC WILLIAMS, CHASE Z. MANAGER","CHERRY CREEK MINERALS, LLC",S07 T15N R13W N2 SW,3 : View,TIMBERWOLF MINERALS LLC
https://okcountyrecords.com/detail/Blaine/2018-006088,1,Blaine,2018-09-05,2018-006088,Mineral Deed,1356,0433 - 0435,"JOHNSON, LYNN","TIMBERWOLF MINERALS, LLC",S10 T15N R13W NW,3 : View,TIMBERWOLF MINERALS LLC
