url,Rank,County,Recorded,Instrument,Type,Book,Page(s),Grantor,Grantee,Legal Description,Images,company
https://okcountyrecords.com/detail/McClain/2022-004403,1,McClain,2022-04-18,2022-004403,Mineral Deed,2775,0659 - 0661,TIMBERWOLF MINERALS LLC,OPUS MINERALS LLC,35 6N4W,3 : View,TIMBERWOLF MINERALS LLC
https://okcountyrecords.com/detail/Garvin/2022-002737,1,Garvin,2022-04-18,2022-002737,MINERAL DEED,2389,0617 - 0619,TIMBERWOLF MINERALS LLC,OPUS MINERALS LLC,S15 T4N R4W E2 SE SE SE Partial,3 : View,TIMBERWOLF MINERALS LLC
https://okcountyrecords.com/detail/Grady/2022-005254,1,Grady,2022-04-19,2022-005254,Mineral Deed,6017,0390 - 0392,TIMBERWOLF MINERALS LLC,OPUS INERALS LLC,S6 T3N R5W,3 : View,TIMBERWOLF MINERALS LLC
https://okcountyrecords.com/detail/Grady/2022-005255,1,Grady,2022-04-19,2022-005255,Mineral Deed,6017,0393 - 0395,TIMBERWOLF MINERALS LLC,OPUS INERALS LLC,S6 T3N R5W,3 : View,TIMBERWOLF MINERALS LLC
https://okcountyrecords.com/detail/Custer/2022-001753,1,Custer,2022-04-29,2022-001753,Mineral Deed,1969,0790 - 0792,TIMBERWOLF MINERALS LLC,MONTAGE MINERALS LLC,S23 T13N R14W NE,3 : View,TIMBERWOLF MINERALS LLC
https://okcountyrecords.com/detail/Custer/2022-001783,1,Custer,2022-05-02,2022-001783,Assignment,1970,0093 - 0098,TIMBERWOLF MINERALS LLC,BELLE TRACE RESOURCES LLC,S12 T14N R14W N2,6 : View,TIMBERWOLF MINERALS LLC
https://okcountyrecords.com/detail/Kingfisher/2022-002354,1,Kingfisher,2022-05-02,2022-002354,O & G MTG,3437,0550 - 0558,"TIMBERWOLF MINERALS, LLC",INTERNATIONAL BANK OF COMMERCE,S23 T17N R08W ALL,9 : View,TIMBERWOLF MINERALS LLC
https://okcountyrecords.com/detail/Blaine/2022-001422,1,Blaine,2022-05-02,2022-001422,Third Supple Mtg,1498,0052 - 0059,TIMBERWOLF MINERALS LLC,INTERNATIONAL BANK OF COMMERCE,S06 T16N R11W S27 T16N R11W 54 more…,8 : View,TIMBERWOLF MINERALS LLC
https://okcountyrecords.com/detail/Garvin/2022-003205,1,Garvin,2022-05-02,2022-003205,MORTGAGE,2392,0153 - 0158,TIMBERWOLF MINERALS LLC,IBC BANK,S17 T2N R3W S21 T2N R3W 3 more…,6 : View,TIMBERWOLF MINERALS LLC
https://okcountyrecords.com/detail/Custer/2022-001796,1,Custer,2022-05-03,2022-001796,Amendment,1971,0442 - 0447,TIMBERWOLF MINERALS LLC,INTERNATIONAL BANK OF COMMERCE,S8 T14N R14W ALL S13 T14N R14W ALL 15 more…,6 : View,TIMBERWOLF MINERALS LLC
https://okcountyrecords.com/detail/Grady/2022-006473,1,Grady,2022-05-06,2022-006473,Lis Pendens-notice Of Pend Act,6025,0302,"FENIMORE, CALVIN","TIMBERWOLF MINERALS LLC BCF MINERALS, LLC MONTAGE MINERALS, LLC",S34 T8N R5W,1 : View,TIMBERWOLF MINERALS LLC
https://okcountyrecords.com/detail/Grady/2022-006589,1,Grady,2022-05-10,2022-006589,Mineral Mortgage,6026,0130 - 0136,TIMBERWOLF MINERALS LLC,INTERNATIONAL BANK OF COMMERCE,S11 T3N R6W S26 T4 N R5 W 4 more…,7 : View,TIMBERWOLF MINERALS LLC
https://okcountyrecords.com/detail/McClain/2022-005743,1,McClain,2022-05-12,2022-005743,1ST SUPMT,2782,0248 - 0253,TIMBERWOLF MINERALS LLC,INTERNATIONAL BANK OF COMMERCE,"6, 5N4W 15, 25, 34, 35 6N4W 2 more…",6 : View,TIMBERWOLF MINERALS LLC
https://okcountyrecords.com/detail/Kingfisher/2022-002568,1,Kingfisher,2022-05-12,2022-002568,MINERAL DEED,3439,0187 - 0189,"SPEICE, SHIRLEY SUE","TIMBERWOLF MINERALS, LLC",S27 T15N R05W NW S9 T16N R05W N2 NW NW NW 13 more…,3 : View,TIMBERWOLF MINERALS LLC
https://okcountyrecords.com/detail/Dewey/2022-001208,1,Dewey,2022-05-12,2022-001208,Mineral Deed,1859,0101 - 0103,"SPEICE, SHIRLEY SUE",TIMBERWOLF MINERALS LLC,S19 T16N R16W E2 SW S5 T19N R20W S2,3 : View,TIMBERWOLF MINERALS LLC
