url,Rank,County,Recorded,Instrument,Type,Book,Page(s),Grantor,Grantee,Legal Description,Images,company
https://okcountyrecords.com/detail/Kingfisher/2021-004046,3,Kingfisher,2021-08-19,2021-004046,MINERAL DEED,3389,0318 - 0320,"OPUS MINERALS, LLC","TIMBERWOLF MINERALS, LLC","S10 T17N R07W L1,2",3 : View,TIMBERWOLF MINERALS LLC
https://okcountyrecords.com/detail/Kingfisher/2021-004052,1,Kingfisher,2021-08-20,2021-004052,MINERAL DEED,3389,0339 - 0341,"TIMBERWOLF MINERALS, LLC","ECKARD LAND & ACQUISITION, LLC",S11 T16N R08W SW,3 : View,TIMBERWOLF MINERALS LLC
https://okcountyrecords.com/detail/Kingfisher/2021-004071,1,Kingfisher,2021-08-23,2021-004071,MINERAL DEED,3389,0555 - 0557,"GLAZIER,MILDRED BERNIECE","TIMBERWOLF MINERALS, LLC",S15 T17N R09W SW,3 : View,TIMBERWOLF MINERALS LLC
https://okcountyrecords.com/detail/Grady/2021-011670,2,Grady,2021-08-23,2021-011670,Mineral Deed,5918,0419 - 0421,TIMBERWOLF MINERALS LLC,ECKARD LAND & ACQUISITION LLC,S13 T9N R5W,3 : View,TIMBERWOLF MINERALS LLC
https://okcountyrecords.com/detail/Kingfisher/2021-004090,2,Kingfisher,2021-08-23,2021-004090,MINERAL DEED,3390,0016 - 0018,"TIMBERWOLF MINERALS, LLC","ECKARD LAND & ACQUISITION, LLC",S20 T16N R06W SE,3 : View,TIMBERWOLF MINERALS LLC
https://okcountyrecords.com/detail/Kingfisher/2021-004091,1,Kingfisher,2021-08-23,2021-004091,MINERAL DEED,3390,0019 - 0021,"TIMBERWOLF MINERALS, LLC","ECKARD LAND & ACQUISITION, LLC","S6 T17N R07W L2,3 S7 T17N R07W NE 1 more…",3 : View,TIMBERWOLF MINERALS LLC
https://okcountyrecords.com/detail/Kingfisher/2021-004092,1,Kingfisher,2021-08-23,2021-004092,MINERAL DEED,3390,0022 - 0024,"TIMBERWOLF MINERALS, LLC","ECKARD LAND & ACQUISITION, LLC","S10 T17N R07W L1,2",3 : View,TIMBERWOLF MINERALS LLC
https://okcountyrecords.com/detail/Kingfisher/2021-004093,2,Kingfisher,2021-08-23,2021-004093,MINERAL DEED,3390,0025 - 0027,"TIMBERWOLF MINERALS, LLC","ECKARD LAND & ACQUISITION, LLC","S10 T17N R07W L1,2",3 : View,TIMBERWOLF MINERALS LLC
https://okcountyrecords.com/detail/Blaine/2021-002312,1,Blaine,2021-08-23,2021-002312,Mineral Deed,1473,0690 - 0692,TIMBERWOLF MINERALS LLC,ECKARD LAND & ACQUISITION LLC,S15 T15N R10W S2 NE,3 : View,TIMBERWOLF MINERALS LLC
https://okcountyrecords.com/detail/Grady/2021-011819,1,Grady,2021-08-24,2021-011819,Mineral Deed,5919,0391 - 0393,TIMBERWOLF MINERALS LLC,ECKARD LAND & ACQUISITION LLC,S26 T10N R5W,3 : View,TIMBERWOLF MINERALS LLC
https://okcountyrecords.com/detail/Kingfisher/2021-004164,2,Kingfisher,2021-08-27,2021-004164,MINERAL DEED,3390,0386 - 0388,"TIMBERWOLF MINERAL, LLC","ECKARD LAND & ACQUISTION, LLC",S15 T17N R09W SW,3 : View,TIMBERWOLF MINERALS LLC
https://okcountyrecords.com/detail/McClain/2021-011411,1,McClain,2021-08-30,2021-011411,Mineral Deed,2726,0873 - 0875,"RAMOS, ALEXANDRA",TIMBERWOLF MINERALS LLC,31 8N4W,3 : View,TIMBERWOLF MINERALS LLC
https://okcountyrecords.com/detail/McClain/2021-011412,1,McClain,2021-08-30,2021-011412,Mineral Deed,2726,0876 - 0879,"RAMOS, RICHARD",TIMBERWOLF MINERALS LLC,31 8N4W,4 : View,TIMBERWOLF MINERALS LLC
https://okcountyrecords.com/detail/McClain/2021-011560,1,McClain,2021-08-31,2021-011560,Mineral Deed,2727,0346 - 0348,TIMBERWOLF MINERALS LLC,ECKARD LAND & ACQUISITION LLC,20 6N4W,3 : View,TIMBERWOLF MINERALS LLC
https://okcountyrecords.com/detail/McClain/2021-011561,1,McClain,2021-08-31,2021-011561,Mineral Deed,2727,0349 - 0351,TIMBERWOLF MINERALS LLC,ECKARD LAND & ACQUISITION LLC,20 6N4W,3 : View,TIMBERWOLF MINERALS LLC
