url,Rank,County,Recorded,Instrument,Type,Book,Page(s),Grantor,Grantee,Legal Description,Images,company
https://okcountyrecords.com/detail/Garvin/2019-007901,1,Garvin,2019-10-01,2019-007901,MINERAL DEED,2282,0808 - 0811,TIMBERWOLF MINERALS,VENDERA MANAGEMENT III LLC,S23 T2N R3W SE SE S23 T2N R3W N2 N2 N2,4 : View,TIMBERWOLF MINERALS LLC
https://okcountyrecords.com/detail/Kingfisher/2019-007588,3,Kingfisher,2019-10-01,2019-007588,MINERAL DEED,3264,0547 - 0549,"TIMBERWOLF MINERALS, LLC","CHERRY CREEK MINERALS, LLC",S13 T15N R07W SW,3 : View,TIMBERWOLF MINERALS LLC
https://okcountyrecords.com/detail/McClain/2019-013494,1,McClain,2019-10-01,2019-013494,Mineral Deed,2585,0836 - 0839,TIMBERWOLF MINERALS LLC,VENDERA MANAGEMENT III LLC,6 5N4W 9 8N4W 1 more…,4 : View,TIMBERWOLF MINERALS LLC
https://okcountyrecords.com/detail/Kingfisher/2019-007643,1,Kingfisher,2019-10-03,2019-007643,MINERAL DEED,3265,0267 - 0269,"SCHWARZ, STEVEN SCHWARZ, MORGAN","TIMBERWOLF MINERALS, LLC",S13 T15N R07W SE SW Partial,3 : View,TIMBERWOLF MINERALS LLC
https://okcountyrecords.com/detail/Blaine/2019-005155,1,Blaine,2019-10-04,2019-005155,Mineral Deed,1407,0600 - 0602,"BOYD, TODD BOYD, TERI",TIMBERWOLF MINERALS LLC,S01 T16N R13W S2 NW L3-4,3 : View,TIMBERWOLF MINERALS LLC
https://okcountyrecords.com/detail/Blaine/2019-005156,1,Blaine,2019-10-04,2019-005156,Mineral Deed,1407,0603 - 0605,"BOYD II, GRANT ALLEN BOYD, RUTH ANN",TIMBERWOLF MINERALS LLC,S01 T16N R13W S2 NW L3-4,3 : View,TIMBERWOLF MINERALS LLC
https://okcountyrecords.com/detail/Blaine/2019-005157,1,Blaine,2019-10-04,2019-005157,Mineral Deed,1407,0606 - 0608,"BOYD, BOBBY BOYD, LORI",TIMBERWOLF MINERALS LLC,S01 T16N R13W S2 NW L3-4,3 : View,TIMBERWOLF MINERALS LLC
https://okcountyrecords.com/detail/Blaine/2019-005158,1,Blaine,2019-10-04,2019-005158,Mineral Deed,1407,0609 - 0611,TIMBERWOLF MINERALS LLC,CHERRY CREEK MINERALS LLC,S01 T16N R13W S2 NW L3-4,3 : View,TIMBERWOLF MINERALS LLC
https://okcountyrecords.com/detail/Blaine/2019-005159,3,Blaine,2019-10-04,2019-005159,Mineral Deed,1407,0612 - 0614,TIMBERWOLF MINERALS LLC,CHERRY CREEK MINERALS LLC,S01 T16N R13W S2 NW L3-4,3 : View,TIMBERWOLF MINERALS LLC
https://okcountyrecords.com/detail/Blaine/2019-005160,1,Blaine,2019-10-04,2019-005160,Mineral Deed,1407,0615 - 0617,TIMBERWOLF MINERALS LLC,CHERRY CREEK MINERALS LLC,S01 T16N R13W S2 NW L3-4,3 : View,TIMBERWOLF MINERALS LLC
https://okcountyrecords.com/detail/Blaine/2019-005161,1,Blaine,2019-10-04,2019-005161,Mineral Deed,1407,0618 - 0620,TIMBERWOLF MINERALS LLC,CHERRY CREEK MINERALS LLC,S01 T16N R13W S2 NW L3-4,3 : View,TIMBERWOLF MINERALS LLC
https://okcountyrecords.com/detail/Kingfisher/2019-007814,1,Kingfisher,2019-10-10,2019-007814,MINERAL DEED,3266,0469 - 0472,"ARIAS, CRUZ FRANK JR.","TIMBERWOLF MINERALS, LLC",S14 T15N R08W SE SE,4 : View,TIMBERWOLF MINERALS LLC
https://okcountyrecords.com/detail/Garvin/2019-008374,1,Garvin,2019-10-16,2019-008374,MINERAL DEED,2285,0434 - 0436,"WOLFE TRUST,THOMAS AND EMILY",TIMBERWOLF MINERALS LLC,S18 T3N R4W SW SW S18 T3N R4W L4 1 more…,3 : View,TIMBERWOLF MINERALS LLC
https://okcountyrecords.com/detail/Grady/2019-016679,1,Grady,2019-10-17,2019-016679,Correct Mineral Deed,5657,0537 - 0542,"MCMAHAN, DEANNA K THOMAS A MCMAHAN TRUST MCMAHAN, THOMAS A",TIMBERWOLF MINERALS LLC,S06 T10N R8W,6 : View,TIMBERWOLF MINERALS LLC
https://okcountyrecords.com/detail/Garvin/2019-008734,2,Garvin,2019-10-24,2019-008734,MINERAL DEED,2286,0512 - 0515,TIMBERWOLF MINERALS LLC,VANDERA MANAGMENT III LLC,FOSTER B10 L1 S26 T2N R3W SE NE SW 1 more…,4 : View,TIMBERWOLF MINERALS LLC
