url,Rank,County,Recorded,Instrument,Type,Book,Page(s),Grantor,Grantee,Legal Description,Images,company
https://okcountyrecords.com/detail/McClain/2021-013993,1,McClain,2021-10-25,2021-013993,Mineral Deed,2739,0293 - 0295,"FERGUSON, SHEPPARD",TIMBERWOLF MINERALS LLC,20 6N4W,3 : View,TIMBERWOLF MINERALS LLC
https://okcountyrecords.com/detail/Blaine/2021-003013,1,Blaine,2021-10-26,2021-003013,Partial Rel Of Mtg,1479,0017 - 0018,INTERNATIONAL BANK OF COMMERCE,TIMBERWOLF MINERALS LLC,S01 T14N R13W S12 T14N R13W,2 : View,TIMBERWOLF MINERALS LLC
https://okcountyrecords.com/detail/Kingfisher/2021-005343,1,Kingfisher,2021-10-27,2021-005343,MINERAL DEED,3401,0593 - 0595,"FULLBRIGHT, RODNEY","TIMBERWOLF MINERALS, LLC","S15 T16N R07W E2 L21,22,23,24 Partial S15 T16N R07W E2 L19,20 1 more…",3 : View,TIMBERWOLF MINERALS LLC
https://okcountyrecords.com/detail/Grady/2021-014801,1,Grady,2021-10-27,2021-014801,Mineral Deed,5944,0255 - 0257,"LITTLE, ROSE MARILYN",TIMBERWOLF MINERALS LLC,MINCO B9 L3 W25' MINCO B9 L4,3 : View,TIMBERWOLF MINERALS LLC
https://okcountyrecords.com/detail/McClain/2021-014103,1,McClain,2021-10-27,2021-014103,Mineral Deed,2739,0832 - 0834,"BINYON TRUST, BRYCE",TIMBERWOLF MINERALS LLC,30 8N4W,3 : View,TIMBERWOLF MINERALS LLC
https://okcountyrecords.com/detail/Stephens/2021-010547,1,Stephens,2021-10-28,2021-010547,Mineral Deed,6062,0001 - 0003,"SCHNEIDER, ROBERT S",TIMBERWOLF MINERALS LLC,S22 T1S R4W,3 : View,TIMBERWOLF MINERALS LLC
https://okcountyrecords.com/detail/Stephens/2021-010548,1,Stephens,2021-10-28,2021-010548,Mineral Deed,6062,0004 - 0006,"SCHNEIDER, WILLIAM S",TIMBERWOLF MINERALS LLC,S22 T1S R4W,3 : View,TIMBERWOLF MINERALS LLC
https://okcountyrecords.com/detail/Blaine/2021-003061,3,Blaine,2021-10-28,2021-003061,Mineral Deed,1479,0279 - 0281,TIMBERWOLF MINERALS LLC,LONEWOLF MINERALS LLC,S01 T14N R13W S2 NE L1-4,3 : View,TIMBERWOLF MINERALS LLC
https://okcountyrecords.com/detail/Blaine/2021-003062,1,Blaine,2021-10-28,2021-003062,Mineral Deed,1479,0282 - 0284,"BEENE, STEVEN EARL",TIMBERWOLF MINERALS LLC,S22 T15N R10W N2 NW,3 : View,TIMBERWOLF MINERALS LLC
https://okcountyrecords.com/detail/Blaine/2021-003063,1,Blaine,2021-10-28,2021-003063,Mineral Deed,1479,0285 - 0287,"BEENE, TRACY GALE",TIMBERWOLF MINERALS LLC,S22 T15N R10W N2 NW,3 : View,TIMBERWOLF MINERALS LLC
https://okcountyrecords.com/detail/Blaine/2021-003096,1,Blaine,2021-11-01,2021-003096,Mineral Deed,1479,0422 - 0425,"TAYLOR, CAROL JOINT TRUST TAYLOR, DON L.",TIMBERWOLF MINERALS LLC,TOWN OF GREENFIELD B7 L6-12 Containing N2 Acre(s) (more or less) S09 T14N R11W N2 Containing 21 Acre(s) (more or less),4 : View,TIMBERWOLF MINERALS LLC
https://okcountyrecords.com/detail/Garvin/2021-007905,1,Garvin,2021-11-05,2021-007905,MINERAL DEED,2367,0231 - 0233,"THOMAS,JERRY",TIMBERWOLF MINERALS LLC,S21 T2N R3W N2 NW SE S21 T2N R3W E2 SE 2 more…,3 : View,TIMBERWOLF MINERALS LLC
https://okcountyrecords.com/detail/Garvin/2021-007906,1,Garvin,2021-11-05,2021-007906,MINERAL DEED,2367,0234 - 0236,"THOMAS,RICHARD",TIMBERWOLF MINERALS LLC,S21 T2N R3W N2 NW SE (Mult) 3 more…,3 : View,TIMBERWOLF MINERALS LLC
https://okcountyrecords.com/detail/McClain/2021-014704,1,McClain,2021-11-09,2021-014704,Mineral Deed,2743,0185 - 0187,"BROWN, SARAH FERGUSON",TIMBERWOLF MINERALS LLC,20 6N4W,3 : View,TIMBERWOLF MINERALS LLC
https://okcountyrecords.com/detail/Garvin/2021-008128,1,Garvin,2021-11-15,2021-008128,MINERAL DEED,2368,0186 - 0188,TIMBERWOLF MINERALS LLC,ECKARD LAND & ACQUISITION,S10 T2N R3W E2 NW NE S10 T2N R3W W2 NE NE 5 more…,3 : View,TIMBERWOLF MINERALS LLC
