url,Rank,County,Recorded,Instrument,Type,Book,Page(s),Grantor,Grantee,Legal Description,Images,company
https://okcountyrecords.com/detail/Grady/2017-021554,1,Grady,2017-09-25,2017-021554,Mineral Deed,5294,0329 - 0331,TIMBERWOLF MINERALS LLC,LONGPOINT MINERALS LLC,S29 T8N R6W,3 : View,TIMBERWOLF MINERALS LLC
https://okcountyrecords.com/detail/Custer/2017-006711,1,Custer,2017-09-25,2017-006711,Mineral Deed,1772,0674 - 0676,TIMBERWOLF MINERALS LLC,MEP MID-CON III LLC,S12 T14N R14W S2,3 : View,TIMBERWOLF MINERALS LLC
https://okcountyrecords.com/detail/Custer/2017-006712,1,Custer,2017-09-25,2017-006712,Mineral Deed,1772,0677 - 0679,TIMBERWOLF MINERALS LLC,MEP MID-CON III LLC,S1 T14N R15W NW S4 T14N R15W SW,3 : View,TIMBERWOLF MINERALS LLC
https://okcountyrecords.com/detail/Custer/2017-006713,1,Custer,2017-09-25,2017-006713,Mineral Deed,1772,0680 - 0683,TIMBERWOLF MINERALS LLC,MEP MID-CON III LLC,S5 T14N R14W NE S8 T14N R14W SE 7 more…,4 : View,TIMBERWOLF MINERALS LLC
https://okcountyrecords.com/detail/Custer/2017-006714,1,Custer,2017-09-25,2017-006714,Mineral Deed,1772,0684 - 0686,TIMBERWOLF MINERALS LLC,MEP MID-CON III LLC,S34 T14N R14W NE,3 : View,TIMBERWOLF MINERALS LLC
https://okcountyrecords.com/detail/Custer/2017-006715,1,Custer,2017-09-25,2017-006715,Mineral Deed,1772,0687 - 0689,TIMBERWOLF MINERALS LLC,MEP MID-CON III LLC,S1 T14N R15W NW (Mult) S4 T14N R15W SW,3 : View,TIMBERWOLF MINERALS LLC
https://okcountyrecords.com/detail/Custer/2017-006716,1,Custer,2017-09-25,2017-006716,Mineral Deed,1772,0690 - 0692,TIMBERWOLF MINERALS LLC,MEP MID-CON III LLC,S1 T13N R14W N2 NW S4 T13N R14W SE 3 more…,3 : View,TIMBERWOLF MINERALS LLC
https://okcountyrecords.com/detail/Custer/2017-006717,1,Custer,2017-09-25,2017-006717,Mineral Deed,1772,0693 - 0695,TIMBERWOLF MINERALS LLC,MEP MID-CON III LLC,S32 T14N R14W A,3 : View,TIMBERWOLF MINERALS LLC
https://okcountyrecords.com/detail/Custer/2017-006718,1,Custer,2017-09-25,2017-006718,Mineral Deed,1772,0696 - 0698,TIMBERWOLF MINERALS LLC,MEP MID-CON III LLC,S1 T13N R14W N2 NW S4 T13N R14W SE 3 more…,3 : View,TIMBERWOLF MINERALS LLC
https://okcountyrecords.com/detail/Custer/2017-006719,1,Custer,2017-09-25,2017-006719,Mineral Deed,1772,0699 - 0701,TIMBERWOLF MINERALS LLC,MEP MID-CON III LLC,S1 T14N R15W NW S4 T14N R15W SW,3 : View,TIMBERWOLF MINERALS LLC
https://okcountyrecords.com/detail/Custer/2017-006720,2,Custer,2017-09-25,2017-006720,Mineral Deed,1772,0702 - 0704,TIMBERWOLF MINERALS LLC,MEP MID-CON III LLC,S1 T14N R15W NW S4 T14N R15W SW,3 : View,TIMBERWOLF MINERALS LLC
https://okcountyrecords.com/detail/Custer/2017-006721,1,Custer,2017-09-25,2017-006721,Mineral Deed,1772,0705 - 0707,TIMBERWOLF MINERALS LLC,MEP MID-CON III LLC,S18 T14N R14W NE NE,3 : View,TIMBERWOLF MINERALS LLC
https://okcountyrecords.com/detail/Custer/2017-006722,1,Custer,2017-09-25,2017-006722,Mineral Deed,1772,0708 - 0710,TIMBERWOLF MINERALS LLC,MEP MID-CON III LLC,S22 T15N R14W W2 S27 T15N R14W W2 NW,3 : View,TIMBERWOLF MINERALS LLC
https://okcountyrecords.com/detail/Custer/2017-006723,1,Custer,2017-09-25,2017-006723,Mineral Deed,1772,0711 - 0713,TIMBERWOLF MINERALS LLC,MEP MID-CON III LLC,S1 T13N R14W N2 NW S4 T13N R14W SE 3 more…,3 : View,TIMBERWOLF MINERALS LLC
https://okcountyrecords.com/detail/Custer/2017-006724,2,Custer,2017-09-25,2017-006724,Mineral Deed,1772,0714 - 0716,TIMBERWOLF MINERALS LLC,MEP MID-CON III LLC,S1 T13N R14W N2 NW S4 T13N R14W SE 3 more…,3 : View,TIMBERWOLF MINERALS LLC
