url,Rank,County,Recorded,Instrument,Type,Book,Page(s),Grantor,Grantee,Legal Description,Images,company
https://okcountyrecords.com/detail/Blaine/2017-003174,3,Blaine,2017-03-31,2017-003174,Mineral Deed,1271,0367 - 0369,TIMBERWOLF MINERALS LLC,LONGPOINT MINERALS LLC,S36 T14N R13W,3 : View,TIMBERWOLF MINERALS LLC
https://okcountyrecords.com/detail/Blaine/2017-003175,1,Blaine,2017-03-31,2017-003175,Mineral Deed,1271,0370 - 0372,TIMBERWOLF MINERALS LLC,LONGPOINT MINERALS LLC,S15 T13N R12W S2,3 : View,TIMBERWOLF MINERALS LLC
https://okcountyrecords.com/detail/Blaine/2017-003176,3,Blaine,2017-03-31,2017-003176,Mineral Deed,1271,0373 - 0375,TIMBERWOLF MINERALS LLC,LONGPOINT MINERALS LLC,S14 T16N R13W NW,3 : View,TIMBERWOLF MINERALS LLC
https://okcountyrecords.com/detail/Blaine/2017-003178,1,Blaine,2017-03-31,2017-003178,Mineral Deed,1271,0378 - 0380,"PENDERGRAFT, AUSTION LOYD LEE PENDERGRAFT, SHELLY R",TIMBERWOLF MINERALS LLC,S28 T16N R11W SE Partial,3 : View,TIMBERWOLF MINERALS LLC
https://okcountyrecords.com/detail/Blaine/2017-003179,1,Blaine,2017-03-31,2017-003179,Mineral Deed,1271,0381 - 0383,"ROBERSON, CURTIS E.",TIMBERWOLF MINERALS LLC,S32 T17N R11W NW S32 T17N R11W E2 SW,3 : View,TIMBERWOLF MINERALS LLC
https://okcountyrecords.com/detail/Blaine/2017-003180,1,Blaine,2017-03-31,2017-003180,Mineral Deed,1271,0384 - 0386,"YOUNG, LINDA R",TIMBERWOLF MINERALS LLC,S32 T17N R11W NW S32 T17N R11W E2 SW,3 : View,TIMBERWOLF MINERALS LLC
https://okcountyrecords.com/detail/Dewey/2017-002862,1,Dewey,2017-03-31,2017-002862,Mineral Deed,1663,0159 - 0161,"GOODSON, EMMETT E",TIMBERWOLF MINERALS LLC,S17 T16N R14W SW,3 : View,TIMBERWOLF MINERALS LLC
https://okcountyrecords.com/detail/Kingfisher/2017-003777,1,Kingfisher,2017-04-03,2017-003777,MINERAL DEED,3005,0336 - 0338,"SPANGLER, JILL","TIMBERWOLF MINERALS, LLC",S27 T16N R09W E2 SW,3 : View,TIMBERWOLF MINERALS LLC
https://okcountyrecords.com/detail/Kingfisher/2017-003778,1,Kingfisher,2017-04-03,2017-003778,MINERAL DEED,3005,0339 - 0341,"HALVERSON, BONNIE ROSE","TIMBERWOLF MINERALS, LLC",S16 T17N R09W SW S17 T17N R09W E2 SE,3 : View,TIMBERWOLF MINERALS LLC
https://okcountyrecords.com/detail/Custer/2017-002446,1,Custer,2017-04-03,2017-002446,Mineral Deed,1750,0174 - 0176,"FRY, ELGIN GENE",TIMBERWOLF MINERALS LLC,S7 T15N R15W NW Containing 12.75 NET MINERAL Acre(s) (more or less),3 : View,TIMBERWOLF MINERALS LLC
https://okcountyrecords.com/detail/Blaine/2017-003211,1,Blaine,2017-04-03,2017-003211,Mineral Deed,1271,0476 - 0478,"CARMAN, GILBERT",TIMBERWOLF MINERALS LLC,S31 T14N R13W W2,4 : View,TIMBERWOLF MINERALS LLC
https://okcountyrecords.com/detail/Blaine/2017-003211,1,Blaine,2017-04-03,2017-003211,Mineral Deed,1271,0476 - 0478,"CARMAN, GILBERT",TIMBERWOLF MINERALS LLC,S31 T14N R13W W2,4 : View,TIMBERWOLF MINERALS LLC
https://okcountyrecords.com/detail/Blaine/2017-003211,1,Blaine,2017-04-03,2017-003211,Mineral Deed,1271,0476 - 0478,"CARMAN, GILBERT",TIMBERWOLF MINERALS LLC,S31 T14N R13W W2,4 : View,TIMBERWOLF MINERALS LLC
https://okcountyrecords.com/detail/Blaine/2017-003276,1,Blaine,2017-04-04,2017-003276,Mineral Deed,1271,0678 - 0680,"DINSMORE JR., MARVIN B.",TIMBERWOLF MINERALS LLC,S18 T15N R13W SW S19 T15N R13W NW 1 more…,3 : View,TIMBERWOLF MINERALS LLC
https://okcountyrecords.com/detail/Blaine/2017-003277,1,Blaine,2017-04-04,2017-003277,Mineral Deed,1271,0681 - 0683,"DICLEMENTE, CLAUDIA R",TIMBERWOLF MINERALS LLC,S09 T14N R13W NE,3 : View,TIMBERWOLF MINERALS LLC
