url,Rank,County,Recorded,Instrument,Type,Book,Page(s),Grantor,Grantee,Legal Description,Images,company
https://okcountyrecords.com/detail/Grady/2019-000737,1,Grady,2019-01-15,2019-000737,Mineral Deed,5535,0275 - 0277,TIMBERWOLF MINERALS LLC,CHERRY CREEK MINERALS LLC,S20 T9N R6W,3 : View,TIMBERWOLF MINERALS LLC
https://okcountyrecords.com/detail/Kingfisher/2019-000380,3,Kingfisher,2019-01-15,2019-000380,MINERAL DEED,3196,0540 - 0542,"TIMBERWOLF MINERALS, LLC","CHERRY CREEK MINERALS, LLC",S26 T17N R07W S2 NE,3 : View,TIMBERWOLF MINERALS LLC
https://okcountyrecords.com/detail/Kingfisher/2019-000381,1,Kingfisher,2019-01-15,2019-000381,MINERAL DEED,3196,0543 - 0545,"TIMBERWOLF MINERALS, LLC","CHERRY CREEK MINERALS, LLC",S24 T16N R06W NE,3 : View,TIMBERWOLF MINERALS LLC
https://okcountyrecords.com/detail/Grady/2019-000832,1,Grady,2019-01-17,2019-000832,Correct Mineral Deed,5536,0569 - 0571,"HINKLE, JONETTA J",TIMBERWOLF MINERALS LLC,S03 T3N R5W S26 T4N R5W,3 : View,TIMBERWOLF MINERALS LLC
https://okcountyrecords.com/detail/Kingfisher/2019-000471,1,Kingfisher,2019-01-17,2019-000471,MINERAL DEED,3197,0291 - 0293,"MCCULLOUGH, JEFFREY","TIMBERWOLF MINERALS, LLC",S24 T16N R06W E2 SW S24 T16N R06W SE 2 more…,3 : View,TIMBERWOLF MINERALS LLC
https://okcountyrecords.com/detail/Kingfisher/2019-000472,1,Kingfisher,2019-01-17,2019-000472,MINERAL DEED,3197,0294 - 0296,"MUCCULLOUGH, ROBERT","TIMBERWOLF MINERALS, LLC",S24 T16N R06W E2 SW S24 T16N R06W SE 1 more…,3 : View,TIMBERWOLF MINERALS LLC
https://okcountyrecords.com/detail/Kingfisher/2019-000474,1,Kingfisher,2019-01-17,2019-000474,MINERAL DEED,3197,0300 - 0302,"BOLLMAN, STEPHEN JOSPEH","TIMBERWOLF MINERALS, LLC",S30 T15N R07W SE S30 T15N R07W E2 SW 1 more…,3 : View,TIMBERWOLF MINERALS LLC
https://okcountyrecords.com/detail/Kingfisher/2019-000475,1,Kingfisher,2019-01-17,2019-000475,MINERAL DEED,3197,0303 - 0305,"BOLLMAN, CHRISTOPHER LEE","TIMBERWOLF MINERALS, LLC",S30 T15N R07W SE S30 T15N R07W E2 SW 1 more…,3 : View,TIMBERWOLF MINERALS LLC
https://okcountyrecords.com/detail/Kingfisher/2019-000481,3,Kingfisher,2019-01-18,2019-000481,MINERAL DEED,3197,0326 - 0328,"TIMBERWOLF MINERALS, LLC","CHERRY CREEK MINERALS, LLC",S24 T16N R06W E2 SW S24 T16N R06W SE 1 more…,3 : View,TIMBERWOLF MINERALS LLC
https://okcountyrecords.com/detail/Kingfisher/2019-000482,3,Kingfisher,2019-01-18,2019-000482,MINERAL DEED,3197,0329 - 0331,"TIMBERWOLF MINERALS, LLC","CHERRY CREEK MINERALS, LLC",S24 T16N R06W E2 SW S24 T16N R06W SE 1 more…,3 : View,TIMBERWOLF MINERALS LLC
https://okcountyrecords.com/detail/Kingfisher/2019-000520,1,Kingfisher,2019-01-18,2019-000520,MINERAL DEED,3197,0532 - 0534,"BOLLMAN, JIMMY DALE","TIMBERWOLF MINERALS, LLC",S30 T15N R07W SE S30 T15N R07W E2 SW 1 more…,3 : View,TIMBERWOLF MINERALS LLC
https://okcountyrecords.com/detail/Garvin/2019-000596,1,Garvin,2019-01-23,2019-000596,MINERAL DEED,2251,0713 - 0716,"MOORE,MICHAEL",TIMBERWOLF MINERALS LLC,S9 T2N R3W S2 NE S9 T2N R3W N2 SE,4 : View,TIMBERWOLF MINERALS LLC
https://okcountyrecords.com/detail/Garvin/2019-000595,1,Garvin,2019-01-23,2019-000595,MINERAL DEED,2251,0709 - 0712,"MOORE,MICHELE",TIMBERWOLF MINERALS LLC,S9 T2N R3W S2 NE S9 T2N R3W N2 SE,4 : View,TIMBERWOLF MINERALS LLC
https://okcountyrecords.com/detail/Blaine/2019-000423,3,Blaine,2019-01-25,2019-000423,Mineral Deed,1374,0328 - 0330,TIMBERWOLF MINERALS LLC,CHERRY CREEK MINERALS LLC,S20 T14N R11W N2 NW,3 : View,TIMBERWOLF MINERALS LLC
https://okcountyrecords.com/detail/Blaine/2019-000424,1,Blaine,2019-01-25,2019-000424,Mineral Deed,1374,0331 - 0333,TIMBERWOLF MINERALS LLC,CHERRY CREEK MINERALS LLC,S19 T16N R13W SE,3 : View,TIMBERWOLF MINERALS LLC
