url,Rank,County,Recorded,Instrument,Type,Book,Page(s),Grantor,Grantee,Legal Description,Images,company
https://okcountyrecords.com/detail/Kingfisher/2017-006718,1,Kingfisher,2017-06-07,2017-006718,MINERAL DEED,3029,0014 - 0016,"VAN TUYL, GEORGENIA A.","TIMBERWOLF MINERALS, LLC",S31 T15N R08W SE S31 T15N R08W NE,3 : View,TIMBERWOLF MINERALS LLC
https://okcountyrecords.com/detail/Blaine/2017-005613,1,Blaine,2017-06-07,2017-005613,Mineral Deed,1284,0249 - 0251,TIMBERWOLF MINERALS LLC,LONGPOINT MINERALS LLC,S22 T16N R12W SE NW,3 : View,TIMBERWOLF MINERALS LLC
https://okcountyrecords.com/detail/Blaine/2017-005684,1,Blaine,2017-06-09,2017-005684,Mineral Deed,1284,0481 - 0483,"LAVELLE, DELYNN",TIMBERWOLF MINERALS LLC,S33 T14N R11W NE,3 : View,TIMBERWOLF MINERALS LLC
https://okcountyrecords.com/detail/Blaine/2017-005685,1,Blaine,2017-06-09,2017-005685,Mineral Deed,1284,0484 - 0486,"SPANGLER, TERRI ELISABETH",TIMBERWOLF MINERALS LLC,S18 T16N R13W NE,3 : View,TIMBERWOLF MINERALS LLC
https://okcountyrecords.com/detail/Blaine/2017-005694,1,Blaine,2017-06-09,2017-005694,Mineral Deed,1284,0502 - 0504,"PHILLIPS, TOMMY LEROY PHILLIPS, LOUISE JOY",TIMBERWOLF MINERALS LLC,S19 T16N R11W Partial Containing 0.466 Acre(s) (more or less),3 : View,TIMBERWOLF MINERALS LLC
https://okcountyrecords.com/detail/Kingfisher/2017-006844,1,Kingfisher,2017-06-12,2017-006844,MINERAL QCD,3030,0024 - 0026,"BELANGER, LLC","TIMBERWOLF MINERALS, LLC",S18 T15N R08W NE,3 : View,TIMBERWOLF MINERALS LLC
https://okcountyrecords.com/detail/Custer/2017-004337,1,Custer,2017-06-12,2017-004337,Mineral Deed,1760,0444 - 0446,"UNRUH, VESTA GAIL UNRUH, VESTA",TIMBERWOLF MINERALS LLC,S34 T14N R14W NE,3 : View,TIMBERWOLF MINERALS LLC
https://okcountyrecords.com/detail/Kingfisher/2017-006918,1,Kingfisher,2017-06-13,2017-006918,MINERAL DEED,3030,0343 - 0345,"THOMAS, GEORGE W. III THOMAS, BERTHA B.","TIMBERWOLF MINERALS, LLC",S18 T16N R08W SE SE S21 T16N R08W E2 SE,3 : View,TIMBERWOLF MINERALS LLC
https://okcountyrecords.com/detail/Blaine/2017-005814,1,Blaine,2017-06-13,2017-005814,Mineral Deed,1285,0243 - 0247,"HACKWORTH, JAYNE R., TRUSTEE JAYNE R HACKWORTH TRUST",TIMBERWOLF MINERALS LLC,S25 T15N R11W SE S04 T15N R11W S2 SE 38 more…,5 : View,TIMBERWOLF MINERALS LLC
https://okcountyrecords.com/detail/Blaine/2017-005815,1,Blaine,2017-06-13,2017-005815,Mineral Deed,1285,0248 - 0251,"MUNCY, MICHAEL W., TRUSTEE MICHAEL W MUNCY 2001 REVOCABLE TRUST",TIMBERWOLF MINERALS LLC,S24 T15N R12W SE S25 T15N R12W NW 27 more…,4 : View,TIMBERWOLF MINERALS LLC
https://okcountyrecords.com/detail/Blaine/2017-005816,1,Blaine,2017-06-13,2017-005816,Mineral Deed,1285,0252 - 0254,ST. JOHN'S EPISCOAL CHURCH,TIMBERWOLF MINERALS LLC,S23 T14N R12W NW S24 T14N R12W S2 1 more…,3 : View,TIMBERWOLF MINERALS LLC
https://okcountyrecords.com/detail/Grady/2017-013613,2,Grady,2017-06-13,2017-013613,Mineral Deed,5237,0406 - 0408,JMJA INVESTMENTS LLC,TIMBERWOLF MINERALS LLC,S29 T8N R6W S33 T8N R6W,3 : View,TIMBERWOLF MINERALS LLC
https://okcountyrecords.com/detail/Kingfisher/2017-006930,1,Kingfisher,2017-06-14,2017-006930,MINERAL DEED,3030,0429 - 0431,"VAN TUYL, GEORGENIA A. REP","TIMBERWOLF MINERALS, LLC",S24 T15N R08W W2 SW,3 : View,TIMBERWOLF MINERALS LLC
https://okcountyrecords.com/detail/Blaine/2017-005827,1,Blaine,2017-06-14,2017-005827,Mineral Deed,1285,0301 - 0303,"MUNCY, MICHAEL W., TRUSTEE MICHAEL W MUNCY 2001 REVOCABLE TRUST",TIMBERWOLF MINERALS LLC,S07 T16N R10W W2 NE S07 T16N R10W E2 NW 7 more…,3 : View,TIMBERWOLF MINERALS LLC
https://okcountyrecords.com/detail/Kingfisher/2017-007051,1,Kingfisher,2017-06-15,2017-007051,MINERAL DEED,3032,0186 - 0188,"BLISS, SUSAN R. FAMILY TRUST","TIMBERWOLF MINERALS, LLC",S17 T15N R06W E2,3 : View,TIMBERWOLF MINERALS LLC
