url,Rank,County,Recorded,Instrument,Type,Book,Page(s),Grantor,Grantee,Legal Description,Images,company
https://okcountyrecords.com/detail/Blaine/2017-001785,1,Blaine,2017-02-21,2017-001785,Mineral Deed,1264,0433 - 0435,"STOVER, WALTER ENNIS",TIMBERWOLF MINERALS LLC,S18 T15N R10W N2 SE,3 : View,TIMBERWOLF MINERALS LLC
https://okcountyrecords.com/detail/Blaine/2017-001786,1,Blaine,2017-02-21,2017-001786,Mineral Deed,1264,0436 - 0438,"FIFTH-THIRD BANK, TRUSTEE AUSTIN R STOUGH TRUST FUND B",TIMBERWOLF MINERALS LLC,S04 T13N R12W SE,3 : View,TIMBERWOLF MINERALS LLC
https://okcountyrecords.com/detail/Blaine/2017-001787,1,Blaine,2017-02-21,2017-001787,Mineral Deed,1264,0439 - 0441,"MARLOW, AMY HULL",TIMBERWOLF MINERALS LLC,S34 T16N R11W NE,3 : View,TIMBERWOLF MINERALS LLC
https://okcountyrecords.com/detail/Dewey/2017-001624,1,Dewey,2017-02-21,2017-001624,Mineral Deed,1656,0091 - 0093,"WILLS, GARY WILLS, JOY S WILLS, GARY L AKA",TIMBERWOLF MINERALS LLC,S4 T16N R14W S2 NW L3-4 S4 T16N R14W SW,3 : View,TIMBERWOLF MINERALS LLC
https://okcountyrecords.com/detail/Blaine/2017-001788,1,Blaine,2017-02-21,2017-001788,Mineral Deed,1264,0442 - 0444,"HULL, MARK G",TIMBERWOLF MINERALS LLC,S34 T16N R11W NE,3 : View,TIMBERWOLF MINERALS LLC
https://okcountyrecords.com/detail/Dewey/2017-001625,1,Dewey,2017-02-21,2017-001625,Mineral Deed,1656,0094 - 0096,"WILLS, A LEON AKA WILLS, LEON",TIMBERWOLF MINERALS LLC,S4 T16N R14W SW S4 T16N R14W S2 NW L3-4,3 : View,TIMBERWOLF MINERALS LLC
https://okcountyrecords.com/detail/Blaine/2017-001911,1,Blaine,2017-02-24,2017-001911,Mineral Deed,1265,0117 - 0119,"CEDAR POINT CEMETERY ASSOCIATION THOMPSON, JIMMY C. PRES.","TIMBERWOLF MINERALS, LLC",S28 T15N R12W NW S28 T15N R12W NW,3 : View,TIMBERWOLF MINERALS LLC
https://okcountyrecords.com/detail/Blaine/2017-001912,1,Blaine,2017-02-24,2017-001912,Mineral Deed,1265,0120 - 0122,"KOEPKE, ANNA M.","TIMBERWOLF MINERALS, LLC",S04 T14N R12W E2,3 : View,TIMBERWOLF MINERALS LLC
https://okcountyrecords.com/detail/Custer/2017-001384,1,Custer,2017-02-24,2017-001384,Mineral Deed,1745,0232 - 0234,"THOMAS, RICHARD THOMAS, FANNIE",TIMBERWOLF MINERALS LLC,S34 T14N R14W NE,3 : View,TIMBERWOLF MINERALS LLC
https://okcountyrecords.com/detail/Custer/2017-001478,1,Custer,2017-02-28,2017-001478,Mineral Deed,1745,0651 - 0653,"LORENZ, VALERIE B. LORENZ, VALERIE BETH",TIMBERWOLF MINERALS LLC,S32 T14N R14W A S16 T14N R14W E2 NW 2 more…,3 : View,TIMBERWOLF MINERALS LLC
https://okcountyrecords.com/detail/Custer/2017-001479,1,Custer,2017-02-28,2017-001479,Mineral Deed,1745,0654 - 0656,"STRAUGHN, LANE ELIZABETH STRAUGHN, LANE ELIZABETH LORENZ LORENZ, LANE ELIZABETH",TIMBERWOLF MINERALS LLC,S32 T14N R14W A,3 : View,TIMBERWOLF MINERALS LLC
https://okcountyrecords.com/detail/Kingfisher/2017-002346,1,Kingfisher,2017-02-28,2017-002346,MINERAL DEED,2991,0041 - 0043,"TIMBERWOLF MINERALS, LLC","LONGPOINT MINERALS, LLC",S14 T16N R08W W2 SW,3 : View,TIMBERWOLF MINERALS LLC
https://okcountyrecords.com/detail/Kingfisher/2017-002408,1,Kingfisher,2017-03-01,2017-002408,MINERAL DEED,2991,0286 - 0288,"TUYL, GEORGENIA A.","TIMBERWOLF MINERALS, LLC",S36 T17N R08W SW S35 T17N R08W SE,3 : View,TIMBERWOLF MINERALS LLC
https://okcountyrecords.com/detail/Kingfisher/2017-002415,1,Kingfisher,2017-03-01,2017-002415,MINERAL DEED,2991,0308 - 0310,"TUYL, GEORGENIA A","TIMBERWOLF MINERALS, LLC",S22 T17N R09W NE S21 T17N R09W NW 1 more…,3 : View,TIMBERWOLF MINERALS LLC
https://okcountyrecords.com/detail/Kingfisher/2017-002418,1,Kingfisher,2017-03-01,2017-002418,MINERAL DEED,2991,0317 - 0319,"VAN TUYL, GEORGENIA A. PERSONAL REPRESENTATIVE","TIMBERWOLF MINERALS, LLC",S31 T15N R08W SE S31 T15N R08W NE,3 : View,TIMBERWOLF MINERALS LLC
