url,Rank,County,Recorded,Instrument,Type,Book,Page(s),Grantor,Grantee,Legal Description,Images,company
https://okcountyrecords.com/detail/Blaine/2016-017444,1,Blaine,2016-08-31,2016-017444,Mineral Deed,1234,0034 - 0036,"ZISKOVSKY, DOUGLAS",TIMBERWOLF MINERALS LLC,S23 T16N R11W SE,3 : View,TIMBERWOLF MINERALS LLC
https://okcountyrecords.com/detail/Blaine/2016-017445,1,Blaine,2016-08-31,2016-017445,Mineral Deed,1234,0037 - 0039,"WHIPPS, ANGELA",TIMBERWOLF MINERALS LLC,S23 T16N R11W SE,3 : View,TIMBERWOLF MINERALS LLC
https://okcountyrecords.com/detail/Kingfisher/2016-009880,1,Kingfisher,2016-08-31,2016-009880,MINERAL DEED,2916,0271 - 0273,"DUNCAN, DONNA L.",TIMBERWOLF MINERALS LLC,S04 T15N R06W SE,3 : View,TIMBERWOLF MINERALS LLC
https://okcountyrecords.com/detail/Kingfisher/2016-009882,1,Kingfisher,2016-08-31,2016-009882,MINERAL DEED,2916,0277 - 0279,"SHANER, JERRY",TIMBERWOLF MINERALS LLC,S36 T17N R08W NE,3 : View,TIMBERWOLF MINERALS LLC
https://okcountyrecords.com/detail/Kingfisher/2016-009883,1,Kingfisher,2016-08-31,2016-009883,MINERAL DEED,2916,0280 - 0282,"WORTH, PAUL ALLEN",TIMBERWOLF MINERALS LLC,S19 T18N R09W E2 SW L3-4,3 : View,TIMBERWOLF MINERALS LLC
https://okcountyrecords.com/detail/Kingfisher/2016-009884,1,Kingfisher,2016-08-31,2016-009884,MINERAL DEED,2916,0283 - 0285,"WORTH, ROBERT LEROY",TIMBERWOLF MINERALS LLC,S19 T18N R09W E2 SW L3-4,3 : View,TIMBERWOLF MINERALS LLC
https://okcountyrecords.com/detail/Kingfisher/2016-009885,1,Kingfisher,2016-08-31,2016-009885,MINERAL DEED,2916,0286 - 0288,"WORTH, TERESA ANN",TIMBERWOLF MINERALS LLC,S19 T18N R09W E2 SW L3-4,3 : View,TIMBERWOLF MINERALS LLC
https://okcountyrecords.com/detail/Kingfisher/2016-009886,1,Kingfisher,2016-08-31,2016-009886,MINERAL DEED,2916,0289 - 0291,"WORTH, TIMOTHY SCOTT",TIMBERWOLF MINERALS LLC,S19 T18N R09W E2 SW L3-4,3 : View,TIMBERWOLF MINERALS LLC
https://okcountyrecords.com/detail/Kingfisher/2016-009887,1,Kingfisher,2016-08-31,2016-009887,MINERAL DEED,2916,0292 - 0294,"WORTH, JEFFERY EUGENE",TIMBERWOLF MINERALS LLC,S19 T18N R09W E2 SW L3-4,3 : View,TIMBERWOLF MINERALS LLC
https://okcountyrecords.com/detail/Blaine/2016-017486,3,Blaine,2016-09-01,2016-017486,Mineral Deed,1234,0154 - 0156,TIMBERWOLF MINERALS LLC,LONGPOINT MINERALS LLC,S07 T16N R11W NE SW L3,3 : View,TIMBERWOLF MINERALS LLC
https://okcountyrecords.com/detail/Blaine/2016-017487,3,Blaine,2016-09-01,2016-017487,Mineral Deed,1234,0157 - 0159,TIMBERWOLF MINERALS LLC,LONGPOINT MINERALS LLC,S07 T16N R11W SE SW L4,3 : View,TIMBERWOLF MINERALS LLC
https://okcountyrecords.com/detail/Kingfisher/2016-009969,3,Kingfisher,2016-09-01,2016-009969,MINERAL DEED,2917,0370 - 0372,"MPW MINERALS, LLC","TIMBERWOLF MINERALS, LLC",S08 T17N R07W E2 NW S28 T17N R07W SE,3 : View,TIMBERWOLF MINERALS LLC
https://okcountyrecords.com/detail/Kingfisher/2016-009970,3,Kingfisher,2016-09-01,2016-009970,MINERAL DEED,2917,0373 - 0375,"TIMBERWOLF MINERALS, LLC","LONGPOINT MINERALS, LLC",S08 T17N R07W E2 NW S28 T17N R07W SE,3 : View,TIMBERWOLF MINERALS LLC
https://okcountyrecords.com/detail/Kingfisher/2016-009971,1,Kingfisher,2016-09-01,2016-009971,MINERAL DEED,2917,0376 - 0378,"TIMBERWOLF MINERALS, LLC","LONGPOINT MINERALS, LLC",S32 T15N R09W SE,3 : View,TIMBERWOLF MINERALS LLC
https://okcountyrecords.com/detail/Kingfisher/2016-009972,1,Kingfisher,2016-09-01,2016-009972,MINERAL DEED,2917,0379 - 0381,"TIMBERWOLF MINERALS, LLC","LONGPOINT MINERALS, LLC",S03 T16N R08W 1 more…,3 : View,TIMBERWOLF MINERALS LLC
