url,Rank,County,Recorded,Instrument,Type,Book,Page(s),Grantor,Grantee,Legal Description,Images,company
https://okcountyrecords.com/detail/Kingfisher/2017-008903,1,Kingfisher,2017-08-08,2017-008903,DEED,3048,0324 - 0326,"VAN TUYL, GEORGENIA A","TIMBERWOLF MINERALS, LLC",S31 T15N R08W SE S31 T15N R08W NE,3 : View,TIMBERWOLF MINERALS LLC
https://okcountyrecords.com/detail/Grady/2017-017736,1,Grady,2017-08-08,2017-017736,Mineral Deed,5263,0470 - 0472,"HOLSHOUSER, GARY LEE",TIMBERWOLF MINERALS LLC,S17 T9N R8W,3 : View,TIMBERWOLF MINERALS LLC
https://okcountyrecords.com/detail/Grady/2017-017735,1,Grady,2017-08-08,2017-017735,Mineral Deed,5263,0467 - 0469,"CANHA, RANDALL",TIMBERWOLF MINERALS LLC,S22 T6N R6W,3 : View,TIMBERWOLF MINERALS LLC
https://okcountyrecords.com/detail/Grady/2017-017734,1,Grady,2017-08-08,2017-017734,Mineral Deed,5263,0464 - 0466,"LUCAS, SUSAN",TIMBERWOLF MINERALS LLC,S22 T6N R6W,3 : View,TIMBERWOLF MINERALS LLC
https://okcountyrecords.com/detail/Grady/2017-017733,1,Grady,2017-08-08,2017-017733,Mineral Deed,5263,0461 - 0463,"GOODENOUGH, DOROTHY",TIMBERWOLF MINERALS LLC,S31 T9N R5W S29 T9N R6W 1 more…,3 : View,TIMBERWOLF MINERALS LLC
https://okcountyrecords.com/detail/Grady/2017-017732,1,Grady,2017-08-08,2017-017732,Mineral Deed,5263,0458 - 0460,"BRAND, JAMES H",TIMBERWOLF MINERALS LLC,S27 T6N R6W S28 T6N R6W,3 : View,TIMBERWOLF MINERALS LLC
https://okcountyrecords.com/detail/Grady/2017-017731,1,Grady,2017-08-08,2017-017731,Mineral Deed,5263,0455 - 0457,"DODGE, SANDRA K",TIMBERWOLF MINERALS LLC,S17 T9N R8W,3 : View,TIMBERWOLF MINERALS LLC
https://okcountyrecords.com/detail/Grady/2017-017730,1,Grady,2017-08-08,2017-017730,Mineral Deed,5263,0452 - 0454,"CAPRON, CHARLES W",TIMBERWOLF MINERALS LLC,S18 T9N R8W,3 : View,TIMBERWOLF MINERALS LLC
https://okcountyrecords.com/detail/Grady/2017-017729,1,Grady,2017-08-08,2017-017729,Mineral Deed,5263,0449 - 0451,"SHEMWELL, DOROTHY BINGHAM",TIMBERWOLF MINERALS LLC,S30 T7N R5W,3 : View,TIMBERWOLF MINERALS LLC
https://okcountyrecords.com/detail/Grady/2017-017728,1,Grady,2017-08-08,2017-017728,Mineral Deed,5263,0446 - 0448,"HOLSHOUSER, JEFFREY PAUL",TIMBERWOLF MINERALS LLC,S17 T9N R8W,3 : View,TIMBERWOLF MINERALS LLC
https://okcountyrecords.com/detail/Grady/2017-017727,1,Grady,2017-08-08,2017-017727,Mineral Deed,5263,0443 - 0445,"SULLIVAN, NANCY",TIMBERWOLF MINERALS LLC,S35 T10N R7W,3 : View,TIMBERWOLF MINERALS LLC
https://okcountyrecords.com/detail/Grady/2017-017726,1,Grady,2017-08-08,2017-017726,Mineral Deed,5263,0440 - 0442,"LOGUE, WILLIAM D LOGUE, MARILYN J",TIMBERWOLF MINERALS LLC,S09 T7N R7W S16 T7N R7W,3 : View,TIMBERWOLF MINERALS LLC
https://okcountyrecords.com/detail/Grady/2017-017725,1,Grady,2017-08-08,2017-017725,Mineral Deed,5263,0437 - 0439,"CROMWELL, MARK",TIMBERWOLF MINERALS LLC,S07 T8N R5W,3 : View,TIMBERWOLF MINERALS LLC
https://okcountyrecords.com/detail/Blaine/2017-007578,1,Blaine,2017-08-08,2017-007578,Mineral Deed,1295,0429 - 0431,"DENNIS, ERIC PAUL",TIMBERWOLF MINERALS LLC,S30 T17N R13W W2,3 : View,TIMBERWOLF MINERALS LLC
https://okcountyrecords.com/detail/Blaine/2017-007579,1,Blaine,2017-08-08,2017-007579,Mineral Deed,1295,0432 - 0434,"COTTRILL, NANCY J.,TRUSTEE MAXINE D GIBSON REVOCABLE TRUST",TIMBERWOLF MINERALS LLC,S08 T15N R13W SW,3 : View,TIMBERWOLF MINERALS LLC
