url,Rank,County,Recorded,Instrument,Type,Book,Page(s),Grantor,Grantee,Legal Description,Images,company
https://okcountyrecords.com/detail/Blaine/2017-008068,1,Blaine,2017-08-23,2017-008068,Mineral Deed,1298,0300 - 0302,"HOLLEY JR., THOMAS T",TIMBERWOLF MINERALS LLC,S03 T15N R13W N2 NW S10 T15N R13W W2 NW,3 : View,TIMBERWOLF MINERALS LLC
https://okcountyrecords.com/detail/Blaine/2017-008069,1,Blaine,2017-08-23,2017-008069,Mineral Deed,1298,0303 - 0305,"UNDERWOOD, MARVIE L",TIMBERWOLF MINERALS LLC,S11 T16N R11W W2 NE,3 : View,TIMBERWOLF MINERALS LLC
https://okcountyrecords.com/detail/Grady/2017-019078,1,Grady,2017-08-23,2017-019078,Mineral Deed,5275,0513 - 0515,"WALDON, LYNN NEWLIN",TIMBERWOLF MINERALS LLC,S29 T8N R6W,3 : View,TIMBERWOLF MINERALS LLC
https://okcountyrecords.com/detail/McClain/2017-012940,1,McClain,2017-08-24,2017-012940,Mineral Deed,2405,0082 - 0084,"PELLEY FAMILY TRUST PELLEY, W H",TIMBERWOLF MINERALS LLC,19 6N4W,3 : View,TIMBERWOLF MINERALS LLC
https://okcountyrecords.com/detail/Kingfisher/2017-009670,1,Kingfisher,2017-08-28,2017-009670,MINERAL DEED,3054,0108 - 0110,"SPANGLER, JILL TRUSTEE","TIMBERWOLF MINERALS, LLC",S13 T17N R09W NE S12 T17N R09W SE,3 : View,TIMBERWOLF MINERALS LLC
https://okcountyrecords.com/detail/Kingfisher/2017-009743,2,Kingfisher,2017-08-29,2017-009743,MINERAL DEED,3054,0400 - 0402,"TIMBERWOLF MINERALS, LLC",LONG POINT ENERGY LLC,S13 T17N R09W NE S12 T17N R09W SE,3 : View,TIMBERWOLF MINERALS LLC
https://okcountyrecords.com/detail/Kingfisher/2017-009744,1,Kingfisher,2017-08-29,2017-009744,MINERAL DEED,3054,0403 - 0405,"CHALKER, WILLIAM N. CHALKER, JO ANN","TIMBERWOLF MINERALS, LLC",S07 T17N R08W NE NW S07 T17N R08W L1,3 : View,TIMBERWOLF MINERALS LLC
https://okcountyrecords.com/detail/Grady/2017-019492,1,Grady,2017-08-29,2017-019492,Mineral Deed,5278,0366 - 0368,TIMBERWOLF MINERALS LLC,LONGPOINT MINERALS LLC,S33 T8N R6W,3 : View,TIMBERWOLF MINERALS LLC
https://okcountyrecords.com/detail/Grady/2017-019491,1,Grady,2017-08-29,2017-019491,Mineral Deed,5278,0363 - 0365,"SCRIVNER, JENNIFER K",TIMBERWOLF MINERALS LLC,S12 T10N R8W S13 T10N R8W 1 more…,3 : View,TIMBERWOLF MINERALS LLC
https://okcountyrecords.com/detail/Grady/2017-019490,1,Grady,2017-08-29,2017-019490,Mineral Deed,5278,0360 - 0362,"BAILEY, JESSICA",TIMBERWOLF MINERALS LLC,S21 T8N R7W,3 : View,TIMBERWOLF MINERALS LLC
https://okcountyrecords.com/detail/Grady/2017-019489,1,Grady,2017-08-29,2017-019489,Mineral Deed,5278,0357 - 0359,"BROWN, BECKY ANN",TIMBERWOLF MINERALS LLC,S15 T8N R7W,3 : View,TIMBERWOLF MINERALS LLC
https://okcountyrecords.com/detail/Grady/2017-019488,1,Grady,2017-08-29,2017-019488,Mineral Deed,5278,0354 - 0356,TIMBERWOLF MINERALS LLC,LONGPOINT MINERALS LLC,S27 T10N R8W,3 : View,TIMBERWOLF MINERALS LLC
https://okcountyrecords.com/detail/Blaine/2017-008206,1,Blaine,2017-08-29,2017-008206,Mineral Deed,1299,0085 - 0087,TIMBERWOLF MINERALS LLC,LONGPOINT MINERALS LLC,S19 T16N R11W SWEET'S ADDITION TO WATONGA B30 L24-26,3 : View,TIMBERWOLF MINERALS LLC
https://okcountyrecords.com/detail/Blaine/2017-008207,2,Blaine,2017-08-29,2017-008207,Mineral Deed,1299,0088 - 0090,GAS FINDER LLC,TIMBERWOLF MINERALS LLC,S22 T16N R13W E2 NW S22 T16N R13W SE,3 : View,TIMBERWOLF MINERALS LLC
https://okcountyrecords.com/detail/Blaine/2017-008208,1,Blaine,2017-08-29,2017-008208,Mineral Deed,1299,0091 - 0093,"HAYS, SHAROL LYNN",TIMBERWOLF MINERALS LLC,S03 T14N R12W SW,3 : View,TIMBERWOLF MINERALS LLC
