url,Rank,County,Recorded,Instrument,Type,Book,Page(s),Grantor,Grantee,Legal Description,Images,company
https://okcountyrecords.com/detail/Custer/2016-007096,1,Custer,2016-11-14,2016-007096,Mineral Deed,1730,0167 - 0169,"SNIDER, AMY DAWN",TIMBERWOLF MINERALS LLC,S32 T14N R14W A,3 : View,TIMBERWOLF MINERALS LLC
https://okcountyrecords.com/detail/Custer/2016-007097,1,Custer,2016-11-14,2016-007097,Mineral Deed,1730,0170 - 0172,"REEDER, KAREN LYNN HUTCHISON, KAREN REEDER, KARLA LYNN",TIMBERWOLF MINERALS LLC,S7 T14N R14W W2 W2 NE Partial,3 : View,TIMBERWOLF MINERALS LLC
https://okcountyrecords.com/detail/Kingfisher/2016-013003,1,Kingfisher,2016-11-14,2016-013003,MINERAL DEED,2942,0144 - 0146,"HEINRICH, ROBERT D. HEINRICH, RENEE DENISE","TIMBERWOLF MINERALS, LLC",S07 T17N R09W SE,3 : View,TIMBERWOLF MINERALS LLC
https://okcountyrecords.com/detail/Kingfisher/2016-013004,1,Kingfisher,2016-11-14,2016-013004,MINERAL DEED,2942,0147 - 0149,"YOUNG, JANICE CAROL SELLERS","TIMBERWOLF MINERALS, LLC",S05 T15N R08W SE,3 : View,TIMBERWOLF MINERALS LLC
https://okcountyrecords.com/detail/Kingfisher/2016-013005,1,Kingfisher,2016-11-14,2016-013005,MINERAL DEED,2942,0150 - 0152,"SELLERS, LEE BARTON","TIMBERWOLF MINERALS, LLC",S05 T15N R08W SE,3 : View,TIMBERWOLF MINERALS LLC
https://okcountyrecords.com/detail/Dewey/2016-008575,1,Dewey,2016-11-14,2016-008575,Mineral Deed,1639,0146 - 0148,"RINKER, CHARLES J AKA RINKER, CHARLES",TIMBERWOLF MINERALS LLC,S5 T18N R15W NW,3 : View,TIMBERWOLF MINERALS LLC
https://okcountyrecords.com/detail/Blaine/2016-020351,1,Blaine,2016-11-14,2016-020351,Corrected Mineral Deed,1246,0451 - 0453,"SEARCY JR., GLENN DAVIS",TIMBERWOLF MINERALS LLC,S16 T15N R12W S2 S14 T15N R12W NW 1 more…,3 : View,TIMBERWOLF MINERALS LLC
https://okcountyrecords.com/detail/Custer/2016-007131,1,Custer,2016-11-14,2016-007131,Mineral Deed,1730,0302 - 0304,"LORENZ, LANDON BERNHARDT",TIMBERWOLF MINERALS LLC,S32 T14N R14W A,3 : View,TIMBERWOLF MINERALS LLC
https://okcountyrecords.com/detail/Kingfisher/2016-013149,1,Kingfisher,2016-11-16,2016-013149,MINERAL DEED,2943,0527 - 0529,BIOME INC.,TIMBERWOLF MINERALS LLC,S09 T15N R08W SW SW S09 T15N R08W W2 SE SW,3 : View,TIMBERWOLF MINERALS LLC
https://okcountyrecords.com/detail/Kingfisher/2016-013150,1,Kingfisher,2016-11-16,2016-013150,MINERAL DEED,2943,0530 - 0532,APPLE ROCK INC.,TIMBERWOLF MINERALS LLC,S09 T15N R08W SW SW S09 T15N R08W W2 SE SW,3 : View,TIMBERWOLF MINERALS LLC
https://okcountyrecords.com/detail/Blaine/2016-020476,1,Blaine,2016-11-16,2016-020476,Mineral Deed,1247,0179 - 0181,TIMBERWOLF MINERALS LLC,MEP MID-CON III LLC,S04 T15N R13W E2 NW,3 : View,TIMBERWOLF MINERALS LLC
https://okcountyrecords.com/detail/Blaine/2016-020477,1,Blaine,2016-11-16,2016-020477,Mineral Deed,1247,0182 - 0184,"DEAN, JACQUE BRAWNER, TRUTEE JACQUE BRAWNER DEAN REVOCABLE TRUST",TIMBERWOLF MINERALS LLC,S23 T15N R11W E2 NE,3 : View,TIMBERWOLF MINERALS LLC
https://okcountyrecords.com/detail/Blaine/2016-020478,1,Blaine,2016-11-16,2016-020478,Mineral Deed,1247,0185 - 0187,"NITZEL, SHIRLENE D",TIMBERWOLF MINERALS LLC,S24 T15N R12W W2,3 : View,TIMBERWOLF MINERALS LLC
https://okcountyrecords.com/detail/Blaine/2016-020479,1,Blaine,2016-11-16,2016-020479,Mineral Deed,1247,0188 - 0190,"MORLEY, LAUREN B",TIMBERWOLF MINERALS LLC,S30 T14N R12W S2 S31 T14N R12W NE,3 : View,TIMBERWOLF MINERALS LLC
https://okcountyrecords.com/detail/Blaine/2016-020480,1,Blaine,2016-11-16,2016-020480,Mineral Deed,1247,0191 - 0193,"PHILLIPS, LOUISE JOY",TIMBERWOLF MINERALS LLC,S02 T15N R11W SW Partial S22 T15N R13W NE,3 : View,TIMBERWOLF MINERALS LLC
