url,Rank,County,Recorded,Instrument,Type,Book,Page(s),Grantor,Grantee,Legal Description,Images,company
https://okcountyrecords.com/detail/Blaine/2018-002270,1,Blaine,2018-04-02,2018-002270,Mineral Deed,1332,0698 - 0700,TIMBERWOLF MINERALS LLC,CHERRY CREEK MINERALS LLC,S17 T14N R12W SW,3 : View,TIMBERWOLF MINERALS LLC
https://okcountyrecords.com/detail/Blaine/2018-002271,1,Blaine,2018-04-02,2018-002271,Mineral Deed,1333,0001 - 0003,TIMBERWOLF MINERALS LLC,CHERRY CREEK MINERALS LLC,S17 T14N R12W SW S20 T14N R12W NW,3 : View,TIMBERWOLF MINERALS LLC
https://okcountyrecords.com/detail/Blaine/2018-002272,1,Blaine,2018-04-02,2018-002272,Mineral Deed,1333,0004 - 0006,TIMBERWOLF MINERALS LLC,CHERRY CREEK MINERALS LLC,S17 T14N R12W SW S20 T14N R12W NW,3 : View,TIMBERWOLF MINERALS LLC
https://okcountyrecords.com/detail/Custer/2018-001876,1,Custer,2018-04-02,2018-001876,Mineral Deed,1792,0611 - 0613,"COULSON, GEORGIA",TIMBERWOLF MINERALS LLC,S34 T15N R15W NE S34 T15N R15W SE Partial,3 : View,TIMBERWOLF MINERALS LLC
https://okcountyrecords.com/detail/McClain/2018-004976,1,McClain,2018-04-02,2018-004976,Mineral Deed,2453,0640 - 0642,"CHRISTIANSEN, FRED",TIMBERWOLF MINERALS LLC,17 6N3W 25 6N4W,3 : View,TIMBERWOLF MINERALS LLC
https://okcountyrecords.com/detail/Blaine/2018-002369,1,Blaine,2018-04-04,2018-002369,Mineral Deed,1333,0481 - 0483,"EWERS, NORBERT S. EWERS, RUTH I.",TIMBERWOLF MINERALS LLC,S32 T15N R12W NW,3 : View,TIMBERWOLF MINERALS LLC
https://okcountyrecords.com/detail/Grady/2018-006652,1,Grady,2018-04-04,2018-006652,Mineral Deed,5398,0553 - 0555,TIMBERWOLF MINERALS LLC,CHERRY CREEK MINERALS LLC,S09 T8N R5W,3 : View,TIMBERWOLF MINERALS LLC
https://okcountyrecords.com/detail/Grady/2018-006651,1,Grady,2018-04-04,2018-006651,Mineral Deed,5398,0550 - 0552,TIMBERWOLF MINERALS LLC,CHERRY CREEK MINERALS LLC,S09 T7N R7W,3 : View,TIMBERWOLF MINERALS LLC
https://okcountyrecords.com/detail/Grady/2018-006650,3,Grady,2018-04-04,2018-006650,Mineral Deed,5398,0547 - 0549,TIMBERWOLF MINERALS LLC,CHERRY CREEK MINERALS LLC,S05 T6N R5W,3 : View,TIMBERWOLF MINERALS LLC
https://okcountyrecords.com/detail/Blaine/2018-002370,3,Blaine,2018-04-04,2018-002370,Mineral Deed,1333,0484 - 0486,TIMBERWOLF MINERALS LLC,CHERRY CREEK MINERALS LLC,S07 T16N R10W E2 SW S07 T16N R10W W2 SE 1 more…,3 : View,TIMBERWOLF MINERALS LLC
https://okcountyrecords.com/detail/Blaine/2018-002371,1,Blaine,2018-04-04,2018-002371,Mineral Deed,1333,0487 - 0489,TIMBERWOLF MINERALS LLC,CHERRY CREEK MINERALS LLC,S32 T14N R13W SE,3 : View,TIMBERWOLF MINERALS LLC
https://okcountyrecords.com/detail/Blaine/2018-002372,1,Blaine,2018-04-04,2018-002372,Mineral Deed,1333,0490 - 0492,TIMBERWOLF MINERALS LLC,CHERRY CREEK MINERALS LLC,S21 T15N R13W SW,3 : View,TIMBERWOLF MINERALS LLC
https://okcountyrecords.com/detail/Blaine/2018-002373,3,Blaine,2018-04-04,2018-002373,Mineral Deed,1333,0493 - 0495,TIMBERWOLF MINERALS LLC,CHERRY CREEK MINERALS LLC,S32 T14N R13W SE,3 : View,TIMBERWOLF MINERALS LLC
https://okcountyrecords.com/detail/Blaine/2018-002374,1,Blaine,2018-04-04,2018-002374,Mineral Deed,1333,0496 - 0498,TIMBERWOLF MINERALS LLC,CHERRY CREEK MINERALS LLC,S32 T14N R13W SE,3 : View,TIMBERWOLF MINERALS LLC
https://okcountyrecords.com/detail/Blaine/2018-002375,1,Blaine,2018-04-04,2018-002375,Mineral Deed,1333,0499 - 0501,TIMBERWOLF MINERALS LLC,CHERRY CREEK MINERALS LLC,S32 T14N R13W SE,3 : View,TIMBERWOLF MINERALS LLC
