url,Rank,County,Recorded,Instrument,Type,Book,Page(s),Grantor,Grantee,Legal Description,Images,company
https://okcountyrecords.com/detail/Kingfisher/2018-010038,1,Kingfisher,2018-10-15,2018-010038,MINERAL DEED,3174,0420 - 0439,"METCALFE, CARLA MCCORMICK, JANICE SAGER, KAREN DIXON, CAROL 12 more…","TIMBERWOLF MINERALS, LLC",S26 T15N R06W SW,20 : View,TIMBERWOLF MINERALS LLC
https://okcountyrecords.com/detail/Blaine/2018-006960,1,Blaine,2018-10-15,2018-006960,Mineral Deed,1362,0511 - 0513,"NUNEZ, TRACEY LEE",TIMBERWOLF MINERALS LLC,S19 T15N R10W E2 SW L3-4,3 : View,TIMBERWOLF MINERALS LLC
https://okcountyrecords.com/detail/Blaine/2018-006961,1,Blaine,2018-10-15,2018-006961,Mineral Deed,1362,0514 - 0516,"NORDQUIST JR., JOHN A NORDQUIST, BETTY",TIMBERWOLF MINERALS LLC,S24 T15N R13W NW,3 : View,TIMBERWOLF MINERALS LLC
https://okcountyrecords.com/detail/Blaine/2018-006962,1,Blaine,2018-10-15,2018-006962,Mineral Deed,1362,0517 - 0519,"DOYLE R NEELY REVOCABLE TRUST NEELY, ROSEMARY A., TRUSTEE NEELY, DOYLE R., TRUSTEE",TIMBERWOLF MINERALS LLC,S32 T15N R11W E2 SW S32 T15N R11W W2 SE,3 : View,TIMBERWOLF MINERALS LLC
https://okcountyrecords.com/detail/Kingfisher/2018-010151,1,Kingfisher,2018-10-16,2018-010151,MINERAL DEED,3175,0098 - 0100,"WEDMAN, DONALD JAMES","TIMBERWOLF MINERALS, LLC",S34 T15N R06W N2 NE,3 : View,TIMBERWOLF MINERALS LLC
https://okcountyrecords.com/detail/Kingfisher/2018-010252,3,Kingfisher,2018-10-18,2018-010252,MINERAL DEED,3175,0498 - 0500,"TIMBERWOLF MINERALS, LLC","CHERRY CREEK MINERALS, LLC",S34 T15N R06W N2 NE,3 : View,TIMBERWOLF MINERALS LLC
https://okcountyrecords.com/detail/Kingfisher/2018-010253,3,Kingfisher,2018-10-18,2018-010253,MINERAL DEED,3175,0501 - 0503,"TIMBERWOLF MINERALS, LLC","CHERRY CREEK MINERALS, LLC",S26 T15N R06W SW,3 : View,TIMBERWOLF MINERALS LLC
https://okcountyrecords.com/detail/Kingfisher/2018-010254,3,Kingfisher,2018-10-18,2018-010254,MINERAL DEED,3175,0504 - 0506,"TIMBERWOLF MINERALS, LLC","CHERRY CREEK MINERALS, LLC",S34 T15N R06W W2 SE,3 : View,TIMBERWOLF MINERALS LLC
https://okcountyrecords.com/detail/Garvin/2018-008741,1,Garvin,2018-10-18,2018-008741,MINERAL DEED,2240,0647 - 0649,"OLINGHOUSE,STEPHEN",TIMBERWOLF MINERALS LLC,S21 T2N R3W S2 NW SE S21 T2N R3W W2 SW SE 5 more…,3 : View,TIMBERWOLF MINERALS LLC
https://okcountyrecords.com/detail/Garvin/2018-008742,3,Garvin,2018-10-18,2018-008742,MINERAL DEED,2240,0650 - 0652,TIMBERWOLF MINERAL LLC,CHERRY CREEK MINERALS LLC,S21 T2N R3W S2 NW SE S21 T2N R3W W2 SW SE 5 more…,3 : View,TIMBERWOLF MINERALS LLC
https://okcountyrecords.com/detail/Blaine/2018-007065,1,Blaine,2018-10-18,2018-007065,Mineral Deed,1363,0116 - 0118,"IVINS, RUSSEL",TIMBERWOLF MINERALS LLC,S25 T15N R13W NE,3 : View,TIMBERWOLF MINERALS LLC
https://okcountyrecords.com/detail/Blaine/2018-007066,1,Blaine,2018-10-18,2018-007066,Mineral Deed,1363,0119 - 0121,"IVINS, RUSSEL",TIMBERWOLF MINERALS LLC,S17 T15N R12W NW,3 : View,TIMBERWOLF MINERALS LLC
https://okcountyrecords.com/detail/Blaine/2018-007067,1,Blaine,2018-10-18,2018-007067,Mineral Deed,1363,0122 - 0124,"CANNON, CATHY CLARK",TIMBERWOLF MINERALS LLC,S03 T16N R13W SE,3 : View,TIMBERWOLF MINERALS LLC
https://okcountyrecords.com/detail/Blaine/2018-007068,3,Blaine,2018-10-18,2018-007068,Mineral Deed,1363,0125 - 0127,TIMBERWOLF MINERALS LLC,CHERRY CREEK MINERALS LLC,S17 T16N R12W NW,3 : View,TIMBERWOLF MINERALS LLC
https://okcountyrecords.com/detail/Blaine/2018-007069,3,Blaine,2018-10-18,2018-007069,Mineral Deed,1363,0128 - 0130,TIMBERWOLF MINERALS LLC,CHERRY CREEK MINERALS LLC,S05 T15N R11W NW,3 : View,TIMBERWOLF MINERALS LLC
