url,Rank,County,Recorded,Instrument,Type,Book,Page(s),Grantor,Grantee,Legal Description,Images,company
https://okcountyrecords.com/detail/Blaine/2018-007070,1,Blaine,2018-10-18,2018-007070,Mineral Deed,1363,0131 - 0133,TIMBERWOLF MINERALS LLC,CHERRY CREEK MINERALS LLC,S32 T15N R11W E2 SW S32 T15N R11W W2 SE,3 : View,TIMBERWOLF MINERALS LLC
https://okcountyrecords.com/detail/Blaine/2018-007071,3,Blaine,2018-10-18,2018-007071,Mineral Deed,1363,0134 - 0136,TIMBERWOLF MINERALS LLC,CHERRY CREEK MINERALS LLC,S20 T14N R11W SE,3 : View,TIMBERWOLF MINERALS LLC
https://okcountyrecords.com/detail/Blaine/2018-007072,3,Blaine,2018-10-18,2018-007072,Mineral Deed,1363,0137 - 0139,TIMBERWOLF MINERALS LLC,CHERRY CREEK MINERALS LLC,S19 T15N R10W E2 SW L3-4,3 : View,TIMBERWOLF MINERALS LLC
https://okcountyrecords.com/detail/Blaine/2018-007073,1,Blaine,2018-10-18,2018-007073,Mineral Deed,1363,0140 - 0142,TIMBERWOLF MINERALS LLC,CHERRY CREEK MINERALS LLC,S24 T15N R13W NW,3 : View,TIMBERWOLF MINERALS LLC
https://okcountyrecords.com/detail/Blaine/2018-007097,1,Blaine,2018-10-19,2018-007097,Stipulation Of Interest,1363,0210 - 0214,TIMBERWOLF MINERALS LLC,TETON RANGE OPERATING LLC,S09 T15N R13W E2 NW S09 T15N R13W SW NE,5 : View,TIMBERWOLF MINERALS LLC
https://okcountyrecords.com/detail/Kingfisher/2018-010369,1,Kingfisher,2018-10-23,2018-010369,MINERAL DEED,3176,0323 - 0325,"DINSMORE, MARVIN B. JR.","TIMBERWOLF MINERALS, LLC",S8 T17N R09W NW,3 : View,TIMBERWOLF MINERALS LLC
https://okcountyrecords.com/detail/Kingfisher/2018-010370,1,Kingfisher,2018-10-23,2018-010370,MINERAL DEED,3176,0326 - 0328,"VOGT, JOHN VOGT, LISA B.","TIMBERWOLF MINERALS, LLC",S16 T15N R08W SE,3 : View,TIMBERWOLF MINERALS LLC
https://okcountyrecords.com/detail/Kingfisher/2018-010371,1,Kingfisher,2018-10-23,2018-010371,MINERAL DEED,3176,0329 - 0331,"VOGT, DONALD","TIMBERWOLF MINERALS, LLC",S16 T15N R08W SE,3 : View,TIMBERWOLF MINERALS LLC
https://okcountyrecords.com/detail/Blaine/2018-007209,1,Blaine,2018-10-25,2018-007209,Ratification Of Oil & Gas Lease,1363,0657 - 0658,TIMBERWOLF MINERALS LLC,TETON RANGE OPERATING LLC,S14 T16N R13W NW,2 : View,TIMBERWOLF MINERALS LLC
https://okcountyrecords.com/detail/Blaine/2018-007210,2,Blaine,2018-10-25,2018-007210,Ratification Of Oil & Gas Lease,1363,0659 - 0660,TIMBERWOLF MINERALS LLC,TETON RANGE OPERATING LLC,S11 T16N R13W SW,2 : View,TIMBERWOLF MINERALS LLC
https://okcountyrecords.com/detail/Kingfisher/2018-010476,3,Kingfisher,2018-10-26,2018-010476,MINERAL DEED,3177,0127 - 0129,"TIMBERWOLF MINERALS, LLC","CHERRY CREEK MINERALS, LLC",S8 T17N R09W NW,3 : View,TIMBERWOLF MINERALS LLC
https://okcountyrecords.com/detail/Kingfisher/2018-010477,3,Kingfisher,2018-10-26,2018-010477,MINERAL DEED,3177,0130 - 0132,"TIMBERWOLF MINERALS, LLC","CHERRY CREEK MINERALS, LLC",S9 T15N R05W S2 SE S9 T15N R05W NE,3 : View,TIMBERWOLF MINERALS LLC
https://okcountyrecords.com/detail/Kingfisher/2018-010478,3,Kingfisher,2018-10-26,2018-010478,MINERAL DEED,3177,0133 - 0135,"TIMBERWOLF MINERALS, LLC","CHERRY CREEK MINERALS, LLC",S9 T15N R08W S2 SE S9 T15N R08W NE,3 : View,TIMBERWOLF MINERALS LLC
https://okcountyrecords.com/detail/Kingfisher/2018-010479,3,Kingfisher,2018-10-26,2018-010479,MINERAL DEED,3177,0136 - 0138,"TIMBERWOLF MINERALS, LLC","CHERRY CREEK MINERALS, LLC",S9 T15N R08W S2 SE S9 T15N R08W NE,3 : View,TIMBERWOLF MINERALS LLC
https://okcountyrecords.com/detail/Kingfisher/2018-010480,3,Kingfisher,2018-10-26,2018-010480,MINERAL DEED,3177,0139 - 0141,"TIMBERWOLF MINERALS, LLC","CHERRY CREEK MINERALS, LLC",S16 T15N R08W SE,3 : View,TIMBERWOLF MINERALS LLC
