url,Rank,County,Recorded,Instrument,Type,Book,Page(s),Grantor,Grantee,Legal Description,Images,company
https://okcountyrecords.com/detail/Blaine/2019-003537,3,Blaine,2019-07-03,2019-003537,Mineral Deed,1394,0199 - 0201,TIMBERWOLF MINERALS LLC,CHERRY CREEK MINERALS LLC,S04 T14N R12W SE S04 T14N R12W S2 NE L1-2,3 : View,TIMBERWOLF MINERALS LLC
https://okcountyrecords.com/detail/Blaine/2019-003538,3,Blaine,2019-07-03,2019-003538,Mineral Deed,1394,0202 - 0204,TIMBERWOLF MINERALS LLC,CHERRY CREEK MINERALS LLC,S10 T15N R11W NW,3 : View,TIMBERWOLF MINERALS LLC
https://okcountyrecords.com/detail/Blaine/2019-003539,3,Blaine,2019-07-03,2019-003539,Mineral Deed,1394,0205 - 0207,TIMBERWOLF MINERALS LLC,CHERRY CREEK MINERALS LLC,S10 T15N R11W NW,3 : View,TIMBERWOLF MINERALS LLC
https://okcountyrecords.com/detail/Blaine/2019-003540,3,Blaine,2019-07-03,2019-003540,Mineral Deed,1394,0208 - 0210,TIMBERWOLF MINERALS LLC,CHERRY CREEK MINERALS LLC,S10 T15N R11W NW,3 : View,TIMBERWOLF MINERALS LLC
https://okcountyrecords.com/detail/Kingfisher/2019-005322,3,Kingfisher,2019-07-03,2019-005322,MINERAL DEED,3238,0480 - 0482,"TIMBERWOLF MINERALS, LLC","CHERRY CREEK MINERALS, LLC",S15 T17N R09W SW,3 : View,TIMBERWOLF MINERALS LLC
https://okcountyrecords.com/detail/Blaine/2019-003674,1,Blaine,2019-07-09,2019-003674,Mineral Deed,1395,0099 - 0101,"PALYOLA, DIANE",TIMBERWOLF MINERALS LLC,S19 T16N R11W CITY OF WATONGA B143 L13-16 Partial,3 : View,TIMBERWOLF MINERALS LLC
https://okcountyrecords.com/detail/Garvin/2019-005465,1,Garvin,2019-07-16,2019-005465,MINERAL DEED,2272,0239 - 0241,DT RESOURCES II LLC,TIMBERWOLF MINERALS LLC,S5 T3N R3W L1--NW S5 T3N R3W L2--N2 1 more…,3 : View,TIMBERWOLF MINERALS LLC
https://okcountyrecords.com/detail/Garvin/2019-005708,2,Garvin,2019-07-24,2019-005708,MINERAL DEED,2273,0093 - 0095,TIMBERWOLF MINERALS LLC,BELLE TRACE RESOURCES LLC,S5 T3N R3W L1--NW S5 T3N R3W L3 AND 4,3 : View,TIMBERWOLF MINERALS LLC
https://okcountyrecords.com/detail/Blaine/2019-003936,1,Blaine,2019-07-24,2019-003936,Mineral Deed,1396,0479 - 0481,"TIMBERWOLF MINERALS, LLC WILLIAMS, CHASE Z. MANAGER","CHERRY CREEK MINERALS, LLC",S19 T16N R10W CITY OF WATONGA B143 L13-16 LOTS 13-15; E 5FT OF LOT 16,3 : View,TIMBERWOLF MINERALS LLC
https://okcountyrecords.com/detail/Blaine/2019-003938,1,Blaine,2019-07-24,2019-003938,Assignment Of Overriding Royalty,1396,0489 - 0495,ANNASTIN ENERGY LLC,TIMBERWOLF MINERALS LLC,S07 T14N R13W SE NE S07 T14N R13W NE SE 8 more…,7 : View,TIMBERWOLF MINERALS LLC
https://okcountyrecords.com/detail/Blaine/2019-003949,1,Blaine,2019-07-24,2019-003949,Mineral Deed,1396,0537 - 0539,"SPAETH, JOHN A SPAETH, SHIRLEY J",TIMBERWOLF MINERALS LLC,S22 T17N R11W NE S22 T17N R11W N2 SE 2 more…,3 : View,TIMBERWOLF MINERALS LLC
https://okcountyrecords.com/detail/Grady/2019-011774,2,Grady,2019-07-25,2019-011774,Mineral Deed,5620,0596 - 0598,CASTLE CREEK RESOURCES LLC,TIMBERWOLF MINERALS LLC,S36 T6N R6W,3 : View,TIMBERWOLF MINERALS LLC
https://okcountyrecords.com/detail/Blaine/2019-003988,1,Blaine,2019-07-26,2019-003988,Mineral Deed,1396,0699 - 0701,AMEICAN MINERAL PARTNER LLC,TIMBERWOLF MINERALS LLC,S23 T15N R11W SW,3 : View,TIMBERWOLF MINERALS LLC
https://okcountyrecords.com/detail/Blaine/2019-004037,1,Blaine,2019-07-30,2019-004037,Assignment Of Overriding Royalty,1397,0282 - 0288,TIMBERWOLF MINERALS LLC,CHERRY CREEK MINERALS LLC,S07 T14N R13W SE NE S07 T14N R13W NE SE 7 more…,7 : View,TIMBERWOLF MINERALS LLC
https://okcountyrecords.com/detail/Blaine/2019-004038,1,Blaine,2019-07-30,2019-004038,Mineral Deed,1397,0289 - 0291,TIMBERWOLF MINERALS LLC,CHERRY CREEK MINERALS LLC,S10 T15N R13W NW,3 : View,TIMBERWOLF MINERALS LLC
