url,Rank,County,Recorded,Instrument,Type,Book,Page(s),Grantor,Grantee,Legal Description,Images,company
https://okcountyrecords.com/detail/Kingfisher/2017-007093,3,Kingfisher,2017-06-16,2017-007093,MINERAL DEED,3032,0378 - 0380,"TIMBERWOLF MINERALS, LLC","LONGPOINT MINERALS, LLC",S18 T16N R08W SE SE S21 T16N R08W E2 SE,3 : View,TIMBERWOLF MINERALS LLC
https://okcountyrecords.com/detail/Blaine/2017-005896,3,Blaine,2017-06-16,2017-005896,Mineral Deed,1285,0583 - 0585,TIMBERWOLF MINERALS LLC,LONGPOINT MINERALS LLC,S13 T15N R12W NE S13 T15N R12W N2 SE,3 : View,TIMBERWOLF MINERALS LLC
https://okcountyrecords.com/detail/Kingfisher/2017-007094,1,Kingfisher,2017-06-16,2017-007094,MINERAL DEED,3032,0381 - 0384,"TIMBERWOLF MINERALS, LLC","LONGPOINT MINERALS, LLC",S32 T15N R06W NW S23 T15N R07W N2 SE 4 more…,4 : View,TIMBERWOLF MINERALS LLC
https://okcountyrecords.com/detail/Kingfisher/2017-007095,1,Kingfisher,2017-06-16,2017-007095,MINERAL DEED,3032,0385 - 0387,"TIMBERWOLF MINERALS, LLC","LONGPOINT MINERALS, LLC",S20 T17N R09W S2 NW S20 T17N R09W SW,3 : View,TIMBERWOLF MINERALS LLC
https://okcountyrecords.com/detail/Kingfisher/2017-007096,1,Kingfisher,2017-06-16,2017-007096,MINERAL DEED,3032,0388 - 0390,"TIMBERWOLF MINERALS, LLC","LONGPOINT MINERALS, LLC",S33 T16N R09W W2 NW,3 : View,TIMBERWOLF MINERALS LLC
https://okcountyrecords.com/detail/Blaine/2017-005897,1,Blaine,2017-06-16,2017-005897,Mineral Deed,1285,0586 - 0588,TIMBERWOLF MINERALS LLC,LONGPOINT MINERALS LLC,S16 T17N R10W SW,3 : View,TIMBERWOLF MINERALS LLC
https://okcountyrecords.com/detail/Blaine/2017-005898,3,Blaine,2017-06-16,2017-005898,Mineral Deed,1285,0589 - 0592,TIMBERWOLF MINERALS LLC,LONGPOINT MINERALS LLC,S08 T16N R12W NE SW S32 T16N R12W NW 30 more…,4 : View,TIMBERWOLF MINERALS LLC
https://okcountyrecords.com/detail/Blaine/2017-005899,3,Blaine,2017-06-16,2017-005899,Mineral Deed,1285,0593 - 0595,TIMBERWOLF MINERALS LLC,LONGPOINT MINERALS LLC,S12 T17N R11W NW,3 : View,TIMBERWOLF MINERALS LLC
https://okcountyrecords.com/detail/Custer/2017-004510,3,Custer,2017-06-16,2017-004510,Mineral Deed,1761,0286 - 0288,G & L MINERAL LLC G&L MINERAL LLC,TIMBERWOLF MINERALS LLC,S31 T14N R14W NW Containing 3.2 Acre(s) (more or less),3 : View,TIMBERWOLF MINERALS LLC
https://okcountyrecords.com/detail/Blaine/2017-005972,1,Blaine,2017-06-19,2017-005972,Mineral Deed,1286,0285 - 0287,TRP MINERALS LLC,TIMBERWOLF MINERALS LLC,S30 T17N R10W E2 NW L1-2,3 : View,TIMBERWOLF MINERALS LLC
https://okcountyrecords.com/detail/Blaine/2017-005973,1,Blaine,2017-06-19,2017-005973,Mineral Deed,1286,0288 - 0290,"CLARK JR., WILLIAM",TIMBERWOLF MINERALS LLC,S06 T16N R13W SE,3 : View,TIMBERWOLF MINERALS LLC
https://okcountyrecords.com/detail/Grady/2017-013966,1,Grady,2017-06-19,2017-013966,Mineral Deed,5239,0441 - 0443,"PAULEY, PATTY L",TIMBERWOLF MINERALS LLC,S21 T9N R8W,3 : View,TIMBERWOLF MINERALS LLC
https://okcountyrecords.com/detail/Dewey/2017-005239,1,Dewey,2017-06-19,2017-005239,Mineral Deed,1676,0334 - 0336,"STINSON, DELORES W MCNUTT AKA STINSON, DELORES STINSON, DELORES W AKA",TIMBERWOLF MINERALS LLC,S28 T16N R14W SW,3 : View,TIMBERWOLF MINERALS LLC
https://okcountyrecords.com/detail/Blaine/2017-006061,1,Blaine,2017-06-21,2017-006061,Mineral Deed,1287,0019 - 0021,GRACE CHAPEL,TIMBERWOLF MINERALS LLC,S07 T15N R13W NE S03 T15N R10W W2 SW,3 : View,TIMBERWOLF MINERALS LLC
https://okcountyrecords.com/detail/Blaine/2017-006096,1,Blaine,2017-06-22,2017-006096,Mineral Deed,1287,0140 - 0142,"WEBER, MARK EARL",TIMBERWOLF MINERALS LLC,S11 T18N R11W NE S11 T18N R11W N2 SE,3 : View,TIMBERWOLF MINERALS LLC
