url,Rank,County,Recorded,Instrument,Type,Book,Page(s),Grantor,Grantee,Legal Description,Images,company
https://okcountyrecords.com/detail/Kingfisher/2018-011364,1.0,Kingfisher,2018-11-26,2018-011364,MINERAL DEED,3184,0290 - 0292,"WITTROCK, MARK FRANCIS REV TRUST WITTROCK, MARY REV TRUST","TIMBERWOLF MINERALS, LLC",S36 T15N R07W E2 SE,3 : View,TIMBERWOLF MINERALS LLC
https://okcountyrecords.com/detail/Kingfisher/2018-011365,1.0,Kingfisher,2018-11-26,2018-011365,MINERAL DEED,3184,0293 - 0295,"WITTROCK, MARK FRANCIS WITTROCK, MARY FRANCES","TIMBERWOLF MINERALS, LLC",S36 T15N R07W N2 SW,3 : View,TIMBERWOLF MINERALS LLC
https://okcountyrecords.com/detail/Blaine/2018-007752,1.0,Blaine,2018-11-27,2018-007752,Corrected Mineral Deed,1367,0179 - 0181,"POWELL, PATRICIA D.",TIMBERWOLF MINERALS LLC,S26 T14N R11W SE,3 : View,TIMBERWOLF MINERALS LLC
https://okcountyrecords.com/detail/Kingfisher/2018-011567,3.0,Kingfisher,2018-11-30,2018-011567,MINERAL DEED,3186,0461 - 0463,"TIMBERWOLF MINERALS, LLC","CHERRY CREEK MINERALS, LLC",S35 T15N R09W W2 SW Partial,3 : View,TIMBERWOLF MINERALS LLC
https://okcountyrecords.com/detail/Kingfisher/2018-011568,3.0,Kingfisher,2018-11-30,2018-011568,MINERAL DEED,3186,0464 - 0466,"TIMBERWOLF MINERALS, LLC","CHERRY CREEK MINERALS, LLC",S13 T16N R09W SE,3 : View,TIMBERWOLF MINERALS LLC
https://okcountyrecords.com/detail/Kingfisher/2018-011569,1.0,Kingfisher,2018-11-30,2018-011569,MINERAL DEED,3186,0467 - 0469,"TIMBERWOLF MINERALS, LLC","CHERRY CREEK MINERALS, LLC",S35 T16N R09W W2 SW Partial,3 : View,TIMBERWOLF MINERALS LLC
https://okcountyrecords.com/detail/Kingfisher/2018-011570,1.0,Kingfisher,2018-11-30,2018-011570,MINERAL DEED,3186,0470 - 0472,"TIMBERWOLF MINERALS, LLC","CHERRY CREEK MINERALS, LLC",S36 T15N R07W N2 SW,3 : View,TIMBERWOLF MINERALS LLC
https://okcountyrecords.com/detail/Kingfisher/2018-011571,3.0,Kingfisher,2018-11-30,2018-011571,MINERAL DEED,3186,0473 - 0475,"TIMBERWOLF MINERALS, LLC","CHERRY CREEK MINERALS, LLC",S34 T15N R06W N2 NE,3 : View,TIMBERWOLF MINERALS LLC
https://okcountyrecords.com/detail/Kingfisher/2018-011572,1.0,Kingfisher,2018-11-30,2018-011572,MINERAL DEED,3186,0476 - 0478,"TIMBERWOLF MINERALS, LLC","CHERRY CREEK MINERALS, LLC",S36 T15N R07W N2 SW,3 : View,TIMBERWOLF MINERALS LLC
https://okcountyrecords.com/detail/Kingfisher/2018-011566,1.0,Kingfisher,2018-11-30,2018-011566,MINERAL DEED,3186,0458 - 0460,"TIMBERWOLF MINERAL, LLC","CHERRY CREEK MINERALS, LLC",S13 T16N R09W SE,3 : View,TIMBERWOLF MINERALS LLC
https://okcountyrecords.com/detail/Blaine/2018-007820,0.3,Blaine,2018-11-30,2018-007820,Mineral Deed,1367,0481 - 0483,TIMBERWOLF MINERALS,CHERRY CREEK MINERALS LLC,S18 T16N R13W NE,3 : View,TIMBERWOLF MINERALS LLC
https://okcountyrecords.com/detail/Blaine/2018-007821,0.3,Blaine,2018-11-30,2018-007821,Mineral Deed,1367,0484 - 0486,TIMBERWOLF MINERALS,CHERRY CREEK MINERALS LLC,S33 T14N R11W SW,3 : View,TIMBERWOLF MINERALS LLC
https://okcountyrecords.com/detail/Custer/2018-007151,1.0,Custer,2018-11-30,2018-007151,Mineral Deed,1821,0692 - 0694,"STEVICK, JOEL CHRISTOPHER O'MALLEY, KATHLEEN STEVICK, JOEL",TIMBERWOLF MINERALS LLC,S15 T15N R15W NW,3 : View,TIMBERWOLF MINERALS LLC
https://okcountyrecords.com/detail/Kingfisher/2018-011693,1.0,Kingfisher,2018-12-04,2018-011693,MINERAL DEED,3187,0512 - 0514,"BOLLMAN, STEPHEN JOSEPH","TIMBERWOLF MINERALS, LLC",S26 T15N R08W SE Partial,3 : View,TIMBERWOLF MINERALS LLC
https://okcountyrecords.com/detail/Beckham/2018-005027,1.0,Beckham,2018-12-04,2018-005027,Mineral Deed,2296,0129 - 0131,"BERSCHBACK, MARY MARIE THOMPSON AKA BERSCHBACK, THOMAS BERSCHBACK, MARY MARIE",TIMBERWOLF MINERALS LLC,LONG DESCRIPTION,3 : View,TIMBERWOLF MINERALS LLC
