url,Rank,County,Recorded,Instrument,Type,Book,Page(s),Grantor,Grantee,Legal Description,Images,company
https://okcountyrecords.com/detail/McClain/2021-005673,1,McClain,2021-04-29,2021-005673,Mineral Deed,2697,0561 - 0563,MONTAGE MINERALS LLC,TIMBERWOLF MINERALS LLC,21 7N4W,3 : View,TIMBERWOLF MINERALS LLC
https://okcountyrecords.com/detail/McClain/2021-005674,1,McClain,2021-04-29,2021-005674,Mineral Deed,2697,0564 - 0566,"HYDE, JAMES E",TIMBERWOLF MINERALS LLC,"34, 35 6N4W",3 : View,TIMBERWOLF MINERALS LLC
https://okcountyrecords.com/detail/McClain/2021-005675,1,McClain,2021-04-29,2021-005675,Mineral Deed,2697,0567 - 0569,"HYDE JR, CARL O",TIMBERWOLF MINERALS LLC,"34, 35 6N4W",3 : View,TIMBERWOLF MINERALS LLC
https://okcountyrecords.com/detail/McClain/2021-005676,1,McClain,2021-04-29,2021-005676,Mineral Deed,2697,0570 - 0572,"CASSILL, TIMOTHY",TIMBERWOLF MINERALS LLC,19 7N4W,3 : View,TIMBERWOLF MINERALS LLC
https://okcountyrecords.com/detail/McClain/2021-005677,1,McClain,2021-04-29,2021-005677,Mineral Deed,2697,0573 - 0575,"CASSILL, LAUREN J",TIMBERWOLF MINERALS LLC,19 7N4W,3 : View,TIMBERWOLF MINERALS LLC
https://okcountyrecords.com/detail/McClain/2021-005794,2,McClain,2021-04-30,2021-005794,Mineral Deed,2698,0211 - 0213,PINION GROUP LLC,TIMBERWOLF MINERALS LLC,29 7N4W,3 : View,TIMBERWOLF MINERALS LLC
https://okcountyrecords.com/detail/McClain/2021-005974,1,McClain,2021-05-04,2021-005974,Mineral Deed,2699,0295 - 0297,"GUTTERMAN, BRUCE HOWARD",TIMBERWOLF MINERALS LLC,1 6N4W,3 : View,TIMBERWOLF MINERALS LLC
https://okcountyrecords.com/detail/McClain/2021-005975,1,McClain,2021-05-04,2021-005975,Mineral Deed,2699,0298 - 0300,MONTAGE MINERALS LLC,TIMBERWOLF MINERALS LLC,20 7N4W,3 : View,TIMBERWOLF MINERALS LLC
https://okcountyrecords.com/detail/Grady/2021-006365,1,Grady,2021-05-07,2021-006365,Mineral Deed,5870,0386 - 0389,HARRIET ELIZABETH HENSON SWINGLEY OIL & GAS TRUST,TIMBERWOLF MINERALS LLC,S18 T6N R5W S19 T6N R5W,4 : View,TIMBERWOLF MINERALS LLC
https://okcountyrecords.com/detail/Grady/2021-006440,1,Grady,2021-05-10,2021-006440,Mineral Deed,5871,0193 - 0195,TIMBERWOLF MINERALS LLC,LONEWOLF MINERALS LLC,S18 T6N R5W S19 T6N R5W,3 : View,TIMBERWOLF MINERALS LLC
https://okcountyrecords.com/detail/McClain/2021-006460,2,McClain,2021-05-12,2021-006460,Mineral Deed,2701,0695 - 0697,TIMBERWOLF MINERALS LLC,ECKARD LAND & ACQUISITION LLC,21 7N4W,3 : View,TIMBERWOLF MINERALS LLC
https://okcountyrecords.com/detail/McClain/2021-006461,1,McClain,2021-05-12,2021-006461,Mineral Deed,2701,0698 - 0700,TIMBERWOLF MINERALS LLC,ECKARD LAND & ACQUISITION LLC,19 7N4W,3 : View,TIMBERWOLF MINERALS LLC
https://okcountyrecords.com/detail/McClain/2021-006462,1,McClain,2021-05-12,2021-006462,Mineral Deed,2701,0701 - 0703,TIMBERWOLF MINERALS LLC,ECKARD LAND & ACQUISITION LLC,19 7N4W,3 : View,TIMBERWOLF MINERALS LLC
https://okcountyrecords.com/detail/McClain/2021-006463,1,McClain,2021-05-12,2021-006463,Mineral Deed,2701,0704 - 0706,TIMBERWOLF MINERALS LLC,ECKARD LAND & ACQUISITION LLC,25 6N4W,3 : View,TIMBERWOLF MINERALS LLC
https://okcountyrecords.com/detail/McClain/2021-006464,1,McClain,2021-05-12,2021-006464,Mineral Deed,2701,0707 - 0709,TIMBERWOLF MINERALS LLC,ECKARD LAND & ACQUISITION LLC,18 8N4W,3 : View,TIMBERWOLF MINERALS LLC
