url,Rank,County,Recorded,Instrument,Type,Book,Page(s),Grantor,Grantee,Legal Description,Images,company
https://okcountyrecords.com/detail/Garvin/2021-008129,1,Garvin,2021-11-15,2021-008129,MINERAL DEED,2368,0189 - 0191,TIMBERWOLF MINERALS LLC,ECKARD LAND & ACQUISITION,S20 T2N R3W SW NW SE S20 T2N R3W NW SW SE 2 more…,3 : View,TIMBERWOLF MINERALS LLC
https://okcountyrecords.com/detail/Garvin/2021-008130,1,Garvin,2021-11-15,2021-008130,MINERAL DEED,2368,0192 - 0194,TIMBERWOLF MINERALS LLC,ECKARD LAND & ACQUISITION,S21 T2N R3W N2 NW SE S21 T2N R3W E2 SE 2 more…,3 : View,TIMBERWOLF MINERALS LLC
https://okcountyrecords.com/detail/Kingfisher/2021-005610,2,Kingfisher,2021-11-15,2021-005610,MINERAL DEED,3403,0536 - 0538,"TIMBERWOLF MINERALS, LLC","ECKARD LAND & ACQUISTION, LLC",S8 T16N R06W SW,3 : View,TIMBERWOLF MINERALS LLC
https://okcountyrecords.com/detail/Kingfisher/2021-005611,2,Kingfisher,2021-11-15,2021-005611,MINERAL DEED,3403,0539 - 0541,"TIMBERWOLF MINERALS, LLC","ECKARD LAND & ACQUISTION, LLC",S8 T16N R06W SW,3 : View,TIMBERWOLF MINERALS LLC
https://okcountyrecords.com/detail/Kingfisher/2021-005612,2,Kingfisher,2021-11-15,2021-005612,MINERAL DEED,3403,0542 - 0544,"TIMBERWOLF MINERALS, LLC","ECKARD LAND & ACQUISTION, LLC",S8 T16N R06W SW L4 S12 T15N R07W NE 5 more…,3 : View,TIMBERWOLF MINERALS LLC
https://okcountyrecords.com/detail/Kingfisher/2021-005613,2,Kingfisher,2021-11-15,2021-005613,MINERAL DEED,3403,0545 - 0547,"TIMBERWOLF MINERALS, LLC","ECKARD LAND & ACQUISTION, LLC",S33 T16N R06W N2 SE S2 SE,3 : View,TIMBERWOLF MINERALS LLC
https://okcountyrecords.com/detail/Kingfisher/2021-005614,2,Kingfisher,2021-11-15,2021-005614,MINERAL DEED,3403,0548 - 0550,"TIMBERWOLF MINERALS, LLC","ECKARD LAND & ACQUISTION, LLC",S21 T17N R08W NE,3 : View,TIMBERWOLF MINERALS LLC
https://okcountyrecords.com/detail/Grady/2021-015656,1,Grady,2021-11-15,2021-015656,Mineral Deed,5951,0307 - 0309,TIMBERWOLF MINERALS LLC,ECKARD LAND & ACQUISITION LLC,S15 T8N R5W,3 : View,TIMBERWOLF MINERALS LLC
https://okcountyrecords.com/detail/Grady/2021-015657,2,Grady,2021-11-15,2021-015657,Mineral Deed,5951,0310 - 0312,TIMBERWOLF MINERALS LLC,ECKARD LAND & ACQUISITION LLC,S35 T10N R5W,3 : View,TIMBERWOLF MINERALS LLC
https://okcountyrecords.com/detail/Carter/2021-012640,1,Carter,2021-11-15,2021-012640,Mineral Deed,7137,0218 - 0220,"TIMBERWOLF MINERALS, LLC",ECKARD LAND AND ACQUISITION LLC,S22 T2S R3W NE NW,3 : View,TIMBERWOLF MINERALS LLC
https://okcountyrecords.com/detail/Blaine/2021-003237,1,Blaine,2021-11-15,2021-003237,Mineral Deed,1480,0578 - 0580,TIMBERWOLF MINERALS LLC,ECKARD LAND & ACQUISITION LLC,S01 T14N R13W SW S01 T14N R13W S2 NW,3 : View,TIMBERWOLF MINERALS LLC
https://okcountyrecords.com/detail/Kingfisher/2021-005643,1,Kingfisher,2021-11-16,2021-005643,MINERAL DEED,3404,0097 - 0099,"GARMS, DONALD F. JR. LINDA RANZAU GARMS REVOCABLE LIVING TRUST","TIMBERWOLF MINERALS, LLC",S32 T17N R07W SE,3 : View,TIMBERWOLF MINERALS LLC
https://okcountyrecords.com/detail/Kingfisher/2021-005644,1,Kingfisher,2021-11-16,2021-005644,MINERAL DEED,3404,0100 - 0102,"WATSON, MARILYN JEANNE","TIMBERWOLF MINERALS, LLC",S32 T17N R07W SE,3 : View,TIMBERWOLF MINERALS LLC
https://okcountyrecords.com/detail/Grady/2021-015739,1,Grady,2021-11-16,2021-015739,Mineral Deed,5952,0168 - 0170,"POAG, ROY GAYLON",TIMBERWOLF MINERALS LLC,S23 T6N R7W,3 : View,TIMBERWOLF MINERALS LLC
https://okcountyrecords.com/detail/Grady/2021-015740,1,Grady,2021-11-16,2021-015740,Mineral Deed,5952,0171 - 0173,"POAG, RANDELL J",TIMBERWOLF MINERALS LLC,S23 T6N R7W,3 : View,TIMBERWOLF MINERALS LLC
