url,Rank,County,Recorded,Instrument,Type,Book,Page(s),Grantor,Grantee,Legal Description,Images,company
https://okcountyrecords.com/detail/Blaine/2016-021924,1,Blaine,2016-12-30,2016-021924,Mineral Deed,1254,0442 - 0444,TIMBERWOLF MINERALS LLC,MEP MID-CON III LLC,S28 T13N R13W NW S31 T13N R13W NE 2 more…,3 : View,TIMBERWOLF MINERALS LLC
https://okcountyrecords.com/detail/Blaine/2016-021925,1,Blaine,2016-12-30,2016-021925,Mineral Deed,1254,0445 - 0447,TIMBERWOLF MINERALS LLC,MEP MID-CON III LLC,S19 T13N R13W SW S19 T13N R13W S2 SE 3 more…,3 : View,TIMBERWOLF MINERALS LLC
https://okcountyrecords.com/detail/Blaine/2016-021926,1,Blaine,2016-12-30,2016-021926,Mineral Deed,1254,0448 - 0450,TIMBERWOLF MINERALS LLC,MEP MID-CON III LLC,S31 T13N R13W NE S31 T13N R13W NE 2 more…,3 : View,TIMBERWOLF MINERALS LLC
https://okcountyrecords.com/detail/Blaine/2016-021926,1,Blaine,2016-12-30,2016-021926,Mineral Deed,1254,0448 - 0450,TIMBERWOLF MINERALS LLC,MEP MID-CON III LLC,S31 T13N R13W NE S31 T13N R13W NE 2 more…,3 : View,TIMBERWOLF MINERALS LLC
https://okcountyrecords.com/detail/Blaine/2016-021926,1,Blaine,2016-12-30,2016-021926,Mineral Deed,1254,0448 - 0450,TIMBERWOLF MINERALS LLC,MEP MID-CON III LLC,S31 T13N R13W NE S31 T13N R13W NE 2 more…,3 : View,TIMBERWOLF MINERALS LLC
https://okcountyrecords.com/detail/Custer/2016-008299,1,Custer,2016-12-30,2016-008299,Mineral Deed,1737,0590 - 0592,TIMBERWOLF MINERALS LLC,MEP MID-CON III LLC,S13 T14N R14W N2,3 : View,TIMBERWOLF MINERALS LLC
https://okcountyrecords.com/detail/Custer/2016-008300,1,Custer,2016-12-30,2016-008300,Mineral Deed,1737,0593 - 0595,TIMBERWOLF MINERALS LLC,MEP MID-CON III LLC,S1 T15N R14W S2 NE L1 S1 T15N R14W S2 NE L2,3 : View,TIMBERWOLF MINERALS LLC
https://okcountyrecords.com/detail/Kingfisher/2016-014916,1,Kingfisher,2016-12-30,2016-014916,MINERAL DEED,2963,0362 - 0364,"LEMKE, TAMYA J.","TIMBERWOLF MINERALS, LLC",S25 T15N R07W NW,3 : View,TIMBERWOLF MINERALS LLC
https://okcountyrecords.com/detail/Custer/2016-008301,1,Custer,2016-12-30,2016-008301,Mineral Deed,1737,0596 - 0598,TIMBERWOLF MINERALS LLC,MEP MID-CON III LLC,S7 T14N R14W W2 W2 NE Partial,3 : View,TIMBERWOLF MINERALS LLC
https://okcountyrecords.com/detail/Custer/2016-008302,1,Custer,2016-12-30,2016-008302,Mineral Deed,1737,0599 - 0601,TIMBERWOLF MINERALS LLC,MEP MID-CON III LLC,S4 T14N R14W N2 SW S4 T14N R14W S2 SW 1 more…,3 : View,TIMBERWOLF MINERALS LLC
https://okcountyrecords.com/detail/Blaine/2016-021951,1,Blaine,2016-12-30,2016-021951,Mineral Deed,1254,0558 - 0560,"VAN DE SANDT, RONALD",TIMBERWOLF MINERALS LLC,S14 T16N R13W NW,3 : View,TIMBERWOLF MINERALS LLC
https://okcountyrecords.com/detail/Blaine/2016-021952,1,Blaine,2016-12-30,2016-021952,Mineral Deed,1254,0561 - 0563,"HOCH, LELAND D",TIMBERWOLF MINERALS LLC,S03 T14N R11W W2 SE,3 : View,TIMBERWOLF MINERALS LLC
https://okcountyrecords.com/detail/Blaine/2016-021953,1,Blaine,2016-12-30,2016-021953,Mineral Deed,1254,0564 - 0566,"WILLIS, ARDITH JANE WILLIS, ARMEL LEON",TIMBERWOLF MINERALS LLC,S05 T14N R11W NE,3 : View,TIMBERWOLF MINERALS LLC
https://okcountyrecords.com/detail/Kingfisher/2016-014941,1,Kingfisher,2016-12-30,2016-014941,MINERAL DEED,2963,0466 - 0468,"KNIGHT, KELLY R. REV TRUST","TIMBERWOLF MINERALS, LLC",S28 T17N R07W SE,3 : View,TIMBERWOLF MINERALS LLC
https://okcountyrecords.com/detail/Kingfisher/2016-014942,1,Kingfisher,2016-12-30,2016-014942,MINERAL DEED,2963,0469 - 0471,"LEMKE, GAYLA L.","TIMBERWOLF MINERALS, LLC",S25 T15N R07W NW,3 : View,TIMBERWOLF MINERALS LLC
