url,Rank,County,Recorded,Instrument,Type,Book,Page(s),Grantor,Grantee,Legal Description,Images,company
https://okcountyrecords.com/detail/Garvin/2018-006009,1,Garvin,2018-07-17,2018-006009,MINERAL DEED,2229,0195 - 0197,"GARNER,JOHN",TIMBERWOLF MINERALS LLC,S30 T3N R3W L3 S30 T3N R3W L4---W2,3 : View,TIMBERWOLF MINERALS LLC
https://okcountyrecords.com/detail/Custer/2018-004450,1,Custer,2018-07-17,2018-004450,Mineral Deed,1806,0190 - 0192,"SCHATZ, LEILANI JENSEN, LEILANI ANN MOSBURG SHANNON, LEILANI ANN SHANNON, LEILANI A. 2 more…",TIMBERWOLF MINERALS LLC,S2 T13N R15W S2 NW L3 Containing 320.36 Acre(s) (more or less) S2 T13N R15W SW L4,3 : View,TIMBERWOLF MINERALS LLC
https://okcountyrecords.com/detail/Blaine/2018-004811,1,Blaine,2018-07-18,2018-004811,Mineral Deed,1348,0075 - 0077,TIMBERWOLF MINERALS LLC,CHERRY CREEK MINERALS LLC,S11 T16N R11W W2 NE S11 T16N R11W E2 NW,3 : View,TIMBERWOLF MINERALS LLC
https://okcountyrecords.com/detail/Blaine/2018-004812,3,Blaine,2018-07-18,2018-004812,Mineral Deed,1348,0078 - 0080,TIMBERWOLF MINERALS LLC,CHERRY CREEK MINERALS LLC,S34 T16N R11W NE,3 : View,TIMBERWOLF MINERALS LLC
https://okcountyrecords.com/detail/Blaine/2018-004813,1,Blaine,2018-07-18,2018-004813,Mineral Deed,1348,0081 - 0083,TIMBERWOLF MINERALS LLC,CHERRY CREEK MINERALS LLC,S14 T14N R11W SW,3 : View,TIMBERWOLF MINERALS LLC
https://okcountyrecords.com/detail/Kingfisher/2018-007081,3,Kingfisher,2018-07-18,2018-007081,MINERAL DEED,3147,0098 - 0100,"TIMBERWOLF MINERALS, LLC","CHERRY CREEK MINERALS, LLC",S24 T15N R07W SE S25 T15N R07W NW,3 : View,TIMBERWOLF MINERALS LLC
https://okcountyrecords.com/detail/Blaine/2018-004814,3,Blaine,2018-07-18,2018-004814,Mineral Deed,1348,0084 - 0086,TIMBERWOLF MINERALS LLC,CHERRY CREEK MINERALS LLC,S01 T13N R11W CITY OF GEARY B42 L23-25,3 : View,TIMBERWOLF MINERALS LLC
https://okcountyrecords.com/detail/Kingfisher/2018-007082,3,Kingfisher,2018-07-18,2018-007082,MINERAL DEED,3147,0101 - 0103,"TIMBERWOLF MINERALS, LLC","CHERRY CREEK MINERALS, LLC",S8 T15N R06W NW,3 : View,TIMBERWOLF MINERALS LLC
https://okcountyrecords.com/detail/Blaine/2018-004815,3,Blaine,2018-07-18,2018-004815,Mineral Deed,1348,0087 - 0089,TIMBERWOLF MINERALS LLC,CHERRY CREEK MINERALS LLC,S31 T14N R11W SE,3 : View,TIMBERWOLF MINERALS LLC
https://okcountyrecords.com/detail/Blaine/2018-004816,3,Blaine,2018-07-18,2018-004816,Mineral Deed,1348,0090 - 0092,TIMBERWOLF MINERALS LLC,CHERRY CREEK MINERALS LLC,S11 T16N R11W SW,3 : View,TIMBERWOLF MINERALS LLC
https://okcountyrecords.com/detail/Blaine/2018-004817,1,Blaine,2018-07-18,2018-004817,Mineral Deed,1348,0093 - 0095,TIMBERWOLF MINERALS LLC,CHERRY CREEK MINERALS LLC,S35 T15N R11W NW,3 : View,TIMBERWOLF MINERALS LLC
https://okcountyrecords.com/detail/Blaine/2018-004818,1,Blaine,2018-07-18,2018-004818,Mineral Deed,1348,0096 - 0098,TIMBERWOLF MINERALS LLC,CHERRY CREEK MINERALS LLC,S26 T14N R11W N2 NW S35 T14N R11W NW Partial,3 : View,TIMBERWOLF MINERALS LLC
https://okcountyrecords.com/detail/Blaine/2018-004819,3,Blaine,2018-07-18,2018-004819,Mineral Deed,1348,0099 - 0101,TIMBERWOLF MINERALS LLC,CHERRY CREEK MINERALS LLC,S21 T15N R10W NW,3 : View,TIMBERWOLF MINERALS LLC
https://okcountyrecords.com/detail/Blaine/2018-004820,3,Blaine,2018-07-18,2018-004820,Mineral Deed,1348,0102 - 0104,TIMBERWOLF MINERALS LLC,CHERRY CREEK MINERALS LLC,S35 T15N R12W NE,3 : View,TIMBERWOLF MINERALS LLC
https://okcountyrecords.com/detail/Blaine/2018-004821,3,Blaine,2018-07-18,2018-004821,Mineral Deed,1348,0105 - 0107,TIMBERWOLF MINERALS LLC,CHERRY CREEK MINERALS LLC,S35 T15N R12W NE,3 : View,TIMBERWOLF MINERALS LLC
