url,Rank,County,Recorded,Instrument,Type,Book,Page(s),Grantor,Grantee,Legal Description,Images,company
https://okcountyrecords.com/detail/Kingfisher/2020-005360,2,Kingfisher,2020-10-22,2020-005360,MINERAL DEED,3339,0095 - 0097,"TIMBERWOLF MINERALS, LLC","ECKARD LAND & ACQUISITION, LLC","S1 T16N R08W S2 NE L1,2",3 : View,TIMBERWOLF MINERALS LLC
https://okcountyrecords.com/detail/Kingfisher/2020-005372,2,Kingfisher,2020-10-23,2020-005372,MINERAL DEED,3339,0122 - 0124,"TIMBERWOLF MINERALS, LLC","BELLE TRACE RESOURCES, LLC",S32 T16N R08W SE,3 : View,TIMBERWOLF MINERALS LLC
https://okcountyrecords.com/detail/Garvin/2020-007144,2,Garvin,2020-10-23,2020-007144,MINERAL DEED,2325,0075 - 0077,TIMBERWOLF MINERALS LLC,ECKARD LAND & ACQUISITION LLC,S26 T2N R3W NE NE NE SW Partial FOSTER B10 L1 3 more…,3 : View,TIMBERWOLF MINERALS LLC
https://okcountyrecords.com/detail/Garvin/2020-007145,1,Garvin,2020-10-23,2020-007145,MINERAL DEED,2325,0078 - 0080,TIMBERWOLF MINERALS LLC,ECKARD LAND & ACQUISITION LLC,S23 T2N R3W SE SE,3 : View,TIMBERWOLF MINERALS LLC
https://okcountyrecords.com/detail/Kingfisher/2020-005460,1,Kingfisher,2020-10-28,2020-005460,MINERAL DEED,3339,0468 - 0470,"GARMS, RODGER CHARLES","TIMBERWOLF MINERALS, LLC",S32 T17N R07W SE,3 : View,TIMBERWOLF MINERALS LLC
https://okcountyrecords.com/detail/McClain/2020-011455,1,McClain,2020-10-28,2020-011455,Mineral Deed,2657,0763 - 0765,"WOODS FAMILY TRUST WOODS, PEGGY R",TIMBERWOLF MINERALS LLC,"7, 18 8N4W",3 : View,TIMBERWOLF MINERALS LLC
https://okcountyrecords.com/detail/McClain/2020-011456,1,McClain,2020-10-28,2020-011456,Mineral Deed,2657,0766 - 0768,"GARRETT, PAULINE S",TIMBERWOLF MINERALS LLC,"7, 18 8N4W",3 : View,TIMBERWOLF MINERALS LLC
https://okcountyrecords.com/detail/McClain/2020-011527,1,McClain,2020-10-29,2020-011527,Mineral Deed,2658,0198 - 0200,"GRIFFITH, GARY J GRIFFITH FAMILY TRUST GRIFFITH, PAMELA L",TIMBERWOLF MINERALS LLC,"7, 18 8N4W",3 : View,TIMBERWOLF MINERALS LLC
https://okcountyrecords.com/detail/Stephens/2020-009029,1,Stephens,2020-10-30,2020-009029,Mineral Deed,5882,0100 - 0102,"BAYLEY, CHRISTOPHER R",TIMBERWOLF MINERALS LLC,S9 T2N R4W,3 : View,TIMBERWOLF MINERALS LLC
https://okcountyrecords.com/detail/McClain/2020-011593,1,McClain,2020-11-04,2020-011593,Correct Mineral Deed,2658,0541 - 0543,"GARRETT, PAULINE S",TIMBERWOLF MINERALS LLC,"7, 18 8N4W",3 : View,TIMBERWOLF MINERALS LLC
https://okcountyrecords.com/detail/Grady/2020-013354,1,Grady,2020-11-04,2020-013354,Mineral Deed,5795,0089 - 0091,"GARRETT, PAULINE SUE",TIMBERWOLF MINERALS LLC,S12 T8N R5W,3 : View,TIMBERWOLF MINERALS LLC
https://okcountyrecords.com/detail/Grady/2020-013355,1,Grady,2020-11-04,2020-013355,Mineral Deed,5795,0092 - 0094,"GRIFFITH, GARY J GRIFFITH FAMILY TRUST GRIFFITH, PAMELA L",TIMBERWOLF MINERALS LLC,S12 T8N R5W,3 : View,TIMBERWOLF MINERALS LLC
https://okcountyrecords.com/detail/Grady/2020-013356,1,Grady,2020-11-04,2020-013356,Mineral Deed,5795,0095 - 0097,"WOODS, PEGGY R WOODS FAMILY TRUST",TIMBERWOLF MINERALS LLC,S12 T8N R5W,3 : View,TIMBERWOLF MINERALS LLC
https://okcountyrecords.com/detail/Kingfisher/2020-005653,2,Kingfisher,2020-11-10,2020-005653,MINERAL DEED,3347,0312 - 0314,"TIMBERWOLF MINERALS, LLC","ECKARD LAND & ACQUISITION, LLC",S32 T17N R07W SE,3 : View,TIMBERWOLF MINERALS LLC
https://okcountyrecords.com/detail/Kingfisher/2020-005654,2,Kingfisher,2020-11-10,2020-005654,MINERAL DEED,3347,0315 - 0317,"TIMBERWOLF MINERALS, LLC","ECKARD LAND & ACQUISITION, LLC",S32 T17N R07W SE,3 : View,TIMBERWOLF MINERALS LLC
