url,Rank,County,Recorded,Instrument,Type,Book,Page(s),Grantor,Grantee,Legal Description,Images,company
https://okcountyrecords.com/detail/Blaine/2017-001599,1,Blaine,2017-02-15,2017-001599,Mineral Deed,1263,0524 - 0526,TIMBERWOLF MINERALS LLC,LONGPOINT MINERALS LLC,S17 T15N R12W NW Partial,3 : View,TIMBERWOLF MINERALS LLC
https://okcountyrecords.com/detail/Blaine/2017-001600,1,Blaine,2017-02-15,2017-001600,Mineral Deed,1263,0527 - 0529,TIMBERWOLF MINERALS LLC,LONGPOINT MINERALS LLC,S19 T14N R13W SE SE,3 : View,TIMBERWOLF MINERALS LLC
https://okcountyrecords.com/detail/Blaine/2017-001601,1,Blaine,2017-02-15,2017-001601,Mineral Deed,1263,0530 - 0532,TIMBERWOLF MINERALS LLC,LONGPOINT MINERALS LLC,S26 T15N R10W SW,3 : View,TIMBERWOLF MINERALS LLC
https://okcountyrecords.com/detail/Blaine/2017-001602,3,Blaine,2017-02-15,2017-001602,Mineral Deed,1263,0533 - 0535,TIMBERWOLF MINERALS LLC,LONGPOINT MINERALS LLC,S19 T16N R11W S19 T16N R11W 2 more…,3 : View,TIMBERWOLF MINERALS LLC
https://okcountyrecords.com/detail/Blaine/2017-001603,1,Blaine,2017-02-15,2017-001603,Mineral Deed,1263,0536 - 0538,TIMBERWOLF MINERALS LLC,LONGPOINT MINERALS LLC,S19 T14N R13W SE SE,3 : View,TIMBERWOLF MINERALS LLC
https://okcountyrecords.com/detail/Blaine/2017-001603,1,Blaine,2017-02-15,2017-001603,Mineral Deed,1263,0536 - 0538,TIMBERWOLF MINERALS LLC,LONGPOINT MINERALS LLC,S19 T14N R13W SE SE,3 : View,TIMBERWOLF MINERALS LLC
https://okcountyrecords.com/detail/Blaine/2017-001604,1,Blaine,2017-02-15,2017-001604,Mineral Deed,1263,0539 - 0541,TIMBERWOLF MINERALS LLC,LONGPOINT MINERALS LLC,S26 T15N R10W SW,3 : View,TIMBERWOLF MINERALS LLC
https://okcountyrecords.com/detail/Blaine/2017-001606,1,Blaine,2017-02-15,2017-001606,Mineral Deed,1263,0545 - 0547,TIMBERWOLF MINERALS LLC,LONGPOINT MINERALS LLC,S17 T15N R12W NW Partial S17 T15N R12W NW Partial,3 : View,TIMBERWOLF MINERALS LLC
https://okcountyrecords.com/detail/Blaine/2017-001607,3,Blaine,2017-02-15,2017-001607,Mineral Deed,1263,0548 - 0550,TIMBERWOLF MINERALS LLC,LONGPOINT MINERALS LLC,S17 T15N R12W NW Partial,3 : View,TIMBERWOLF MINERALS LLC
https://okcountyrecords.com/detail/Blaine/2017-001608,1,Blaine,2017-02-15,2017-001608,Mineral Deed,1263,0551 - 0553,TIMBERWOLF MINERALS LLC,LONGPOINT MINERALS LLC,S26 T15N R10W SW,3 : View,TIMBERWOLF MINERALS LLC
https://okcountyrecords.com/detail/Blaine/2017-001609,3,Blaine,2017-02-15,2017-001609,Mineral Deed,1263,0554 - 0556,TIMBERWOLF MINERALS LLC,LONGPOINT MINERALS LLC,S24 T14N R12W SW,3 : View,TIMBERWOLF MINERALS LLC
https://okcountyrecords.com/detail/Blaine/2017-001610,1,Blaine,2017-02-15,2017-001610,Mineral Deed,1263,0557 - 0559,TIMBERWOLF MINERALS LLC,LONGPOINT MINERALS LLC,S19 T14N R13W SE SE,3 : View,TIMBERWOLF MINERALS LLC
https://okcountyrecords.com/detail/Blaine/2017-001610,1,Blaine,2017-02-15,2017-001610,Mineral Deed,1263,0557 - 0559,TIMBERWOLF MINERALS LLC,LONGPOINT MINERALS LLC,S19 T14N R13W SE SE,3 : View,TIMBERWOLF MINERALS LLC
https://okcountyrecords.com/detail/Blaine/2017-001611,1,Blaine,2017-02-15,2017-001611,Mineral Deed,1263,0560 - 0562,TIMBERWOLF MINERALS LLC,LONGPOINT MINERALS LLC,S19 T16N R11W TOWN OF WATONGA B30 L7-8 2 more…,3 : View,TIMBERWOLF MINERALS LLC
https://okcountyrecords.com/detail/Blaine/2017-001612,1,Blaine,2017-02-15,2017-001612,Mineral Deed,1263,0563 - 0565,TIMBERWOLF MINERALS LLC,LONGPOINT MINERALS LLC,S24 T14N R12W SW S24 T14N R12W SW,3 : View,TIMBERWOLF MINERALS LLC
