url,Rank,County,Recorded,Instrument,Type,Book,Page(s),Grantor,Grantee,Legal Description,Images,company
https://okcountyrecords.com/detail/Garvin/2020-000456,1.0,Garvin,2020-01-17,2020-000456,MINERAL DEED,2296,0332 - 0334,"TATE,MICHAEL",TIMBERWOLF MINERALS LLC,S31 T2N R2W L3 and 4 S31 T2N R2W W2 SW 2 more…,3 : View,TIMBERWOLF MINERALS LLC
https://okcountyrecords.com/detail/Garvin/2020-000455,1.0,Garvin,2020-01-17,2020-000455,MINERAL DEED,2296,0329 - 0331,"RAWLINGS,JOHN",TIMBERWOLF MINERALS LLC,S31 T2N R2W L3 and 4 S31 T2N R2W W2 SW 2 more…,3 : View,TIMBERWOLF MINERALS LLC
https://okcountyrecords.com/detail/Kingfisher/2020-000802,1.0,Kingfisher,2020-02-13,2020-000802,MINERAL DEED,3289,0294 - 0296,"VEAL, ALYS R.; PERSONAL REPRESENTATIVE OF THE ESTATE OF ROBERT M. VEAL","TIMBERWOLF MINERALS, LLC",S15 T16N R09W S2 NW,3 : View,TIMBERWOLF MINERALS LLC
https://okcountyrecords.com/detail/Grady/2020-002360,1.0,Grady,2020-02-20,2020-002360,Mineral Deed,5704,0381 - 0383,MUIRFIELD RESOURCES COMPANY,TIMBERWOLF MINERALS LLC,S33 T8N R6W,3 : View,TIMBERWOLF MINERALS LLC
https://okcountyrecords.com/detail/Grady/2020-002390,1.0,Grady,2020-02-20,2020-002390,Mineral Deed,5704,0538 - 0540,TIMBERWOLF MINERALS LLC,BELLE TRACE RESOURCES LLC,S33 T8N R6W,3 : View,TIMBERWOLF MINERALS LLC
https://okcountyrecords.com/detail/Custer/2020-000937,2.0,Custer,2020-02-27,2020-000937,Memorandum Of Oil & Gas,1873,0658,TIMBERWOLF MINERALS LLC,TIMBERWOLF ENERGY LLC,S1 T13N R14W N2 NW L3 S1 T13N R14W L4,1 : View,TIMBERWOLF MINERALS LLC
https://okcountyrecords.com/detail/Custer/2020-000938,2.0,Custer,2020-02-27,2020-000938,Memorandum Of Oil & Gas,1873,0659,TIMBERWOLF MINERALS LLC,TIMBERWOLF ENERGY LLC,S36 T14N R14W SW,1 : View,TIMBERWOLF MINERALS LLC
https://okcountyrecords.com/detail/McClain/2020-002070,2.0,McClain,2020-02-27,2020-002070,Correct Mineral Deed,2611,0838 - 0841,TIMBERWOLF MINERALS LLC,VENDERA MANAGEMENT III LLC,"6 5N4W 26, 27 7N4W 1 more…",4 : View,TIMBERWOLF MINERALS LLC
https://okcountyrecords.com/detail/Stephens/2020-001751,1.0,Stephens,2020-02-28,2020-001751,Mortgage,5785,0169 - 0194,TRIPLE CROWN ENERGY LLC BCF MINERALS LLC TIMBERWOLF MINERALS LLC,INTERNATIONAL BANK OF COMMERCE,S15 T1N R4W,26 : View,TIMBERWOLF MINERALS LLC
https://okcountyrecords.com/detail/Grady/2020-002811,2.3,Grady,2020-02-28,2020-002811,Mineral Mortgage,5708,0075 - 0100,TRIPLE CROWN ENERGY LLC BCF MINERALS LLC TIMBERWOLF MINERALS LLC,INTERNATIONAL BANK OF COMMERCE,S17 T5N R6W,26 : View,TIMBERWOLF MINERALS LLC
https://okcountyrecords.com/detail/Garvin/2020-001850,1.0,Garvin,2020-03-02,2020-001850,MORTGAGE,2301,0509 - 0534,TRIPLE CROWN ENERGY LLC BCF MINERALS LLC TIMBERWOLF MINERALS LLC,INTERNATIONAL BANK OF COMMERCE,S28 T4N R3W S33 T4N R3W 4 more…,26 : View,TIMBERWOLF MINERALS LLC
https://okcountyrecords.com/detail/McClain/2020-002163,1.0,McClain,2020-03-02,2020-002163,Mortgage,2612,0191 - 0216,TRIPLE CROWN ENERGY LLC BCF MINERALS LLC TIMBERWOLF MINERALS LLC,INTERNATIONAL BANK OF COMMERCE,35 6N4W 22 9N4W,26 : View,TIMBERWOLF MINERALS LLC
https://okcountyrecords.com/detail/Kingfisher/2020-001522,1.0,Kingfisher,2020-03-13,2020-001522,Partial Release Mtg,3295,0098 - 0103,INTERNATIONAL BANK COMMERCE,TIMBERWOLF MINERALS LLC,S7 T17N R08W NE NW L1,6 : View,TIMBERWOLF MINERALS LLC
https://okcountyrecords.com/detail/Blaine/2020-000951,1.0,Blaine,2020-03-13,2020-000951,Mineral Deed,1423,0056 - 0058,TIMBERWOLF MINERALS LLC,BELLE TRACE RESOURCES LLC,S24 T15N R11W W2 SW S24 T15N R11W SE,3 : View,TIMBERWOLF MINERALS LLC
https://okcountyrecords.com/detail/Garvin/2020-002463,1.0,Garvin,2020-03-20,2020-002463,MINERAL DEED,2303,0747 - 0749,"BROUGHTON,SAMUEL",TIMBERWOLF MINERALS LLC,S22 T2N R3W NE NE S22 T2N R3W NE SE NE,3 : View,TIMBERWOLF MINERALS LLC
