url,Rank,County,Recorded,Instrument,Type,Book,Page(s),Grantor,Grantee,Legal Description,Images,company
https://okcountyrecords.com/detail/Blaine/2017-000995,1,Blaine,2017-02-03,2017-000995,Mineral Deed,1260,0284 - 0286,"RICE, STANTON A.",TIMBERWOLF MINERALS LLC,S19 T16N R11W Containing 0.4799 Acre(s) (more or less) CITY OF WATONGA B46 L1 & 2 Partial,3 : View,TIMBERWOLF MINERALS LLC
https://okcountyrecords.com/detail/Custer/2017-000835,1,Custer,2017-02-03,2017-000835,Mineral Deed,1742,0654 - 0656,"CONKLING, ZELLA K. AND GEORGE FAMILY INVESTMENTS ZELLA K. AND GEORGE CONKLING FAMILY INVESTMENTS L",TIMBERWOLF MINERALS LLC,S29 T14N R14W W2,3 : View,TIMBERWOLF MINERALS LLC
https://okcountyrecords.com/detail/Blaine/2017-001028,4,Blaine,2017-02-06,2017-001028,Mineral Deed,1260,0695 - 0697,"PARKER, CAROLYN PARKER, CAROLYN",TIMBERWOLF MINERALS LLC TIMBERWOLF MINERALS LLC,S26 T15N R10W SW,3 : View,TIMBERWOLF MINERALS LLC
https://okcountyrecords.com/detail/Blaine/2017-001029,1,Blaine,2017-02-06,2017-001029,Mineral Deed,1260,0698 - 0700,"FLAX, JUDITH M FLAX, JUDITH M",TIMBERWOLF MINERALS LLC,S17 T15N R12W NW Partial S17 T15N R12W NW Partial,3 : View,TIMBERWOLF MINERALS LLC
https://okcountyrecords.com/detail/Blaine/2017-001030,4,Blaine,2017-02-06,2017-001030,Mineral Deed,1261,0001 - 0003,"WILSON, SHEILA WILSON, SHEILA",TIMBERWOLF MINERALS LLC TIMBERWOLF MINERALS LLC,S26 T15N R10W SW,3 : View,TIMBERWOLF MINERALS LLC
https://okcountyrecords.com/detail/Blaine/2017-001031,1,Blaine,2017-02-06,2017-001031,Mineral Deed,1261,0004 - 0006,"BAKER, EVERETT EARL BAKER, LINDA",TIMBERWOLF MINERALS LLC,S19 T14N R13W SE SE S19 T14N R13W SE SE,3 : View,TIMBERWOLF MINERALS LLC
https://okcountyrecords.com/detail/Blaine/2017-001031,1,Blaine,2017-02-06,2017-001031,Mineral Deed,1261,0004 - 0006,"BAKER, EVERETT EARL BAKER, LINDA",TIMBERWOLF MINERALS LLC,S19 T14N R13W SE SE S19 T14N R13W SE SE,3 : View,TIMBERWOLF MINERALS LLC
https://okcountyrecords.com/detail/Kingfisher/2017-001513,1,Kingfisher,2017-02-08,2017-001513,MINERAL DEED,2981,0284 - 0286,"EILERTS, JOHNNIE BURSE","TIMBERWOLF MINERALS, LLC",S29 T15N R08W NW,3 : View,TIMBERWOLF MINERALS LLC
https://okcountyrecords.com/detail/Blaine/2017-001196,1,Blaine,2017-02-08,2017-001196,Mineral Deed,1261,0541 - 0543,"BYRON, REBECCA ANN",TIMBERWOLF MINERALS LLC,S24 T14N R12W SW,3 : View,TIMBERWOLF MINERALS LLC
https://okcountyrecords.com/detail/Blaine/2017-001273,1,Blaine,2017-02-09,2017-001273,Mineral Deed,1262,0136 - 0138,"NEUFELD, TIM R. ATTOR-IN-FACT FOR NEUFELD, EDMUND I NEUFELD, TIM R. ATTOR-IN-FACT FOR",TIMBERWOLF MINERALS LLC,TOWN OF WATONGA B41 L11-12 TOWN OF WATONGA B30 L7-8,3 : View,TIMBERWOLF MINERALS LLC
https://okcountyrecords.com/detail/Blaine/2017-001274,1,Blaine,2017-02-09,2017-001274,Mineral Deed,1262,0139 - 0141,"BYRON, PATRICK D",TIMBERWOLF MINERALS LLC,S24 T14N R12W SW,3 : View,TIMBERWOLF MINERALS LLC
https://okcountyrecords.com/detail/Blaine/2017-001275,1,Blaine,2017-02-09,2017-001275,Mineral Deed,1262,0142 - 0144,"ZIEGLER, BARBARA J",TIMBERWOLF MINERALS LLC,S24 T14N R12W SW,3 : View,TIMBERWOLF MINERALS LLC
https://okcountyrecords.com/detail/Blaine/2017-001276,1,Blaine,2017-02-09,2017-001276,Mineral Deed,1262,0145 - 0147,"KIMBLE, SUSAN ANNETTE",TIMBERWOLF MINERALS LLC,S19 T14N R13W SE SE,3 : View,TIMBERWOLF MINERALS LLC
https://okcountyrecords.com/detail/Blaine/2017-001277,1,Blaine,2017-02-09,2017-001277,Mineral Deed,1262,0148 - 0150,"BYRON, REX W",TIMBERWOLF MINERALS LLC,S24 T14N R12W SW S24 T14N R12W SW,3 : View,TIMBERWOLF MINERALS LLC
https://okcountyrecords.com/detail/Blaine/2017-001278,1,Blaine,2017-02-09,2017-001278,Mineral Deed,1262,0151 - 0153,"SCHWARTZ, DIANE M",TIMBERWOLF MINERALS LLC,S17 T15N R12W NW Partial,3 : View,TIMBERWOLF MINERALS LLC
