url,Rank,County,Recorded,Instrument,Type,Book,Page(s),Grantor,Grantee,Legal Description,Images,company
https://okcountyrecords.com/detail/Blaine/2017-010528,1,Blaine,2017-11-13,2017-010528,Mineral Deed,1312,0629 - 0632,"PICKETT, NORMA D",TIMBERWOLF MINERALS LLC,S10 T16N R12W SE,4 : View,TIMBERWOLF MINERALS LLC
https://okcountyrecords.com/detail/Kingfisher/2017-012498,1,Kingfisher,2017-11-14,2017-012498,MINERAL DEED,3075,0123 - 0125,"VAN TUYL, GEORGENIA A.","TIMBERWOLF MINERALS, LLC",S7 T17N R09W SE,3 : View,TIMBERWOLF MINERALS LLC
https://okcountyrecords.com/detail/Dewey/2017-009687,1,Dewey,2017-11-15,2017-009687,Mineral Deed,1704,0515 - 0517,"ELMORE, LAWRENCE A",TIMBERWOLF MINERALS LLC,S35 T16N R14W SW Partial,3 : View,TIMBERWOLF MINERALS LLC
https://okcountyrecords.com/detail/Grady/2017-026194,1,Grady,2017-11-15,2017-026194,Mineral Deed,5329,0400 - 0402,"PRIME, ROBERT E",TIMBERWOLF MINERALS LLC,S21 T8N R7W,3 : View,TIMBERWOLF MINERALS LLC
https://okcountyrecords.com/detail/Blaine/2017-010830,1,Blaine,2017-11-20,2017-010830,Mineral Deed,1314,0225 - 0227,"MILLER, CINDY C",TIMBERWOLF MINERALS LLC,S20 T15N R12W E2,3 : View,TIMBERWOLF MINERALS LLC
https://okcountyrecords.com/detail/Blaine/2017-010831,2,Blaine,2017-11-20,2017-010831,Mineral Deed,1314,0228 - 0230,GRAYCLIFF RESOURCES LLC,TIMBERWOLF MINERALS LLC,S21 T13N R12W E2 SE,3 : View,TIMBERWOLF MINERALS LLC
https://okcountyrecords.com/detail/Custer/2017-008021,1,Custer,2017-11-20,2017-008021,Corrected Mineral Deed,1779,0541 - 0543,"MCCLENDON, MAX G.",TIMBERWOLF MINERALS LLC,S5 T15N R15W N2 SW S5 T15N R15W SW SW,3 : View,TIMBERWOLF MINERALS LLC
https://okcountyrecords.com/detail/Kingfisher/2017-012896,1,Kingfisher,2017-11-21,2017-012896,MINERAL DEED,3078,0029 - 0031,"YOST, JOY LYNN","TIMBERWOLF MINERALS, LLC",S33 T16N R09W W2 NW,3 : View,TIMBERWOLF MINERALS LLC
https://okcountyrecords.com/detail/Grady/2017-026883,1,Grady,2017-11-27,2017-026883,Correct Mineral Deed,5333,0425 - 0428,"HINTON, MAELYN LATHAM",TIMBERWOLF MINERALS LLC,S33 T10N R5W S31 T9N R5W 3 more…,4 : View,TIMBERWOLF MINERALS LLC
https://okcountyrecords.com/detail/Blaine/2017-010988,1,Blaine,2017-11-28,2017-010988,Mineral Deed,1315,0082 - 0084,"BYARS, RICHARD CAMP, BY ATT-IN-FACT BYARS, PHILLIP CAVANAUGH, ATT-IN-FACT BYARS, DAVID BRUCE, ATT-IN-FACT",TIMBERWOLF MINERALS LLC,S18 T15N R13W SW S19 T15N R13W NW,3 : View,TIMBERWOLF MINERALS LLC
https://okcountyrecords.com/detail/Blaine/2017-011081,1,Blaine,2017-12-01,2017-011081,Mineral Deed,1315,0420 - 0422,"RAYMER, JOYCE LYNN WRIGHT",TIMBERWOLF MINERALS LLC,S26 T15N R10W SW,3 : View,TIMBERWOLF MINERALS LLC
https://okcountyrecords.com/detail/Kingfisher/2017-013327,2,Kingfisher,2017-12-06,2017-013327,MIN DEED CORR,3081,0048 - 0050,"KANDLETOP PROPERTIES, LLC","TIMBERWOLF MINERALS, LLC",S28 T15N R06W SE S20 T15N R07W SW SE Partial,3 : View,TIMBERWOLF MINERALS LLC
https://okcountyrecords.com/detail/Grady/2017-027856,1,Grady,2017-12-07,2017-027856,Mineral Deed Of Personal Rep,5339,0364 - 0366,"VAN TUYL, GEORGENIA A WEBB, CASEY MICHELLE EST",TIMBERWOLF MINERALS LLC,S21 T8N R7W,3 : View,TIMBERWOLF MINERALS LLC
https://okcountyrecords.com/detail/Blaine/2017-011242,1,Blaine,2017-12-11,2017-011242,Mineral Deed,1316,0316 - 0319,LLHK RISING INC,TIMBERWOLF MINERALS LLC,S21 T15N R13W SW,4 : View,TIMBERWOLF MINERALS LLC
https://okcountyrecords.com/detail/Blaine/2017-011243,1,Blaine,2017-12-11,2017-011243,Mineral Deed,1316,0320 - 0322,"DEGIUSTI, JOSEPH LEE",TIMBERWOLF MINERALS LLC,S24 T13N R11W SW,3 : View,TIMBERWOLF MINERALS LLC
