url,Rank,County,Recorded,Instrument,Type,Book,Page(s),Grantor,Grantee,Legal Description,Images,company
https://okcountyrecords.com/detail/Blaine/2017-001613,6,Blaine,2017-02-15,2017-001613,Mineral Deed,1263,0566 - 0568,TIMBERWOLF MINERALS LLC TIMBERWOLF MINERALS LLC,LONGPOINT MINERALS LLC LONGPOINT MINERALS LLC,S24 T14N R12W SW S24 T14N R12W SW,3 : View,TIMBERWOLF MINERALS LLC
https://okcountyrecords.com/detail/Blaine/2017-001614,3,Blaine,2017-02-15,2017-001614,Mineral Deed,1263,0569 - 0571,TIMBERWOLF MINERALS LLC,LONGPOINT MINERALS LLC,S24 T14N R12W SW S24 T14N R12W SW,3 : View,TIMBERWOLF MINERALS LLC
https://okcountyrecords.com/detail/Blaine/2017-001615,6,Blaine,2017-02-15,2017-001615,Mineral Deed,1263,0572 - 0574,TIMBERWOLF MINERALS LLC TIMBERWOLF MINERALS LLC,LONGPOINT MINERALS LLC LONGPOINT MINERALS LLC,S24 T14N R12W SW,3 : View,TIMBERWOLF MINERALS LLC
https://okcountyrecords.com/detail/Blaine/2017-001615,6,Blaine,2017-02-15,2017-001615,Mineral Deed,1263,0572 - 0574,TIMBERWOLF MINERALS LLC TIMBERWOLF MINERALS LLC,LONGPOINT MINERALS LLC LONGPOINT MINERALS LLC,S24 T14N R12W SW,3 : View,TIMBERWOLF MINERALS LLC
https://okcountyrecords.com/detail/Blaine/2017-001616,1,Blaine,2017-02-15,2017-001616,Mineral Deed,1263,0575 - 0577,TIMBERWOLF MINERALS LLC,LONGPOINT MINERALS LLC,S03 T14N R11W W2 SE,3 : View,TIMBERWOLF MINERALS LLC
https://okcountyrecords.com/detail/Blaine/2017-001617,3,Blaine,2017-02-15,2017-001617,Mineral Deed,1263,0578 - 0580,TIMBERWOLF MINERALS LLC,LONGPOINT MINERALS LLC,S06 T13N R13W L4-5&7 S07 T13N R13W N2 L3 2 more…,3 : View,TIMBERWOLF MINERALS LLC
https://okcountyrecords.com/detail/Blaine/2017-001617,3,Blaine,2017-02-15,2017-001617,Mineral Deed,1263,0578 - 0580,TIMBERWOLF MINERALS LLC,LONGPOINT MINERALS LLC,S06 T13N R13W L4-5&7 S07 T13N R13W N2 L3 2 more…,3 : View,TIMBERWOLF MINERALS LLC
https://okcountyrecords.com/detail/Blaine/2017-001617,3,Blaine,2017-02-15,2017-001617,Mineral Deed,1263,0578 - 0580,TIMBERWOLF MINERALS LLC,LONGPOINT MINERALS LLC,S06 T13N R13W L4-5&7 S07 T13N R13W N2 L3 2 more…,3 : View,TIMBERWOLF MINERALS LLC
https://okcountyrecords.com/detail/Blaine/2017-001617,3,Blaine,2017-02-15,2017-001617,Mineral Deed,1263,0578 - 0580,TIMBERWOLF MINERALS LLC,LONGPOINT MINERALS LLC,S06 T13N R13W L4-5&7 S07 T13N R13W N2 L3 2 more…,3 : View,TIMBERWOLF MINERALS LLC
https://okcountyrecords.com/detail/Blaine/2017-001617,3,Blaine,2017-02-15,2017-001617,Mineral Deed,1263,0578 - 0580,TIMBERWOLF MINERALS LLC,LONGPOINT MINERALS LLC,S06 T13N R13W L4-5&7 S07 T13N R13W N2 L3 2 more…,3 : View,TIMBERWOLF MINERALS LLC
https://okcountyrecords.com/detail/Blaine/2017-001618,3,Blaine,2017-02-15,2017-001618,Mineral Deed,1263,0581 - 0583,TIMBERWOLF MINERALS LLC,LONGPOINT MINERALS LLC,S03 T14N R11W W2 SE,3 : View,TIMBERWOLF MINERALS LLC
https://okcountyrecords.com/detail/Kingfisher/2017-001800,3,Kingfisher,2017-02-15,2017-001800,MINERAL DEED,2986,0238 - 0240,"TIMBERWOLF MINERALS, LLC","LONGPOINT MINERALS, LLC",S5 T15N R08W SE,3 : View,TIMBERWOLF MINERALS LLC
https://okcountyrecords.com/detail/Kingfisher/2017-001801,1,Kingfisher,2017-02-15,2017-001801,MINERAL DEED,2986,0241 - 0243,"TIMBERWOLF MINERAL, LLC","LONGPOINT MINERALS, LLC",S27 T17N R08W SW,3 : View,TIMBERWOLF MINERALS LLC
https://okcountyrecords.com/detail/Kingfisher/2017-001802,1,Kingfisher,2017-02-15,2017-001802,MINERAL DEED,2986,0244 - 0246,"TIMBERWOLF MINERALS, LLC","LONGPOINT MINERALS, LLC",S6 T15N R08W NE S22 T17N R07W SE 2 more…,3 : View,TIMBERWOLF MINERALS LLC
https://okcountyrecords.com/detail/Kingfisher/2017-001803,1,Kingfisher,2017-02-15,2017-001803,MINERAL DEED,2986,0247 - 0249,"TIMBERWOLF MINERAL, LLC","LONGPOINT MINERALS, LLC",S6 T15N R08W NE S22 T17N R07W SE 2 more…,3 : View,TIMBERWOLF MINERALS LLC
