url,Rank,County,Recorded,Instrument,Type,Book,Page(s),Grantor,Grantee,Legal Description,Images,company
https://okcountyrecords.com/detail/Blaine/2019-003522,1,Blaine,2019-07-03,2019-003522,Mineral Deed,1394,0154 - 0156,TIMBERWOLF MINERALS LLC,CHERRY CREEK MINERALS LLC,S10 T15N R13W NW,3 : View,TIMBERWOLF MINERALS LLC
https://okcountyrecords.com/detail/Blaine/2019-003523,3,Blaine,2019-07-03,2019-003523,Mineral Deed,1394,0157 - 0159,TIMBERWOLF MINERALS LLC,CHERRY CREEK MINERALS LLC,S15 T15N R12W SE NE,3 : View,TIMBERWOLF MINERALS LLC
https://okcountyrecords.com/detail/Blaine/2019-003524,3,Blaine,2019-07-03,2019-003524,Mineral Deed,1394,0160 - 0162,TIMBERWOLF MINERALS LLC,CHERRY CREEK MINERALS LLC,S35 T15N R10W S2 SE,3 : View,TIMBERWOLF MINERALS LLC
https://okcountyrecords.com/detail/Blaine/2019-003525,3,Blaine,2019-07-03,2019-003525,Mineral Deed,1394,0163 - 0165,TIMBERWOLF MINERALS LLC,CHERRY CREEK MINERALS LLC,S10 T15N R13W NW,3 : View,TIMBERWOLF MINERALS LLC
https://okcountyrecords.com/detail/Blaine/2019-003526,3,Blaine,2019-07-03,2019-003526,Mineral Deed,1394,0166 - 0168,TIMBERWOLF MINERALS LLC,CHERRY CREEK MINERALS LLC,S10 T15N R13W NW,3 : View,TIMBERWOLF MINERALS LLC
https://okcountyrecords.com/detail/Blaine/2019-003527,3,Blaine,2019-07-03,2019-003527,Mineral Deed,1394,0169 - 0171,TIMBERWOLF MINERALS LLC,CHERRY CREEK MINERALS LLC,S10 T15N R13W NW,3 : View,TIMBERWOLF MINERALS LLC
https://okcountyrecords.com/detail/Blaine/2019-003528,3,Blaine,2019-07-03,2019-003528,Mineral Deed,1394,0172 - 0174,TIMBERWOLF MINERALS LLC,CHERRY CREEK MINERALS LLC,S10 T15N R13W NW,3 : View,TIMBERWOLF MINERALS LLC
https://okcountyrecords.com/detail/Blaine/2019-003529,3,Blaine,2019-07-03,2019-003529,Mineral Deed,1394,0175 - 0177,TIMBERWOLF MINERALS LLC,CHERRY CREEK MINERALS LLC,S22 T17N R11W NE S22 T17N R11W N2 SE 2 more…,3 : View,TIMBERWOLF MINERALS LLC
https://okcountyrecords.com/detail/Blaine/2019-003530,3,Blaine,2019-07-03,2019-003530,Mineral Deed,1394,0178 - 0180,TIMBERWOLF MINERALS LLC,CHERRY CREEK MINERALS LLC,S22 T17N R11W NE S22 T17N R11W N2 SE 2 more…,3 : View,TIMBERWOLF MINERALS LLC
https://okcountyrecords.com/detail/Blaine/2019-003531,3,Blaine,2019-07-03,2019-003531,Mineral Deed,1394,0181 - 0183,TIMBERWOLF MINERALS LLC,CHERRY CREEK MINERALS LLC,S22 T17N R11W NE S22 T17N R11W N2 SE 2 more…,3 : View,TIMBERWOLF MINERALS LLC
https://okcountyrecords.com/detail/Blaine/2019-003532,3,Blaine,2019-07-03,2019-003532,Mineral Deed,1394,0184 - 0186,TIMBERWOLF MINERALS LLC,CHERRY CREEK MINERALS LLC,S10 T15N R11W NW,3 : View,TIMBERWOLF MINERALS LLC
https://okcountyrecords.com/detail/Blaine/2019-003533,3,Blaine,2019-07-03,2019-003533,Mineral Deed,1394,0187 - 0189,TIMBERWOLF MINERALS LLC,CHERRY CREEK MINERALS LLC,S10 T15N R11W NW,3 : View,TIMBERWOLF MINERALS LLC
https://okcountyrecords.com/detail/Blaine/2019-003534,1,Blaine,2019-07-03,2019-003534,Mineral Deed,1394,0190 - 0192,TIMBERWOLF MINERALS LLC,CHERRY CREEK MINERALS LLC,S10 T15N R11W NW,3 : View,TIMBERWOLF MINERALS LLC
https://okcountyrecords.com/detail/Blaine/2019-003535,1,Blaine,2019-07-03,2019-003535,Mineral Deed,1394,0193 - 0195,TIMBERWOLF MINERALS LLC,CHERRY CREEK MINERALS LLC,S10 T15N R11W NW,3 : View,TIMBERWOLF MINERALS LLC
https://okcountyrecords.com/detail/Blaine/2019-003536,3,Blaine,2019-07-03,2019-003536,Mineral Deed,1394,0196 - 0198,TIMBERWOLF MINERALS LLC,CHERRY CREEK MINERALS LLC,S10 T15N R11W NW,3 : View,TIMBERWOLF MINERALS LLC
