url,Rank,County,Recorded,Instrument,Type,Book,Page(s),Grantor,Grantee,Legal Description,Images,company
https://okcountyrecords.com/detail/McClain/2021-001300,1,McClain,2021-01-29,2021-001300,Mineral Deed,2677,0017 - 0019,"GRAVES, CAROLYN TRIMMER",TIMBERWOLF MINERALS LLC,"13, 14 6N4W",3 : View,TIMBERWOLF MINERALS LLC
https://okcountyrecords.com/detail/McClain/2021-001301,1,McClain,2021-01-29,2021-001301,Mineral Deed,2677,0020 - 0022,"RODGERS, DEBRA ANN",TIMBERWOLF MINERALS LLC,"13, 14 6N4W",3 : View,TIMBERWOLF MINERALS LLC
https://okcountyrecords.com/detail/McClain/2021-001409,1,McClain,2021-02-01,2021-001409,Mineral Deed,2677,0477 - 0479,"VAN HORN, BRIAN",TIMBERWOLF MINERALS LLC,19 7N4W,3 : View,TIMBERWOLF MINERALS LLC
https://okcountyrecords.com/detail/Grady/2021-001846,1,Grady,2021-02-04,2021-001846,Mineral Deed,5835,0040 - 0042,"UTSLER, CHARLES UTSLER, DONNIA",TIMBERWOLF MINERALS LLC,S3 T9N R7W,3 : View,TIMBERWOLF MINERALS LLC
https://okcountyrecords.com/detail/McClain/2021-001616,1,McClain,2021-02-04,2021-001616,Mineral Deed,2678,0488 - 0490,"CAMPBELL TRUST, ROBERT & MARGERY",TIMBERWOLF MINERALS LLC,18 7N4W,3 : View,TIMBERWOLF MINERALS LLC
https://okcountyrecords.com/detail/Kingfisher/2021-000730,1,Kingfisher,2021-02-12,2021-000730,MINERAL DEED,3361,0339 - 0341,"BOVERO, KIMBERLY A.","TIMBERWOLF MINERALS, LLC",S22 T17N R08W NW,3 : View,TIMBERWOLF MINERALS LLC
https://okcountyrecords.com/detail/Grady/2021-002464,1,Grady,2021-02-25,2021-002464,Quit Claim Mineral Deed,5840,0385 - 0387,"UTSLER, CHARLES UTSLER, DONNIA",TIMBERWOLF MINERALS LLC,S03 T9N R7W,3 : View,TIMBERWOLF MINERALS LLC
https://okcountyrecords.com/detail/Grady/2021-002659,3,Grady,2021-03-01,2021-002659,Mineral Deed,5842,0414 - 0416,MONTAGE MINERALS LLC,TIMBERWOLF MINERALS LLC,S36 T10N R8W,3 : View,TIMBERWOLF MINERALS LLC
https://okcountyrecords.com/detail/Grady/2021-002660,3,Grady,2021-03-01,2021-002660,Mineral Deed,5842,0417 - 0419,MONTAGE MINERALS LLC,TIMBERWOLF MINERALS LLC,S36 T10N R8W,3 : View,TIMBERWOLF MINERALS LLC
https://okcountyrecords.com/detail/Kingfisher/2021-001045,1,Kingfisher,2021-03-05,2021-001045,MINERAL DEED,3365,0328 - 0331,"WHEELER, JOHNNY C. II","TIMBERWOLF MINERALS, LLC",S29 T16N R07W SE Partial,4 : View,TIMBERWOLF MINERALS LLC
https://okcountyrecords.com/detail/Kingfisher/2021-001046,1,Kingfisher,2021-03-05,2021-001046,MINERAL DEED,3365,0332 - 0335,"JOHNSON, ANDREA","TIMBERWOLF MINERALS, LLC",S29 T16N R07W SE Partial,4 : View,TIMBERWOLF MINERALS LLC
https://okcountyrecords.com/detail/Kingfisher/2021-001047,1,Kingfisher,2021-03-05,2021-001047,MINERAL DEED,3365,0336 - 0338,"PURSELL, MICHELLE KAY","TIMBERWOLF MINERALS, LLC",S29 T16N R07W SE Partial,3 : View,TIMBERWOLF MINERALS LLC
https://okcountyrecords.com/detail/Grady/2021-003027,1,Grady,2021-03-05,2021-003027,Mineral Deed,5845,0572 - 0574,TIMBERWOLF MINERALS LLC,ECKARD LAND & ACQUISITION LLC,S03 T9N R7W,3 : View,TIMBERWOLF MINERALS LLC
https://okcountyrecords.com/detail/Kingfisher/2021-001167,2,Kingfisher,2021-03-12,2021-001167,MINERAL DEED,3367,0041 - 0043,"TIMBERWOLF MINERALS, LLC","ECKARD LAND & ACQUISITION, LLC",S29 T16N R07W SE Partial,3 : View,TIMBERWOLF MINERALS LLC
https://okcountyrecords.com/detail/Grady/2021-003377,2,Grady,2021-03-12,2021-003377,Mineral Deed,5848,0584 - 0586,OILJAM LLC,TIMBERWOLF MINERALS LLC,S21 T9N R5W,3 : View,TIMBERWOLF MINERALS LLC
