url,Rank,County,Recorded,Instrument,Type,Book,Page(s),Grantor,Grantee,Legal Description,Images,company
https://okcountyrecords.com/detail/Blaine/2017-007803,3,Blaine,2017-08-14,2017-007803,Mineral Deed,1296,0579 - 0581,TIMBERWOLF MINERALS LLC,LONGPOINT MINERALS LLC,S26 T15N R12W,3 : View,TIMBERWOLF MINERALS LLC
https://okcountyrecords.com/detail/Blaine/2017-007804,1,Blaine,2017-08-14,2017-007804,Mineral Deed,1296,0582 - 0584,TIMBERWOLF MINERALS LLC,LONGPOINT MINERALS LLC,S25 T15N R11W E2 E2,3 : View,TIMBERWOLF MINERALS LLC
https://okcountyrecords.com/detail/Blaine/2017-007805,1,Blaine,2017-08-14,2017-007805,Mineral Deed,1296,0585 - 0587,TIMBERWOLF MINERALS LLC,LONGPOINT MINERALS LLC,S07 T16N R10W E2 SW S07 T16N R10W W2 SE 2 more…,3 : View,TIMBERWOLF MINERALS LLC
https://okcountyrecords.com/detail/Blaine/2017-007806,1,Blaine,2017-08-14,2017-007806,Mineral Deed,1296,0588 - 0590,TIMBERWOLF MINERALS LLC,LONGPOINT MINERALS LLC,S15 T16N R11W NW SW,3 : View,TIMBERWOLF MINERALS LLC
https://okcountyrecords.com/detail/Blaine/2017-007807,3,Blaine,2017-08-14,2017-007807,Mineral Deed,1296,0591 - 0593,TIMBERWOLF MINERALS LLC,LONGPOINT MINERALS LLC,S19 T15N R10W W2 SE S11 T15N R11W N2 SW 8 more…,3 : View,TIMBERWOLF MINERALS LLC
https://okcountyrecords.com/detail/McClain/2017-012384,1,McClain,2017-08-15,2017-012384,Mineral Deed,2401,0159 - 0161,"BOSLER, DAVID L",TIMBERWOLF MINERALS LLC,7 8N4W,3 : View,TIMBERWOLF MINERALS LLC
https://okcountyrecords.com/detail/McClain/2017-012385,1,McClain,2017-08-15,2017-012385,Mineral Deed,2401,0162 - 0164,"EISENHOUR, SHERYL",TIMBERWOLF MINERALS LLC,7 8N4W,3 : View,TIMBERWOLF MINERALS LLC
https://okcountyrecords.com/detail/McClain/2017-012386,1,McClain,2017-08-15,2017-012386,Mineral Deed,2401,0165 - 0167,"BOSLER, JOSEPH T",TIMBERWOLF MINERALS LLC,7 8N4W,3 : View,TIMBERWOLF MINERALS LLC
https://okcountyrecords.com/detail/Custer/2017-005842,2,Custer,2017-08-15,2017-005842,Mineral Deed,1768,0244 - 0246,"CONKLING, ZELLA & GEORGE FAMILY INVESTMENTS LLC",TIMBERWOLF MINERALS LLC,S10 T15N R15W SE,3 : View,TIMBERWOLF MINERALS LLC
https://okcountyrecords.com/detail/Blaine/2017-007826,1,Blaine,2017-08-15,2017-007826,Mineral Deed,1296,0694 - 0696,"WILKERSON, RITA LYNN",TIMBERWOLF MINERALS LLC,S08 T17N R13W N2 NW,3 : View,TIMBERWOLF MINERALS LLC
https://okcountyrecords.com/detail/Grady/2017-018407,1,Grady,2017-08-15,2017-018407,Mineral Deed,5271,0453 - 0455,"CANARY, CHRISTINA",TIMBERWOLF MINERALS LLC,S18 T10N R8W,3 : View,TIMBERWOLF MINERALS LLC
https://okcountyrecords.com/detail/Grady/2017-018406,1,Grady,2017-08-15,2017-018406,Mineral Deed,5271,0450 - 0452,"MOCK, ANDREW EUGENE",TIMBERWOLF MINERALS LLC,S24 T8N R6W,3 : View,TIMBERWOLF MINERALS LLC
https://okcountyrecords.com/detail/Grady/2017-018405,1,Grady,2017-08-15,2017-018405,Mineral Deed,5271,0447 - 0449,"BOSLER, DAVID L",TIMBERWOLF MINERALS LLC,S12 T8N R5W,3 : View,TIMBERWOLF MINERALS LLC
https://okcountyrecords.com/detail/Grady/2017-018404,1,Grady,2017-08-15,2017-018404,Mineral Deed,5271,0444 - 0446,"BOSLER, JOSEPH T",TIMBERWOLF MINERALS LLC,S12 T8N R5W,3 : View,TIMBERWOLF MINERALS LLC
https://okcountyrecords.com/detail/Grady/2017-018403,1,Grady,2017-08-15,2017-018403,Mineral Deed,5271,0441 - 0443,"MCCULLOUGH, SHERYL",TIMBERWOLF MINERALS LLC,S12 T8N R5W,3 : View,TIMBERWOLF MINERALS LLC
