url,Rank,County,Recorded,Instrument,Type,Book,Page(s),Grantor,Grantee,Legal Description,Images,company
https://okcountyrecords.com/detail/Kingfisher/2017-001804,1,Kingfisher,2017-02-15,2017-001804,MINERAL DEED,2986,0250 - 0252,"TIMBERWOLF MINERALS, LLC","LONGPOINT MINERALS, LLC",S6 T15N R08W NE S22 T17N R07W SE 2 more…,3 : View,TIMBERWOLF MINERALS LLC
https://okcountyrecords.com/detail/Kingfisher/2017-001805,1,Kingfisher,2017-02-15,2017-001805,MINERAL DEED,2986,0253 - 0255,"TIMBERWOLF MINERALS, LLC","LONGPOINT MINERALS, LLC",S5 T15N R08W SE,3 : View,TIMBERWOLF MINERALS LLC
https://okcountyrecords.com/detail/Kingfisher/2017-001806,3,Kingfisher,2017-02-15,2017-001806,MINERAL DEED,2986,0256 - 0258,"TIMBERWOLF MINERALS, LLC","LONGPOINT MINERALS, LLC",S6 T15N R08W NE S22 T17N R07W SE 2 more…,3 : View,TIMBERWOLF MINERALS LLC
https://okcountyrecords.com/detail/Kingfisher/2017-001807,3,Kingfisher,2017-02-15,2017-001807,MINERAL DEED,2986,0259 - 0261,"TIMBERWOLF MINERALS, LLC","LONGPOINT MINERAL, LLC",S5 T15N R08W SE,3 : View,TIMBERWOLF MINERALS LLC
https://okcountyrecords.com/detail/Kingfisher/2017-001808,1,Kingfisher,2017-02-15,2017-001808,MINERAL DEED,2986,0262 - 0264,"TIMBERWOLF MINERALS, LLC","LONGPOINT MINERALS, LLC",S27 T17N R08W SE,3 : View,TIMBERWOLF MINERALS LLC
https://okcountyrecords.com/detail/Kingfisher/2017-001809,1,Kingfisher,2017-02-15,2017-001809,MINERAL DEED,2986,0265 - 0267,"TIMBERWOLF MINERALS, LLC","LONGPOINT MINERALS, LLC",S13 T16N R09W SW,3 : View,TIMBERWOLF MINERALS LLC
https://okcountyrecords.com/detail/Kingfisher/2017-001810,3,Kingfisher,2017-02-15,2017-001810,MINERAL DEED,2986,0268 - 0270,"TIMBERWOLF MINERALS, LLC","LONGPOINT MINERALS, LLC",S13 T16N R08W N2,3 : View,TIMBERWOLF MINERALS LLC
https://okcountyrecords.com/detail/Kingfisher/2017-001811,1,Kingfisher,2017-02-15,2017-001811,MINERAL DEED,2986,0271 - 0273,"TIMBERWOLF MINERALS, LLC","LONGPOINT MINERALS, LLC",S29 T15N R08W NW,3 : View,TIMBERWOLF MINERALS LLC
https://okcountyrecords.com/detail/Kingfisher/2017-001812,1,Kingfisher,2017-02-15,2017-001812,MINERAL DEED,2986,0274 - 0276,"TIMBERWOLF MINERALS, LLC","LONGPOINT MINERALS, LLC",S27 T16N R06W NW,3 : View,TIMBERWOLF MINERALS LLC
https://okcountyrecords.com/detail/Kingfisher/2017-001813,3,Kingfisher,2017-02-15,2017-001813,MINERAL DEED,2986,0277 - 0279,"TIMBERWOLF MINERALS, LLC","LONGPOINT MINERALS, LLC",S13 T17N R09W NW S19 T17N R09W N2 NE 1 more…,3 : View,TIMBERWOLF MINERALS LLC
https://okcountyrecords.com/detail/Kingfisher/2017-001814,1,Kingfisher,2017-02-15,2017-001814,MINERAL DEED,2986,0280 - 0282,"TIMBERWOLF MINERALS, LLC","LONGPOINT MINERALS, LLC",S9 T15N R08W SW SW S9 T15N R08W W2 SE SW,3 : View,TIMBERWOLF MINERALS LLC
https://okcountyrecords.com/detail/Custer/2017-001211,1,Custer,2017-02-15,2017-001211,Mineral Deed,1744,0431 - 0433,TIMBERWOLF MINERALS LLC,LONGPOINT MINERALS LLC,S2 T14N R14W SE S11 T14N R14W NE,3 : View,TIMBERWOLF MINERALS LLC
https://okcountyrecords.com/detail/Kingfisher/2017-001831,1,Kingfisher,2017-02-16,2017-001831,MINERAL DEED,2986,0327 - 0329,"STAUDE, CLIFFORD R","TIMBERWOLF MINERALS, LLC",S27 T17N R09W SE,3 : View,TIMBERWOLF MINERALS LLC
https://okcountyrecords.com/detail/Kingfisher/2017-002012,1,Kingfisher,2017-02-21,2017-002012,MINERAL DEED,2988,0030 - 0033,"SCHWARZ, LAURA BENNETT STOKES, JEREMY JAMES FORBES, ELISA D","TIMBERWOLF MINERALS, LLC",S9 T15N R08W NE S9 T15N R08W S2 SE 2 more…,4 : View,TIMBERWOLF MINERALS LLC
https://okcountyrecords.com/detail/Blaine/2017-001784,1,Blaine,2017-02-21,2017-001784,Mineral Deed,1264,0430 - 0432,"SANDERS, MARY ANN, TRUSTEE JIMMY DAN AND MARY ANN SANDERS TRUST SANDERS, JIMMY DAN, TRUSTEE",TIMBERWOLF MINERALS LLC,S01 T16N R13W NW,3 : View,TIMBERWOLF MINERALS LLC
