url,Rank,County,Recorded,Instrument,Type,Book,Page(s),Grantor,Grantee,Legal Description,Images,company
https://okcountyrecords.com/detail/Blaine/2018-000599,1,Blaine,2018-01-23,2018-000599,Mineral Deed,1322,0621 - 0623,"HOCKER, CODY",TIMBERWOLF MINERALS LLC,S15 T17N R11W S2 S10 T17N R11W E2,3 : View,TIMBERWOLF MINERALS LLC
https://okcountyrecords.com/detail/McClain/2018-001475,1,McClain,2018-01-25,2018-001475,Mineral Deed,2439,0417 - 0419,"VAN TUYL, GEORGNIA A DILBECK, DESSIE J",TIMBERWOLF MINERALS LLC,33-7N4W,3 : View,TIMBERWOLF MINERALS LLC
https://okcountyrecords.com/detail/Grady/2018-002130,1,Grady,2018-01-31,2018-002130,Correct Mineral Deed,5369,0523 - 0525,"WALDON, LYNN NEWLIN",TIMBERWOLF MINERALS LLC,S32 T8N R6W,3 : View,TIMBERWOLF MINERALS LLC
https://okcountyrecords.com/detail/Blaine/2018-000747,1,Blaine,2018-01-31,2018-000747,Mineral Deed,1324,0107 - 0110,"HODGENS, CLARA F., SUCCESSOR CO TRUSTEE COOPER SR., THOMAS ZACK THE JOHN D. COOPER SR 2005 REV TRUST",TIMBERWOLF MINERALS LLC,S20 T15N R11W SW S20 T15N R11W E2 NE,4 : View,TIMBERWOLF MINERALS LLC
https://okcountyrecords.com/detail/Grady/2018-002545,3,Grady,2018-02-05,2018-002545,Mineral Deed,5372,0303 - 0306,TIMBERWOLF MINERALS LLC,BRIGHAM MINERALS LLC,S32 T8N R6W,4 : View,TIMBERWOLF MINERALS LLC
https://okcountyrecords.com/detail/Blaine/2018-000882,1,Blaine,2018-02-06,2018-000882,Mineral Deed,1325,0160 - 0163,TIMBERWOLF MINERALS LLC,BRIGHAM MINERALS LLC,S32 T14N R11W S2 SW,4 : View,TIMBERWOLF MINERALS LLC
https://okcountyrecords.com/detail/Blaine/2018-000883,3,Blaine,2018-02-06,2018-000883,Mineral Deed,1325,0164 - 0167,TIMBERWOLF MINERALS LLC,BRIGHAM MINERALS LLC,S10 T16N R12W E2 NW,4 : View,TIMBERWOLF MINERALS LLC
https://okcountyrecords.com/detail/Blaine/2018-000885,1,Blaine,2018-02-06,2018-000885,Mineral Deed,1325,0169 - 0172,TIMBERWOLF MINERALS LLC,BRIGHAM MINERALS LLC,S10 T16N R12W SE,4 : View,TIMBERWOLF MINERALS LLC
https://okcountyrecords.com/detail/Blaine/2018-000886,3,Blaine,2018-02-06,2018-000886,Mineral Deed,1325,0173 - 0176,TIMBERWOLF MINERALS LLC,BRIGHAM MINERALS LLC,S23 T16N R11W SE,4 : View,TIMBERWOLF MINERALS LLC
https://okcountyrecords.com/detail/Blaine/2018-000887,1,Blaine,2018-02-06,2018-000887,Mineral Deed,1325,0177 - 0180,TIMBERWOLF MINERALS LLC,BRIGHAM MINERALS LLC,S23 T16N R11W SE,4 : View,TIMBERWOLF MINERALS LLC
https://okcountyrecords.com/detail/Blaine/2018-000888,1,Blaine,2018-02-06,2018-000888,Mineral Deed,1325,0181 - 0184,TIMBERWOLF MINERALS LLC,BRIGHAM MINERALS LLC,S23 T16N R11W SE,4 : View,TIMBERWOLF MINERALS LLC
https://okcountyrecords.com/detail/Blaine/2018-000943,1,Blaine,2018-02-07,2018-000943,Mineral Deed,1325,0405 - 0407,"HOCKER, GEORGE EDWARD",TIMBERWOLF MINERALS LLC,S15 T17N R11W NW,3 : View,TIMBERWOLF MINERALS LLC
https://okcountyrecords.com/detail/Blaine/2018-000944,1,Blaine,2018-02-07,2018-000944,Mineral Deed,1325,0408 - 0410,"CAMP, DARLA J",TIMBERWOLF MINERALS LLC,S18 T13N R11W NE,3 : View,TIMBERWOLF MINERALS LLC
https://okcountyrecords.com/detail/Blaine/2018-000945,1,Blaine,2018-02-07,2018-000945,Mineral Deed,1325,0411 - 0413,"HARE, JAMES ELBERT",TIMBERWOLF MINERALS LLC,S18 T13N R11W NE,3 : View,TIMBERWOLF MINERALS LLC
https://okcountyrecords.com/detail/Blaine/2018-000946,1,Blaine,2018-02-07,2018-000946,Mineral Deed,1325,0414 - 0416,TIMBERWOLF MINERALS LLC,LONGPOINT MINERALS LLC,S20 T15N R11W SW S20 T15N R11W E2 NE,3 : View,TIMBERWOLF MINERALS LLC
