url,Rank,County,Recorded,Instrument,Type,Book,Page(s),Grantor,Grantee,Legal Description,Images,company
https://okcountyrecords.com/detail/Grady/2022-003814,3,Grady,2022-03-23,2022-003814,Mineral Deed,6005,0466 - 0468,TIMBERWOLF MINERALS LLC,OPUS MINERALS LLC,S18 T6N R5W,3 : View,TIMBERWOLF MINERALS LLC
https://okcountyrecords.com/detail/Grady/2022-003817,1,Grady,2022-03-23,2022-003817,Mineral Deed,6005,0473 - 0475,TIMBERWOLF MINERALS LLC,OPUS MINERALS LLC,S8 T5N R6W S36 T5N R6W,3 : View,TIMBERWOLF MINERALS LLC
https://okcountyrecords.com/detail/Grady/2022-003818,3,Grady,2022-03-23,2022-003818,Mineral Deed,6005,0476 - 0478,TIMBERWOLF MINERALS LLC,OPUS MINERALS LLC,S11 T4N R6W,3 : View,TIMBERWOLF MINERALS LLC
https://okcountyrecords.com/detail/Grady/2022-003819,1,Grady,2022-03-23,2022-003819,Mineral Deed,6005,0479 - 0481,TIMBERWOLF MINERALS LLC,"OPUS MINERALS, LLC",S08 T5N R6W S36 T5N R6W,3 : View,TIMBERWOLF MINERALS LLC
https://okcountyrecords.com/detail/Grady/2022-003820,3,Grady,2022-03-23,2022-003820,Mineral Deed,6005,0482 - 0484,TIMBERWOLF MINERALS LLC,OPUS MINERALS LLC,S6 T5N R5W,3 : View,TIMBERWOLF MINERALS LLC
https://okcountyrecords.com/detail/Grady/2022-003821,1,Grady,2022-03-23,2022-003821,Mineral Deed,6005,0485 - 0487,TIMBERWOLF MINERALS LLC,OPUS MINERALS LLC,S13 T4 R6,3 : View,TIMBERWOLF MINERALS LLC
https://okcountyrecords.com/detail/Grady/2022-003822,3,Grady,2022-03-23,2022-003822,Mineral Deed,6005,0488 - 0490,TIMBERWOLF MINERALS LLC,OPUS MINERALS LLC,S3 T3N R5W S26 T4 R5,3 : View,TIMBERWOLF MINERALS LLC
https://okcountyrecords.com/detail/Grady/2022-003823,3,Grady,2022-03-23,2022-003823,Mineral Deed,6005,0491 - 0493,TIMBERWOLF MINERALS LLC,OPUS MINERALS LLC,S20 T5N R6W,3 : View,TIMBERWOLF MINERALS LLC
https://okcountyrecords.com/detail/Grady/2022-003824,1,Grady,2022-03-23,2022-003824,Mineral Deed,6005,0494 - 0496,TIMBERWOLF MINERALS LLC,OPUS MINERALS LLC,S19 T6N R5W,3 : View,TIMBERWOLF MINERALS LLC
https://okcountyrecords.com/detail/Grady/2022-003825,1,Grady,2022-03-23,2022-003825,Mineral Deed,6005,0497 - 0499,TIMBERWOLF MINERALS LLC,OPUS MINERALS LLC,S2 T3N R6W S11 T3N R6W,3 : View,TIMBERWOLF MINERALS LLC
https://okcountyrecords.com/detail/Grady/2022-003826,3,Grady,2022-03-23,2022-003826,Mineral Deed,6005,0500 - 0502,TIMBERWOLF MINERALS LLC,OPUS MINERALS LLC,S6 T5N R5W,3 : View,TIMBERWOLF MINERALS LLC
https://okcountyrecords.com/detail/Grady/2022-003829,1,Grady,2022-03-23,2022-003829,Mineral Deed,6005,0509 - 0511,TIMBERWOLF MINERALS LLC,OPUS MINERALS LLC,S8 T5N R6W S36 T5N R6W,3 : View,TIMBERWOLF MINERALS LLC
https://okcountyrecords.com/detail/Grady/2022-003830,3,Grady,2022-03-23,2022-003830,Mineral Deed,6005,0512 - 0514,TIMBERWOLF MINERALS LLC,OPUS MINERALS LLC,S8 T5N R6W S36 T5N R6W,3 : View,TIMBERWOLF MINERALS LLC
https://okcountyrecords.com/detail/Grady/2022-003831,3,Grady,2022-03-23,2022-003831,Mineral Deed,6005,0515 - 0517,TIMBERWOLF MINERALS LLC,OPUS MINERALS LLC,S8 T5N R6W S36 T5N R6W,3 : View,TIMBERWOLF MINERALS LLC
https://okcountyrecords.com/detail/Grady/2022-003846,1,Grady,2022-03-23,2022-003846,Disclaimer Of Interest,6005,0581 - 0582,TIMBERWOLF MINERALS LLC,"CURTIS E ERICKSON AND MARY E ERICKSON TRUST YOWELL, JEFFREY YOWELL, DANIEL KEVIN YOWELL, CLARK E",S26 T5N R6W,2 : View,TIMBERWOLF MINERALS LLC
