url,Rank,County,Recorded,Instrument,Type,Book,Page(s),Grantor,Grantee,Legal Description,Images,company
https://okcountyrecords.com/detail/Blaine/2022-000623,1,Blaine,2022-02-25,2022-000623,Mineral Deed,1491,0522 - 0524,TIMBERWOLF MINERALS LLC,OPUS MINERALS LLC,S15 T13N R13W NE S15 T13N R13W S2 1 more…,3 : View,TIMBERWOLF MINERALS LLC
https://okcountyrecords.com/detail/Blaine/2022-000711,2,Blaine,2022-03-03,2022-000711,Memorandum Of Oil & Gas Lease,1492,0165,TIMBERWOLF MINERALS LLC,TIMBERWOLF ENERGY LLC,S06 T14N R13W SE,1 : View,TIMBERWOLF MINERALS LLC
https://okcountyrecords.com/detail/Kingfisher/2022-001208,3,Kingfisher,2022-03-04,2022-001208,MINERAL DEED,3427,0288 - 0290,"TIMBERWOLF MINERALS, LLC","OPUS MINERALS, LLC",S17 T15N R06W E2,3 : View,TIMBERWOLF MINERALS LLC
https://okcountyrecords.com/detail/Kingfisher/2022-001209,1,Kingfisher,2022-03-04,2022-001209,MINERAL DEED,3427,0291 - 0293,"TIMBERWOLF MINERALS, LLC","OPUS MINERALS, LLC",S22 T15N R06W SE S34 T15N R06W N2 NE 1 more…,3 : View,TIMBERWOLF MINERALS LLC
https://okcountyrecords.com/detail/Garvin/2022-001517,1,Garvin,2022-03-04,2022-001517,MINERAL DEED,2380,0011 - 0013,TIMBERWOLF MINERALS LLC,ZAJOHN LLC,S2 T4N R4W SE S2 T4N R4W E2 E2 SW,3 : View,TIMBERWOLF MINERALS LLC
https://okcountyrecords.com/detail/Kingfisher/2022-001251,1,Kingfisher,2022-03-08,2022-001251,Oil & Gas Assignment,3427,0411 - 0415,"BROOKS,CYNTHIA L.","TIMBERWOLF MINERALS, LLC",S28 T17N R07W SW S35 T17N R07W SW,5 : View,TIMBERWOLF MINERALS LLC
https://okcountyrecords.com/detail/Kingfisher/2022-001252,1,Kingfisher,2022-03-08,2022-001252,Oil & Gas Assignment,3427,0416 - 0420,"WOLF, MARCELLA REVOCABLE TRUST","TIMBERWOLF MINERALS, LLC",S35 T17N R07W SW S26 T17N R07W SW,5 : View,TIMBERWOLF MINERALS LLC
https://okcountyrecords.com/detail/Grady/2022-003531,3,Grady,2022-03-18,2022-003531,Mineral Deed,6003,0013 - 0015,TIMBERWOLF MINERALS LLC,OPUS MINERALS LLC,S26 T5N R6W,3 : View,TIMBERWOLF MINERALS LLC
https://okcountyrecords.com/detail/Grady/2022-003532,1,Grady,2022-03-18,2022-003532,Mineral Deed,6003,0016 - 0018,TIMBERWOLF MINERALS LLC,OPUS MINERALS LLC,S26 T5N R6W,3 : View,TIMBERWOLF MINERALS LLC
https://okcountyrecords.com/detail/Grady/2022-003534,1,Grady,2022-03-18,2022-003534,Mineral Deed,6003,0023 - 0025,TIMBERWOLF MINERALS LLC,OPUS MINERALS LLC,S26 T5N R6W,3 : View,TIMBERWOLF MINERALS LLC
https://okcountyrecords.com/detail/Grady/2022-003535,1,Grady,2022-03-18,2022-003535,Mineral Deed,6003,0026 - 0028,TIMBERWOLF MINERALS LLC,OPUS MINERALS LLC,S26 T5N R6W,3 : View,TIMBERWOLF MINERALS LLC
https://okcountyrecords.com/detail/Grady/2022-003536,1,Grady,2022-03-18,2022-003536,Mineral Deed,6003,0029 - 0031,TIMBERWOLF MINERALS LLC,OPUS MINERALS LLC,S26 T5N R6W,3 : View,TIMBERWOLF MINERALS LLC
https://okcountyrecords.com/detail/Grady/2022-003537,3,Grady,2022-03-18,2022-003537,Mineral Deed,6003,0032 - 0034,TIMBERWOLF MINERALS LLC,OPUS MINERALS LLC,S26 T5N R6W,3 : View,TIMBERWOLF MINERALS LLC
https://okcountyrecords.com/detail/Grady/2022-003538,3,Grady,2022-03-18,2022-003538,Mineral Deed,6003,0035 - 0037,TIMBERWOLF MINERALS LLC,OPUS MINERALS LLC,S2 T4 R6,3 : View,TIMBERWOLF MINERALS LLC
https://okcountyrecords.com/detail/Grady/2022-003540,3,Grady,2022-03-18,2022-003540,Mineral Deed,6003,0041 - 0043,TIMBERWOLF MINERALS LLC,OPUS MINERALS LLC,S17 T8N R7W,3 : View,TIMBERWOLF MINERALS LLC
