url,Rank,County,Recorded,Instrument,Type,Book,Page(s),Grantor,Grantee,Legal Description,Images,company
https://okcountyrecords.com/detail/Blaine/2018-005174,1.0,Blaine,2018-08-01,2018-005174,Corrected Mineral Deed,1350,0068 - 0070,TIMBERWOLF MINERALS LLC,LONGPOINT MINERALS LLC,S02 T13N R11W E2 SW S22 T15N R11W N2 NW L1 4 more…,3 : View,TIMBERWOLF MINERALS LLC
https://okcountyrecords.com/detail/Kingfisher/2018-007741,3.0,Kingfisher,2018-08-06,2018-007741,MINERAL DEED,3152,0330 - 0332,"TIMBERWOLF MINERALS, LLC","CHERRY CREEK MINERALS, LLC",S4 T15N R06W SW S18 T15N R06W SE,3 : View,TIMBERWOLF MINERALS LLC
https://okcountyrecords.com/detail/Kingfisher/2018-007742,3.0,Kingfisher,2018-08-06,2018-007742,MINERAL DEED,3152,0333 - 0335,"TIMBERWOLF MINERALS, LLC","CHERRY CREEK MINERALS, LLC",S4 T15N R06W SW S18 T15N R06W SE,3 : View,TIMBERWOLF MINERALS LLC
https://okcountyrecords.com/detail/Kingfisher/2018-007743,3.0,Kingfisher,2018-08-06,2018-007743,MINERAL DEED,3152,0336 - 0338,"TIMBERWOLF MINERALS, LLC","CHERRY CREEK MINERALS, LLC",S28 T15N R06W SE,3 : View,TIMBERWOLF MINERALS LLC
https://okcountyrecords.com/detail/Blaine/2018-005283,0.3,Blaine,2018-08-06,2018-005283,Mineral Deed,1351,0012 - 0014,TIMBERWOLF MINERALS LL,CHERRY CREEK MINERALS LLC,S28 T14N R13W SW NW S28 T14N R13W W2 SW,3 : View,TIMBERWOLF MINERALS LLC
https://okcountyrecords.com/detail/Blaine/2018-005284,0.3,Blaine,2018-08-06,2018-005284,Mineral Deed,1351,0015 - 0017,TIMBERWOLF MINERALS LL,CHERRY CREEK MINERALS LLC,S28 T14N R13W SW NW S28 T14N R13W W2 SW,3 : View,TIMBERWOLF MINERALS LLC
https://okcountyrecords.com/detail/Blaine/2018-005285,0.3,Blaine,2018-08-06,2018-005285,Mineral Deed,1351,0018 - 0020,TIMBERWOLF MINERALS LL,CHERRY CREEK MINERALS LLC,S24 T14N R11W NW,3 : View,TIMBERWOLF MINERALS LLC
https://okcountyrecords.com/detail/Blaine/2018-005457,2.0,Blaine,2018-08-13,2018-005457,Memorandum Of Oil & Gas Lease,1352,0461,TIMBERWOLF MINERALS LLC,TIMBERWOLF ENERGY LLC,S30 T17N R13W E2 W2 L1-4,1 : View,TIMBERWOLF MINERALS LLC
https://okcountyrecords.com/detail/Kingfisher/2018-008035,1.0,Kingfisher,2018-08-13,2018-008035,MINERAL DEED,3156,0598 - 0599,"O'BRIEN, NANCY A.","TIMBERWOLF MINERALS, LLC",S28 T15N R06W SE,2 : View,TIMBERWOLF MINERALS LLC
https://okcountyrecords.com/detail/Kingfisher/2018-008036,2.0,Kingfisher,2018-08-13,2018-008036,MEMO-MISC,3156,0600,"TIMBERWOLF MINERALS, LLC","TIMBERWOLF ENERGY, LLC","S19 T18N R09W E2 SW S19 T18N R09W L3,4",1 : View,TIMBERWOLF MINERALS LLC
https://okcountyrecords.com/detail/Kingfisher/2018-008042,1.0,Kingfisher,2018-08-13,2018-008042,MINERAL DEED,3157,0032 - 0034,"REED, CINDY","TIMBERWOLF MINERALS, LLC",S17 T15N R09W NE,3 : View,TIMBERWOLF MINERALS LLC
https://okcountyrecords.com/detail/Kingfisher/2018-008043,1.0,Kingfisher,2018-08-13,2018-008043,MINERAL DEED,3157,0035 - 0037,"TAYLOR, DEBRA","TIMBERWOLF MINERALS, LLC",S17 T15N R09W NE,3 : View,TIMBERWOLF MINERALS LLC
https://okcountyrecords.com/detail/Blaine/2018-005673,1.0,Blaine,2018-08-20,2018-005673,Mineral Deed,1354,0008 - 0010,"HARRISON, ANDRA CAROLYN RUSSWORM",TIMBERWOLF MINERALS LLC,S09 T17N R10W SW,3 : View,TIMBERWOLF MINERALS LLC
https://okcountyrecords.com/detail/Kingfisher/2018-008336,1.0,Kingfisher,2018-08-23,2018-008336,MINERAL DEED,3159,0149 - 0151,THE FRANCES E. REVOCABLE TRUST,"TIMBERWOLF MINERALS, LLC",S28 T15N R09W NE S28 T15N R09W S2 3 more…,3 : View,TIMBERWOLF MINERALS LLC
https://okcountyrecords.com/detail/Dewey/2018-004441,2.0,Dewey,2018-08-23,2018-004441,Memorand,1739,0510,TIMBERWOLF MINERALS LLC,TIMBERWOLF ENERGY LLC,S4 T16N R14W S2 NW L3-4 S4 T16N R14W SW,1 : View,TIMBERWOLF MINERALS LLC
