url,Rank,County,Recorded,Instrument,Type,Book,Page(s),Grantor,Grantee,Legal Description,Images,company
https://okcountyrecords.com/detail/Kingfisher/2018-004095,3,Kingfisher,2018-04-20,2018-004095,MINERAL DEED,3123,0025 - 0028,"TIMBERWOLF MINERALS, LLC","BRIGHAM MINERALS, LLC",S27 T15N R07W NW,4 : View,TIMBERWOLF MINERALS LLC
https://okcountyrecords.com/detail/Blaine/2018-002760,1,Blaine,2018-04-20,2018-002760,Mineral Deed,1335,0594 - 0597,TIMBERWOLF MINERALS LLC,BRIGHAM MINERALS LLC,S32 T14N R11W S2 SW S31 T14N R12W E2 NW L1-2,4 : View,TIMBERWOLF MINERALS LLC
https://okcountyrecords.com/detail/Blaine/2018-002761,1,Blaine,2018-04-20,2018-002761,Mineral Deed,1335,0598 - 0601,TIMBERWOLF MINERALS LLC,BRIGHAM MINERALS LLC,S24 T13N R11W SW,4 : View,TIMBERWOLF MINERALS LLC
https://okcountyrecords.com/detail/Blaine/2018-002762,1,Blaine,2018-04-20,2018-002762,Mineral Deed,1335,0602 - 0605,TIMBERWOLF MINERALS LLC,BRIGHAM MINERALS LLC,S18 T13N R11W NE,4 : View,TIMBERWOLF MINERALS LLC
https://okcountyrecords.com/detail/Blaine/2018-002763,3,Blaine,2018-04-20,2018-002763,Mineral Deed,1335,0606 - 0609,TIMBERWOLF MINERALS LLC,BRIGHAM MINERALS LLC,S06 T13N R11W S2 NE L1-2,4 : View,TIMBERWOLF MINERALS LLC
https://okcountyrecords.com/detail/Blaine/2018-002764,3,Blaine,2018-04-20,2018-002764,Mineral Deed,1335,0610 - 0613,TIMBERWOLF MINERALS LLC,BRIGHAM MINERALS LLC,S06 T13N R11W SE NW L3-5,4 : View,TIMBERWOLF MINERALS LLC
https://okcountyrecords.com/detail/Blaine/2018-002765,3,Blaine,2018-04-20,2018-002765,Mineral Deed,1335,0614 - 0617,TIMBERWOLF MINERALS LLC,BRIGHAM MINERALS LLC,S03 T13N R11W S2 NE L1-2,4 : View,TIMBERWOLF MINERALS LLC
https://okcountyrecords.com/detail/Garvin/2018-003336,1,Garvin,2018-04-20,2018-003336,MINERAL DEED,2218,0664 - 0666,VAN VLECK FAMILY TRUST,TIMBERWOLF MINERALS LLC,S7 T4N R4W L3---NE S7 T4N R4W N2 NE SW 4 more…,3 : View,TIMBERWOLF MINERALS LLC
https://okcountyrecords.com/detail/Garvin/2018-003337,1,Garvin,2018-04-20,2018-003337,MINERAL DEED,2218,0667 - 0669,"PATTON TRUST,SUSAN",TIMBERWOLF MINERALS LLC,S7 T4N R4W L3---NE S7 T4N R4W N2 NE SW 4 more…,3 : View,TIMBERWOLF MINERALS LLC
https://okcountyrecords.com/detail/Garvin/2018-003338,1,Garvin,2018-04-20,2018-003338,MINERAL DEED,2218,0670 - 0672,"ALIFFI TRUST,BETSY",TIMBERWOLF MINERALS LLC,S7 T4N R4W L3---NE S7 T4N R4W N2 NE SW 4 more…,3 : View,TIMBERWOLF MINERALS LLC
https://okcountyrecords.com/detail/Kingfisher/2018-004125,1,Kingfisher,2018-04-20,2018-004125,MINERAL DEED,3123,0204 - 0206,"WARTCHOW, PAUL","TIMBERWOLF MINERALS, LLC",S32 T16N R08W SE S34 T16N R08W NW,3 : View,TIMBERWOLF MINERALS LLC
https://okcountyrecords.com/detail/Grady/2018-007940,3,Grady,2018-04-20,2018-007940,Mineral Deed,5406,0517 - 0520,TIMBERWOLF MINERALS LLC,BRIGHAM MINERALS LLC,S02 T7N R5W,4 : View,TIMBERWOLF MINERALS LLC
https://okcountyrecords.com/detail/Kingfisher/2018-004202,1,Kingfisher,2018-04-24,2018-004202,MINERAL DEED,3123,0510 - 0512,"BIEHLER, JAN R. BIEHLER, DUSTY","TIMBERWOLF MINERALS, LLC",S20 T17N R09W S2 NW,3 : View,TIMBERWOLF MINERALS LLC
https://okcountyrecords.com/detail/Blaine/2018-002847,1,Blaine,2018-04-24,2018-002847,Mineral Deed,1336,0157 - 0159,"EVICK, ANN, TRUSTEE EVICK FAMILY TRUST EVICK, CHARLES EDWARD, TRUSTEE",TIMBERWOLF MINERALS LLC,S27 T15N R11W E2 NE L3 S27 T15N R11W NW NE,3 : View,TIMBERWOLF MINERALS LLC
https://okcountyrecords.com/detail/Blaine/2018-002848,1,Blaine,2018-04-24,2018-002848,Mineral Deed,1336,0160 - 0162,"FISCHER, KAY STERLING",TIMBERWOLF MINERALS LLC,S27 T15N R11W E2 NE L3 S27 T15N R11W NW NE,3 : View,TIMBERWOLF MINERALS LLC
