url,Rank,County,Recorded,Instrument,Type,Book,Page(s),Grantor,Grantee,Legal Description,Images,company
https://okcountyrecords.com/detail/McClain/2021-007321,1,McClain,2021-05-27,2021-007321,Mineral Deed,2706,0516 - 0518,TIMBERWOLF MINERALS LLC,ECKARD LAND & ACQUISITION LLC,35 6N4W,3 : View,TIMBERWOLF MINERALS LLC
https://okcountyrecords.com/detail/Kingfisher/2021-002518,1,Kingfisher,2021-05-28,2021-002518,MINERAL DEED,3377,0056 - 0058,"HAFERKORN, BRIAN","TIMBERWOLF MINERALS, LLC",S21 T17N R08W S2 NW S21 T17N R08W N2 NW Partial,3 : View,TIMBERWOLF MINERALS LLC
https://okcountyrecords.com/detail/Kingfisher/2021-002519,1,Kingfisher,2021-05-28,2021-002519,MINERAL DEED,3377,0059 - 0061,"MATHIS, BRINA","TIMBERWOLF MINERALS, LLC",S21 T17N R08W S2 NW S21 T17N R08W N2 NW Partial,3 : View,TIMBERWOLF MINERALS LLC
https://okcountyrecords.com/detail/Kingfisher/2021-002618,2,Kingfisher,2021-06-03,2021-002618,MINERAL DEED,3379,0067 - 0069,"TIMBERWOLF MINERALS, LLC","ECKARD LAND & ACQUISITION, LLC",S21 T17N R08W N2 NW Partial S21 T17N R08W S2 NW,3 : View,TIMBERWOLF MINERALS LLC
https://okcountyrecords.com/detail/Kingfisher/2021-002906,2,Kingfisher,2021-06-17,2021-002906,MINERAL DEED,3381,0109 - 0111,"TIMBERWOLF MINERALS, LLC","BELLE TRACE RESOURCES, LLC",S17 T17N R09W E2 SE S20 T17N R09W S2 NW 1 more…,3 : View,TIMBERWOLF MINERALS LLC
https://okcountyrecords.com/detail/McClain/2021-008291,1,McClain,2021-06-18,2021-008291,Mineral Deed,2711,0285 - 0287,"BROWN, URSULA",TIMBERWOLF MINERALS LLC,22 7N4W,3 : View,TIMBERWOLF MINERALS LLC
https://okcountyrecords.com/detail/Grady/2021-008643,1,Grady,2021-06-21,2021-008643,Par Rel Mortgage,5894,0496 - 0497,INTERNATIONAL BANK OF COMMERCE,TIMBERWOLF MINERALS LLC,S32 T9N R6W,2 : View,TIMBERWOLF MINERALS LLC
https://okcountyrecords.com/detail/Custer/2021-003053,1,Custer,2021-06-22,2021-003053,Partial Release,1933,0402 - 0403,INTERNATIONAL BANK OF COMMERCE,TIMBERWOLF MINERALS LLC,S27 T14N R14W ALL,2 : View,TIMBERWOLF MINERALS LLC
https://okcountyrecords.com/detail/Grady/2021-008750,1,Grady,2021-06-23,2021-008750,Mineral Deed,5895,0375 - 0377,"POAG, RANDELL",TIMBERWOLF MINERALS LLC,S23 T6N R7W,3 : View,TIMBERWOLF MINERALS LLC
https://okcountyrecords.com/detail/Custer/2021-003069,1,Custer,2021-06-23,2021-003069,Partial Release,1933,0478 - 0479,INTERNATIONAL BANK OF COMMERCE,TIMBERWOLF MINERALS LLC,S27 T14N R14W ALL,2 : View,TIMBERWOLF MINERALS LLC
https://okcountyrecords.com/detail/Kingfisher/2021-003045,1,Kingfisher,2021-06-24,2021-003045,MINERAL DEED,3381,0553 - 0555,"SMITH, KEVIN RAY","TIMBERWOLF MINERALS, LLC",S17 T16N R07W NE S17 T16N R07W SW 1 more…,3 : View,TIMBERWOLF MINERALS LLC
https://okcountyrecords.com/detail/Grady/2021-008908,1,Grady,2021-06-25,2021-008908,Mineral Deed,5896,0543 - 0545,"POAG, ROY GALON",TIMBERWOLF MINERALS LLC,S23 T6N R7W,3 : View,TIMBERWOLF MINERALS LLC
https://okcountyrecords.com/detail/Kingfisher/2021-003173,2,Kingfisher,2021-06-30,2021-003173,MINERAL DEED,3382,0490 - 0492,"TIMBERWOLF MINERALS, LLC","ECKARD LAND & ACQUISITION, LLC",S17 T16N R07W W2 S20 T16N R07W NW NW,3 : View,TIMBERWOLF MINERALS LLC
https://okcountyrecords.com/detail/Kingfisher/2021-003194,2,Kingfisher,2021-07-01,2021-003194,Assignment,3383,0001 - 0006,TIMBERWOLF MINERALS LLC,"BELLE TRACE RESOURCES, LLC","S1 T16N R08W S2 NW L3,4",6 : View,TIMBERWOLF MINERALS LLC
https://okcountyrecords.com/detail/Custer/2021-003206,2,Custer,2021-07-01,2021-003206,Mineral Deed,1934,0442 - 0444,TIMBERWOLF MINERALS LLC,ECKARD LAND & ACQUISITION LLC,S27 T14N R14W S2 NE Containing 80 Acre(s) (more or less),3 : View,TIMBERWOLF MINERALS LLC
