url,Rank,County,Recorded,Instrument,Type,Book,Page(s),Grantor,Grantee,Legal Description,Images,company
https://okcountyrecords.com/detail/Garvin/2021-004548,1,Garvin,2021-07-06,2021-004548,ASSIGNMENT,2352,0808 - 0814,TIMBERWOLF MINERALS LLC,INTERNATIONAL BANK OF COMMERCE,S6 T2N R2W S18 T3N R4W 2 more…,7 : View,TIMBERWOLF MINERALS LLC
https://okcountyrecords.com/detail/Blaine/2021-001823,1,Blaine,2021-07-07,2021-001823,Sec Supplement To Mtg,1470,0266 - 0273,TIMBERWOLF MINERALS LLC,INTERNATIONAL BANK OF COMMERCE,S01 T13N R11W S14 T13N R11W 70 more…,8 : View,TIMBERWOLF MINERALS LLC
https://okcountyrecords.com/detail/Custer/2021-003336,1,Custer,2021-07-07,2021-003336,Mortgage Security Agree & Financing Statement,1935,0411 - 0417,TIMBERWOLF MINERALS LLC,INTERNATIONAL BANK OF COMMERCE,S8 T14N R14W ALL S13 T14N R14W ALL 16 more…,7 : View,TIMBERWOLF MINERALS LLC
https://okcountyrecords.com/detail/Grady/2021-009041,1,Grady,2021-07-09,2021-009041,Mineral Deed,5897,0595 - 0597,WILSON RODNEY LOWELL,TIMBERWOLF MINERALS LLC,S26 T10N R5W,3 : View,TIMBERWOLF MINERALS LLC
https://okcountyrecords.com/detail/Grady/2021-009044,1,Grady,2021-07-09,2021-009044,Correct Mineral Deed,5898,0004 - 0008,TIMBERWOLF MINERALS LLC,LONEWOLF MINERAL SLLC,S18 T6N R5W S19 T6N R5W,5 : View,TIMBERWOLF MINERALS LLC
https://okcountyrecords.com/detail/Grady/2021-009045,3,Grady,2021-07-09,2021-009045,Mineral Deed,5898,0009 - 0011,TIMBERWOLF MINERALS LLC,OPUS MINERALS LLC,S23 T6N R7W,3 : View,TIMBERWOLF MINERALS LLC
https://okcountyrecords.com/detail/McClain/2021-009193,1,McClain,2021-07-12,2021-009193,Mineral Deed,2715,0853 - 0855,MONTAGE MINERALS LLC,TIMBERWOLF MINERALS LLC,3 6N4W,3 : View,TIMBERWOLF MINERALS LLC
https://okcountyrecords.com/detail/McClain/2021-009278,1,McClain,2021-07-14,2021-009278,Mortgage,2716,0214 - 0232,TIMBERWOLF MINERALS LLC,INTERNATIONAL BANK OF COMMERCE,"6 5N4W 18, 25 6N4W 2 more…",19 : View,TIMBERWOLF MINERALS LLC
https://okcountyrecords.com/detail/Grady/2021-009384,1,Grady,2021-07-14,2021-009384,Mineral Mortgage,5900,0472 - 0478,TIMBERWOLF MINERALS LLC,INTERNATIONAL BANK OF COMMERCE,S33 T10N R8W S8 T10N R8W 4 more…,7 : View,TIMBERWOLF MINERALS LLC
https://okcountyrecords.com/detail/Grady/2021-009400,2,Grady,2021-07-14,2021-009400,Mineral Deed,5900,0553 - 0555,TIMBERWOLF MINERALS LLC,ECKARD LAND & ACQUISITION LLC,S32 T9N R6W,3 : View,TIMBERWOLF MINERALS LLC
https://okcountyrecords.com/detail/Kingfisher/2021-003403,1,Kingfisher,2021-07-14,2021-003403,Amendment Mtg Misc,3384,0339 - 0346,"TIMBERWOLF MINERALS, LLC",INTERNATIONAL BANK OF COMMERCE,S17 T15N R06W A S28 T15N R06W A 44 more…,8 : View,TIMBERWOLF MINERALS LLC
https://okcountyrecords.com/detail/McClain/2021-009354,1,McClain,2021-07-15,2021-009354,Mineral Deed,2716,0512 - 0514,"PLOURDE, JULIA MORRIS",TIMBERWOLF MINERALS LLC,22 7N4W,3 : View,TIMBERWOLF MINERALS LLC
https://okcountyrecords.com/detail/McClain/2021-009355,1,McClain,2021-07-15,2021-009355,Mineral Deed,2716,0515 - 0517,"COX TRUST, CLAY & NANCY",TIMBERWOLF MINERALS LLC,22 7N4W,3 : View,TIMBERWOLF MINERALS LLC
https://okcountyrecords.com/detail/McClain/2021-009356,1,McClain,2021-07-15,2021-009356,Mineral Deed,2716,0518 - 0520,"SCHUMAN TRUST, DANIEL P AND VIDA K",TIMBERWOLF MINERALS LLC,"3 5N4W 33, 35 6N4W",3 : View,TIMBERWOLF MINERALS LLC
https://okcountyrecords.com/detail/Kingfisher/2021-003412,1,Kingfisher,2021-07-15,2021-003412,MINERAL DEED,3384,0384 - 0386,"HAYNES, BRIAN D.","TIMBERWOLF MINERALS, LLC",S11 T16N R08W SW,3 : View,TIMBERWOLF MINERALS LLC
