url,Rank,County,Recorded,Instrument,Type,Book,Page(s),Grantor,Grantee,Legal Description,Images,company
https://okcountyrecords.com/detail/Custer/2017-006725,2,Custer,2017-09-25,2017-006725,Mineral Deed,1772,0717 - 0719,TIMBERWOLF MINERALS LLC,MEP MID-CON III LLC,S22 T15N R14W W2 S27 T15N R14W W2 NW,3 : View,TIMBERWOLF MINERALS LLC
https://okcountyrecords.com/detail/Custer/2017-006726,2,Custer,2017-09-25,2017-006726,Mineral Deed,1772,0720 - 0722,TIMBERWOLF MINERALS LLC,MEP MID-CON III LLC,S1 T13N R14W N2 NW (Mult) S4 T13N R14W SE 3 more…,3 : View,TIMBERWOLF MINERALS LLC
https://okcountyrecords.com/detail/Blaine/2017-009051,1,Blaine,2017-09-26,2017-009051,Mineral Deed,1304,0255 - 0257,TIMBERWOLF MINERALS LLC,LONGPOINT MINERALS LLC,S16 T17N R10W SW,3 : View,TIMBERWOLF MINERALS LLC
https://okcountyrecords.com/detail/Blaine/2017-009052,3,Blaine,2017-09-26,2017-009052,Mineral Deed,1304,0258 - 0260,TIMBERWOLF MINERALS LLC,LONGPOINT MINERALS LLC,S33 T17N R11W SW,3 : View,TIMBERWOLF MINERALS LLC
https://okcountyrecords.com/detail/Blaine/2017-009053,1,Blaine,2017-09-26,2017-009053,Mineral Deed,1304,0261 - 0263,TIMBERWOLF MINERALS LLC,LONGPOINT MINERALS LLC,S24 T16N R12W HILLCREST HEIGHTS SECOND ADDN WATONGA B2 L14,3 : View,TIMBERWOLF MINERALS LLC
https://okcountyrecords.com/detail/Blaine/2017-009054,1,Blaine,2017-09-26,2017-009054,Mineral Deed,1304,0264 - 0266,TIMBERWOLF MINERALS LLC,LONGPOINT MINERALS LLC,S09 T16N R10W SE,3 : View,TIMBERWOLF MINERALS LLC
https://okcountyrecords.com/detail/Blaine/2017-009055,1,Blaine,2017-09-26,2017-009055,Mineral Deed,1304,0267 - 0269,TIMBERWOLF MINERALS LLC,LONGPOINT MINERALS LLC,S03 T14N R12W SW,3 : View,TIMBERWOLF MINERALS LLC
https://okcountyrecords.com/detail/Blaine/2017-009056,1,Blaine,2017-09-26,2017-009056,Mineral Deed,1304,0270 - 0272,TIMBERWOLF MINERALS LLC,LONGPOINT MINERALS LLC,S09 T16N R11W S2 N2 NW,3 : View,TIMBERWOLF MINERALS LLC
https://okcountyrecords.com/detail/Blaine/2017-009057,1,Blaine,2017-09-26,2017-009057,Mineral Deed,1304,0273 - 0275,TIMBERWOLF MINERALS LLC,LONGPOINT MINERALS LLC,S03 T14N R12W SW,3 : View,TIMBERWOLF MINERALS LLC
https://okcountyrecords.com/detail/Blaine/2017-009058,1,Blaine,2017-09-26,2017-009058,Mineral Deed,1304,0276 - 0278,TIMBERWOLF MINERALS LLC,LONGPOINT MINERALS LLC,S34 T13N R11W E2 SW L5-8,3 : View,TIMBERWOLF MINERALS LLC
https://okcountyrecords.com/detail/Blaine/2017-009059,1,Blaine,2017-09-26,2017-009059,Mineral Deed,1304,0279 - 0281,TIMBERWOLF MINERALS LLC,LONGPOINT MINERALS LLC,S09 T16N R11W S2 N2 NW,3 : View,TIMBERWOLF MINERALS LLC
https://okcountyrecords.com/detail/Blaine/2017-009060,1,Blaine,2017-09-26,2017-009060,Mineral Deed,1304,0282 - 0284,TIMBERWOLF MINERALS LLC,MEP MID-CON III LLC,S05 T13N R13W SW S05 T13N R13W S2 SE 3 more…,3 : View,TIMBERWOLF MINERALS LLC
https://okcountyrecords.com/detail/Blaine/2017-009061,1,Blaine,2017-09-26,2017-009061,Mineral Deed,1304,0285 - 0287,TIMBERWOLF MINERALS LLC,MEP MID-CON III LLC,S05 T13N R13W SW S05 T13N R13W S2 SE 3 more…,3 : View,TIMBERWOLF MINERALS LLC
https://okcountyrecords.com/detail/Blaine/2017-009062,1,Blaine,2017-09-26,2017-009062,Mineral Deed,1304,0288 - 0290,TIMBERWOLF MINERALS LLC,MEP MID-CON III LLC,S05 T13N R13W SW S05 T13N R13W S2 SE 3 more…,3 : View,TIMBERWOLF MINERALS LLC
https://okcountyrecords.com/detail/Blaine/2017-009063,1,Blaine,2017-09-26,2017-009063,Mineral Deed,1304,0291 - 0293,TIMBERWOLF MINERALS LLC,MEP MID-CON III LLC,S33 T14N R11W NE,3 : View,TIMBERWOLF MINERALS LLC
