url,Rank,County,Recorded,Instrument,Type,Book,Page(s),Grantor,Grantee,Legal Description,Images,company
https://okcountyrecords.com/detail/Blaine/2016-017549,1,Blaine,2016-09-01,2016-017549,Mineral Deed,1234,0331 - 0333,"TIMBERWOLF MINERALS, LLC","LONGPOINT MINERALS, LLC",S16 T16N R12W NW SE L2-4 S16 T16N R12W SW,3 : View,TIMBERWOLF MINERALS LLC
https://okcountyrecords.com/detail/Blaine/2016-017550,1,Blaine,2016-09-01,2016-017550,Mineral Deed,1234,0334 - 0336,"TIMBERWOLF MINERALS, LLC","LONGPOINT MINERALS, LLC",S19 T15N R11W SE S20 T15N R11W SW 1 more…,3 : View,TIMBERWOLF MINERALS LLC
https://okcountyrecords.com/detail/Blaine/2016-017551,1,Blaine,2016-09-01,2016-017551,Mineral Deed,1234,0337 - 0339,"TIMBERWOLF MINERALS, LLC","LONGPOINT MINERALS, LLC",S11 T16N R11W SE,3 : View,TIMBERWOLF MINERALS LLC
https://okcountyrecords.com/detail/Blaine/2016-017552,1,Blaine,2016-09-01,2016-017552,Mineral Deed,1234,0340 - 0342,"TIMBERWOLF MINERALS, LLC","LONGPOINT MINERALS, LLC",S8 T16N R13W,3 : View,TIMBERWOLF MINERALS LLC
https://okcountyrecords.com/detail/Blaine/2016-017553,3,Blaine,2016-09-01,2016-017553,Mineral Deed,1234,0343 - 0345,"TIMBERWOLF MINERALS, LLC","LONGPOINT MINERALS, LLC",S14 T17N R11W S2 SW,3 : View,TIMBERWOLF MINERALS LLC
https://okcountyrecords.com/detail/Blaine/2016-017554,1,Blaine,2016-09-01,2016-017554,Mineral Deed,1234,0346 - 0348,"TIMBERWOLF MINERALS, LLC","LONGPOINT MINERALS, LLC",S34 T15N R10W S2 SW,3 : View,TIMBERWOLF MINERALS LLC
https://okcountyrecords.com/detail/Blaine/2016-017555,1,Blaine,2016-09-01,2016-017555,Mineral Deed,1234,0349 - 0351,"TIMBERWOLF MINERALS, LLC","LONGPOINT MINERALS, LLC",S11 T15N R11W SW,3 : View,TIMBERWOLF MINERALS LLC
https://okcountyrecords.com/detail/Blaine/2016-017556,1,Blaine,2016-09-01,2016-017556,Mineral Deed,1234,0352 - 0354,"TIMBERWOLF MINERALS, LLC","LONGPOINT MINERALS, LLC",S35 T14N R11W NE,3 : View,TIMBERWOLF MINERALS LLC
https://okcountyrecords.com/detail/Blaine/2016-017557,3,Blaine,2016-09-01,2016-017557,Mineral Deed,1234,0355 - 0357,"TIMBERWOLF MINERALS, LLC","LONGPOINT MINERALS, LLC",S33 T18N R10W SW S5 T17N R10W N2 NW 1 more…,3 : View,TIMBERWOLF MINERALS LLC
https://okcountyrecords.com/detail/Blaine/2016-017558,3,Blaine,2016-09-01,2016-017558,Mineral Deed,1234,0358 - 0360,"TIMBERWOLF MINERALS, LLC","LONGPOINT MINERALS, LLC",S32 T16N R11W SW S33 T16N R11W NW,3 : View,TIMBERWOLF MINERALS LLC
https://okcountyrecords.com/detail/Blaine/2016-017559,1,Blaine,2016-09-01,2016-017559,Mineral Deed,1234,0361 - 0363,"TIMBERWOLF MINERALS, LLC","LONGPOINT MINERALS, LLC",S25 T16N R12W SE,3 : View,TIMBERWOLF MINERALS LLC
https://okcountyrecords.com/detail/Blaine/2016-017560,1,Blaine,2016-09-01,2016-017560,Mineral Deed,1234,0364 - 0366,"TIMBERWOLF MINERALS, LLC","LONGPOINT MINERALS, LLC",S2 T14N R11W W2 SW L3-4 S2 T14N R11W S2 SE,3 : View,TIMBERWOLF MINERALS LLC
https://okcountyrecords.com/detail/Kingfisher/2016-010078,1,Kingfisher,2016-09-06,2016-010078,MINERAL DEED,2918,0203 - 0205,"MASSEY, HELEN M.; REVOCABLE LIVING TRUST","TIMBERWOLF MINERALS, LLC",S24 T17N R07W SW NW L6-7 Partial S13 T17N R07W L4,3 : View,TIMBERWOLF MINERALS LLC
https://okcountyrecords.com/detail/Kingfisher/2016-010079,1,Kingfisher,2016-09-06,2016-010079,MINERAL DEED,2918,0206 - 0208,"TIMBERWOLF MINERALS, LLC","LONGPOINT MINERALS, LLC",S24 T17N R07W SW NW L6-7 Partial S13 T17N R07W L4,3 : View,TIMBERWOLF MINERALS LLC
https://okcountyrecords.com/detail/Kingfisher/2016-010081,1,Kingfisher,2016-09-06,2016-010081,MINERAL DEED,2918,0210 - 0212,BMO HARRIS BANK,"TIMBERWOLF MINERALS, LLC",S24 T17N R07W SW NW L6-7 Partial S13 T17N R07W L4,3 : View,TIMBERWOLF MINERALS LLC
