url,Rank,County,Recorded,Instrument,Type,Book,Page(s),Grantor,Grantee,Legal Description,Images,company
https://okcountyrecords.com/detail/Kingfisher/2016-014713,1,Kingfisher,2016-12-27,2016-014713,MINERAL DEED,2961,0542 - 0544,"TAYLOR, SANDRA","TIMBERWOLF MINERALS, LLC",S06 T15N R08W NE S22 T17N R07W SE 2 more…,3 : View,TIMBERWOLF MINERALS LLC
https://okcountyrecords.com/detail/Kingfisher/2016-014714,1,Kingfisher,2016-12-27,2016-014714,MINERAL DEED,2961,0545 - 0547,"DOUGLAS, MARTHA","TIMBERWOLF MINERALS, LLC",S06 T15N R08W NE S22 T17N R07W SE 2 more…,3 : View,TIMBERWOLF MINERALS LLC
https://okcountyrecords.com/detail/Custer/2016-008212,1,Custer,2016-12-28,2016-008212,Mineral Deed,1737,0190 - 0192,"FULLER, BILLY PAUL FULLER, DEBBIE",TIMBERWOLF MINERALS LLC,S1 T15N R14W LS2 NE Containing 2 Acre(s) (more or less),3 : View,TIMBERWOLF MINERALS LLC
https://okcountyrecords.com/detail/Custer/2016-008213,1,Custer,2016-12-28,2016-008213,Mineral Deed,1737,0193 - 0195,"BUKOWSKI, DIANN L. BUKOWSKI, DIANN GIFFIN, DIANN L. GIFFIN, DIANN",TIMBERWOLF MINERALS LLC,S13 T14N R14W N2,3 : View,TIMBERWOLF MINERALS LLC
https://okcountyrecords.com/detail/Kingfisher/2016-014828,1,Kingfisher,2016-12-28,2016-014828,MINERAL DEED,2963,0034 - 0036,"BOECKMAN, SCOTT","TIMBERWOLF MINERALS, LLC",S05 T16N R09W E2,3 : View,TIMBERWOLF MINERALS LLC
https://okcountyrecords.com/detail/Kingfisher/2016-014829,2,Kingfisher,2016-12-28,2016-014829,MINERAL DEED,2963,0037 - 0039,"GILLES FAMILY, LLC","TIMBERWOLF MINERALS, LLC",S16 T15N R08W SE,3 : View,TIMBERWOLF MINERALS LLC
https://okcountyrecords.com/detail/Custer/2016-008263,1,Custer,2016-12-29,2016-008263,Mineral Deed,1737,0457 - 0459,"SCHMIDT, RONALD AND LINDA LIVING TRUST",TIMBERWOLF MINERALS LLC,S4 T14N R14W N2 SW S4 T14N R14W S2 SW 1 more…,3 : View,TIMBERWOLF MINERALS LLC
https://okcountyrecords.com/detail/Blaine/2016-021916,1,Blaine,2016-12-30,2016-021916,Mineral Deed,1254,0418 - 0420,"NEELY, PATRICIA, TRUSTEE DAVID NEELY 2006 REVOCABLE TRUST NEELY, DAVID, TRUSTEE",TIMBERWOLF MINERALS LLC,S09 T14N R11W N2 S10 T14N R11W E2 SW,3 : View,TIMBERWOLF MINERALS LLC
https://okcountyrecords.com/detail/Blaine/2016-021917,1,Blaine,2016-12-30,2016-021917,Mineral Deed,1254,0421 - 0423,"MCCAUGHEY, KATHY DOOLITTLE, KATHY",TIMBERWOLF MINERALS LLC,S15 T13N R12W S2,3 : View,TIMBERWOLF MINERALS LLC
https://okcountyrecords.com/detail/Blaine/2016-021918,1,Blaine,2016-12-30,2016-021918,Mineral Deed,1254,0424 - 0426,"ZWEIACHER, CLIFTON L. ZWEIACHER, CLIFTON L.",TIMBERWOLF MINERALS LLC,S14 T14N R11W SW,3 : View,TIMBERWOLF MINERALS LLC
https://okcountyrecords.com/detail/Blaine/2016-021919,1,Blaine,2016-12-30,2016-021919,Mineral Deed,1254,0427 - 0429,"CHATFIELD, TERI BETH",TIMBERWOLF MINERALS LLC,S26 T14N R11W SE S34 T14N R11W SE,3 : View,TIMBERWOLF MINERALS LLC
https://okcountyrecords.com/detail/Blaine/2016-021920,1,Blaine,2016-12-30,2016-021920,Mineral Deed,1254,0430 - 0432,"FOLSOM, RICHARD LEON FOLSOM, MELISSA",TIMBERWOLF MINERALS LLC,"S06 T13N R13W L4-5,7 S07 T13N R13W N2 NE SW 2 more…",3 : View,TIMBERWOLF MINERALS LLC
https://okcountyrecords.com/detail/Blaine/2016-021921,1,Blaine,2016-12-30,2016-021921,Mineral Deed,1254,0433 - 0435,"TUCKER JR., LOYD E",TIMBERWOLF MINERALS LLC,S26 T14N R11W SE S34 T14N R11W SE,3 : View,TIMBERWOLF MINERALS LLC
https://okcountyrecords.com/detail/Blaine/2016-021922,1,Blaine,2016-12-30,2016-021922,Mineral Deed,1254,0436 - 0438,TIMBERWOLF MINERALS LLC,MEP MID-CON III LLC,S14 T13N R13W SW,3 : View,TIMBERWOLF MINERALS LLC
https://okcountyrecords.com/detail/Blaine/2016-021923,1,Blaine,2016-12-30,2016-021923,Mineral Deed,1254,0439 - 0441,TIMBERWOLF MINERALS LLC,MEP MID-CON III LLC,S31 T13N R13W NE S31 T13N R13W SE 1 more…,3 : View,TIMBERWOLF MINERALS LLC
