url,Rank,County,Recorded,Instrument,Type,Book,Page(s),Grantor,Grantee,Legal Description,Images,company
https://okcountyrecords.com/detail/Blaine/2016-020481,1,Blaine,2016-11-16,2016-020481,Mineral Deed,1247,0194 - 0196,"HOCHANADEL, DAVID E",TIMBERWOLF MINERALS LLC,S17 T15N R12W NW Partial,3 : View,TIMBERWOLF MINERALS LLC
https://okcountyrecords.com/detail/Blaine/2016-020482,1,Blaine,2016-11-16,2016-020482,Mineral Deed,1247,0197 - 0199,"MCMAINS, KAY",TIMBERWOLF MINERALS LLC,S28 T15N R12W SW S33 T15N R12W NW Partial,3 : View,TIMBERWOLF MINERALS LLC
https://okcountyrecords.com/detail/Blaine/2016-020483,1,Blaine,2016-11-16,2016-020483,Mineral Deed,1247,0200 - 0202,"ZWEIACHER, NORMAN L ZWEIACHER, JUNE",TIMBERWOLF MINERALS LLC,S14 T14N R11W SW,3 : View,TIMBERWOLF MINERALS LLC
https://okcountyrecords.com/detail/Custer/2016-007217,1,Custer,2016-11-17,2016-007217,Mineral Deed,1732,0012 - 0014,TIMBERWOLF MINERALS LLC,MEP MID-CON III LLC,S7 T14N R14W W2 W2 NE Partial,3 : View,TIMBERWOLF MINERALS LLC
https://okcountyrecords.com/detail/Custer/2016-007218,1,Custer,2016-11-17,2016-007218,Mineral Deed,1732,0015 - 0017,TIMBERWOLF MINERALS LLC,MEP MID-CON III LLC,S31 T14N R14W SE S16 T14N R14W W2 NW Exceptions 1 more…,3 : View,TIMBERWOLF MINERALS LLC
https://okcountyrecords.com/detail/Custer/2016-007219,1,Custer,2016-11-17,2016-007219,Mineral Deed,1732,0018 - 0020,TIMBERWOLF MINERALS LLC,MEP MID-CON III LLC,S32 T14N R14W A,3 : View,TIMBERWOLF MINERALS LLC
https://okcountyrecords.com/detail/Custer/2016-007220,1,Custer,2016-11-17,2016-007220,Mineral Deed,1732,0021 - 0023,TIMBERWOLF MINERALS LLC,MEP MID-CON III LLC,S32 T14N R14W A,3 : View,TIMBERWOLF MINERALS LLC
https://okcountyrecords.com/detail/Custer/2016-007221,1,Custer,2016-11-17,2016-007221,Mineral Deed,1732,0024 - 0026,TIMBERWOLF MINERALS LLC,MEP MID-CON III LLC,S15 T15N R14W NE,3 : View,TIMBERWOLF MINERALS LLC
https://okcountyrecords.com/detail/Custer/2016-007222,2,Custer,2016-11-17,2016-007222,Mineral Deed,1732,0027 - 0029,TIMBERWOLF MINERALS LLC,MEP MID-CON III LLC,S16 T14N R14W W2 NW Partial S17 T14N R14W E2 NE 2 more…,3 : View,TIMBERWOLF MINERALS LLC
https://okcountyrecords.com/detail/Custer/2016-007222,2,Custer,2016-11-17,2016-007222,Mineral Deed,1732,0027 - 0029,TIMBERWOLF MINERALS LLC,MEP MID-CON III LLC,S16 T14N R14W W2 NW Partial S17 T14N R14W E2 NE 2 more…,3 : View,TIMBERWOLF MINERALS LLC
https://okcountyrecords.com/detail/Dewey/2016-008800,2,Dewey,2016-11-17,2016-008800,Mineral Deed,1640,0386 - 0388,TIMBERWOLF MINERALS LLC,MEP MID-CON III LLC,S5 T18N R15W NW,3 : View,TIMBERWOLF MINERALS LLC
https://okcountyrecords.com/detail/Kingfisher/2016-013185,1,Kingfisher,2016-11-17,2016-013185,MINERAL DEED,2944,0543 - 0545,"MOODY, MARILYN MAY","TIMBERWOLF MINERALS, LLC",S05 T15N R08W SE,3 : View,TIMBERWOLF MINERALS LLC
https://okcountyrecords.com/detail/Kingfisher/2016-013186,1,Kingfisher,2016-11-17,2016-013186,DEED CORR,2944,0546 - 0550,"TIMBERWOLF MINERALS, LLC",LONGPOINT MINERALS LLC,S07 T16N R09W N2 NW,5 : View,TIMBERWOLF MINERALS LLC
https://okcountyrecords.com/detail/Kingfisher/2016-013187,1,Kingfisher,2016-11-17,2016-013187,MINERAL DEED,2944,0551 - 0553,"HAYNIE, KEVIN E.",TIMBERWOLF MINERALS LLC,S30 T17N R07W S2 NE,3 : View,TIMBERWOLF MINERALS LLC
https://okcountyrecords.com/detail/Kingfisher/2016-013188,1,Kingfisher,2016-11-17,2016-013188,DEED CORR,2944,0554 - 0558,"TIMBERWOLF MINERALS, LLC","LONGPOINT MINERALS, LLC",S23 T16N R07W SE,5 : View,TIMBERWOLF MINERALS LLC
