url,Rank,County,Recorded,Instrument,Type,Book,Page(s),Grantor,Grantee,Legal Description,Images,company
https://okcountyrecords.com/detail/Garvin/2018-010166,1,Garvin,2018-12-04,2018-010166,MINERAL DEED,2245,0691 - 0693,MERCADOR ENERGY LLC,TIMBERWOLF MINERALS LLC,S31 T4N R3W SE S31 T4N R3W E2 E2 SW,3 : View,TIMBERWOLF MINERALS LLC
https://okcountyrecords.com/detail/Kingfisher/2018-011750,1,Kingfisher,2018-12-06,2018-011750,MINERAL DEED,3188,0220 - 0222,THE MALK JOINT REVOCABLE TRUST U/A/D,"TIMBERWOLF MINERALS, LLC",S8 T15N R08W E2 SW S8 T15N R08W S2 NE 1 more…,3 : View,TIMBERWOLF MINERALS LLC
https://okcountyrecords.com/detail/Kingfisher/2018-011751,1,Kingfisher,2018-12-06,2018-011751,MINERAL DEED,3188,0223 - 0225,"FORBES, DONNA K.","TIMBERWOLF MINERALS, LLC",S8 T15N R08W E2 SW S8 T15N R08W S2 NE 1 more…,3 : View,TIMBERWOLF MINERALS LLC
https://okcountyrecords.com/detail/Kingfisher/2018-011752,1,Kingfisher,2018-12-06,2018-011752,MINERAL DEED,3188,0226 - 0228,"JAMES, DIANE H.","TIMBERWOLF MINERALS, LLC",S8 T15N R08W E2 SW S8 T15N R08W S2 NE 1 more…,3 : View,TIMBERWOLF MINERALS LLC
https://okcountyrecords.com/detail/Kingfisher/2018-011753,1,Kingfisher,2018-12-06,2018-011753,MINERAL DEED,3188,0229 - 0231,"BOLLMAN, JIMMY DALE","TIMBERWOLF MINERALS, LLC",S26 T15N R08W SE Partial,3 : View,TIMBERWOLF MINERALS LLC
https://okcountyrecords.com/detail/Kingfisher/2018-011754,1,Kingfisher,2018-12-06,2018-011754,MINERAL DEED,3188,0232 - 0234,"BOLLMAN, CHRISTOPHER LEE","TIMBERWOLF MINERALS, LLC",S26 T15N R08W SE Partial,3 : View,TIMBERWOLF MINERALS LLC
https://okcountyrecords.com/detail/Kingfisher/2018-011797,3,Kingfisher,2018-12-07,2018-011797,MINERAL DEED,3188,0442 - 0444,"TIMBERWOLF MINERALS, LLC","CHERRY CREEK MINERALS, LLC",S36 T15N R07W E2 SE,3 : View,TIMBERWOLF MINERALS LLC
https://okcountyrecords.com/detail/Kingfisher/2018-011798,3,Kingfisher,2018-12-07,2018-011798,MINERAL DEED,3188,0445 - 0447,"TIMBERWOLF MINERALS, LLC","CHERRY CREEK MINERALS, LLC",S36 T15N R07W N2 SW,3 : View,TIMBERWOLF MINERALS LLC
https://okcountyrecords.com/detail/Kingfisher/2018-011941,1,Kingfisher,2018-12-12,2018-011941,MINERAL DEED,3189,0439 - 0441,"VERTREES, ROSE MARGARET","TIMBERWOLF MINERALS, LLC",S24 T16N R06W NE,3 : View,TIMBERWOLF MINERALS LLC
https://okcountyrecords.com/detail/Kingfisher/2018-011942,1,Kingfisher,2018-12-12,2018-011942,MINERAL DEED,3189,0442 - 0444,"AC WEDDROCK INVESTMENTS, LLC","TIMBERWOLF MINERALS, LLC",S36 T15N R07W N2 SW,3 : View,TIMBERWOLF MINERALS LLC
https://okcountyrecords.com/detail/Garvin/2018-010421,3,Garvin,2018-12-12,2018-010421,MINERAL DEED,2246,0488 - 0490,TIMBERWOLF MINERALS LLC,FLINT OAK MINERALS LLC,S31 T4N R3W,3 : View,TIMBERWOLF MINERALS LLC
https://okcountyrecords.com/detail/Kingfisher/2018-012035,1,Kingfisher,2018-12-14,2018-012035,MINERAL DEED,3190,0256 - 0258,"SHULTS, BETTY JO","TIMBERWOLF MINERALS, LLC",S14 T15N R09W S2 NE S14 T15N R09W NW,3 : View,TIMBERWOLF MINERALS LLC
https://okcountyrecords.com/detail/Kingfisher/2018-012044,3,Kingfisher,2018-12-14,2018-012044,MINERAL DEED,3190,0328 - 0330,"TIMBERWOLF MINERALS, LLC","CHERRY CREEK MINERALS, LLC",S36 T15N R07W N2 SW,3 : View,TIMBERWOLF MINERALS LLC
https://okcountyrecords.com/detail/Kingfisher/2018-012045,3,Kingfisher,2018-12-14,2018-012045,MINERAL DEED,3190,0331 - 0333,"TIMBERWOLF MINERALS, LLC","CHERRY CREEK MINERALS, LLC",S18 T15N R08W NE,3 : View,TIMBERWOLF MINERALS LLC
https://okcountyrecords.com/detail/Kingfisher/2018-012046,3,Kingfisher,2018-12-14,2018-012046,MINERAL DEED,3190,0334 - 0336,"TIMBERWOLF MINERALS, LLC","CHERRY CREEK MINERALS, LLC",S35 T15N R08W NE,3 : View,TIMBERWOLF MINERALS LLC
