url,Rank,County,Recorded,Instrument,Type,Book,Page(s),Grantor,Grantee,Legal Description,Images,company
https://okcountyrecords.com/detail/Kingfisher/2018-012243,3.0,Kingfisher,2018-12-21,2018-012243,MINERAL DEED,3191,0505 - 0507,"TIMBERWOLF MINERALS, LLC","CHERRY CREEK MINERALS, LLC","S4 T15N R08W S2 NE S4 T15N R08W L1,2 1 more…",3 : View,TIMBERWOLF MINERALS LLC
https://okcountyrecords.com/detail/Kingfisher/2018-012244,3.0,Kingfisher,2018-12-21,2018-012244,MINERAL DEED,3191,0508 - 0510,"TIMBERWOLF MINERALS, LLC","CHERRY CREEK MINERALS, LLC","S4 T15N R08W S2 NE S4 T15N R08W L1,2 1 more…",3 : View,TIMBERWOLF MINERALS LLC
https://okcountyrecords.com/detail/Kingfisher/2018-012245,3.0,Kingfisher,2018-12-21,2018-012245,MINERAL DEED,3191,0511 - 0513,"TIMBERWOLF MINERALS, LLC","CHERRY CREEK MINERALS, LLC",S4 T15N R08W S2 NE 2 more…,3 : View,TIMBERWOLF MINERALS LLC
https://okcountyrecords.com/detail/Grady/2018-024485,2.0,Grady,2018-12-21,2018-024485,Oil & Gas Lease,5527,0139,TIMBERWOLF MINERALS LLC,TIMBERWOLF ENERGY LLC,S18 T8N R7W,1 : View,TIMBERWOLF MINERALS LLC
https://okcountyrecords.com/detail/Grady/2018-024484,2.0,Grady,2018-12-21,2018-024484,Oil & Gas Lease,5527,0138,TIMBERWOLF MINERALS LLC,TIMBERWOLF ENERGY LLC,S31 T10N R7W,1 : View,TIMBERWOLF MINERALS LLC
https://okcountyrecords.com/detail/Blaine/2018-008331,1.0,Blaine,2018-12-27,2018-008331,Affidavit,1370,0554 - 0557,"LOPEZ, RICHARD",TIMBERWOLF MINERALS LLC,S1 T13N R11W ROCK ISLAND ADDITION GEARY B6 L11-12,4 : View,TIMBERWOLF MINERALS LLC
https://okcountyrecords.com/detail/Blaine/2018-008332,1.0,Blaine,2018-12-27,2018-008332,Mineral Deed,1370,0558 - 0560,"MOON, GARY",TIMBERWOLF MINERALS LLC,S29 T15N R12W SW S32 T15N R12W NW,3 : View,TIMBERWOLF MINERALS LLC
https://okcountyrecords.com/detail/Blaine/2018-008333,1.0,Blaine,2018-12-27,2018-008333,Mineral Deed,1370,0561 - 0563,"MOON, ARLYN",TIMBERWOLF MINERALS LLC,S21 T15N R12W SW S21 T15N R12W NW,3 : View,TIMBERWOLF MINERALS LLC
https://okcountyrecords.com/detail/Grady/2018-024803,1.0,Grady,2018-12-31,2018-024803,Deed Of Personal Rep,5529,0148 - 0150,"FRANKLIN, RICHARD DEAN NASHERT, TERRI J ESTATE OF",TIMBERWOLF MINERALS LLC,S31 T10N R7W,3 : View,TIMBERWOLF MINERALS LLC
https://okcountyrecords.com/detail/Kingfisher/2018-012427,1.0,Kingfisher,2018-12-31,2018-012427,MINERAL DEED,3192,0596 - 0598,"BRUSHWOOD, CRYSTAL","TIMBERWOLF MINERALS, LLC",S14 T15N R06W N2 SW S14 T15N R06W SE Partial,3 : View,TIMBERWOLF MINERALS LLC
https://okcountyrecords.com/detail/Blaine/2019-000051,1.0,Blaine,2019-01-04,2019-000051,Mineral Deed,1371,0483 - 0485,"MOON, KEVIN & ADA",TIMBERWOLF MINERALS LLC,S21 T15N R12W SW S21 T15N R12W NW,3 : View,TIMBERWOLF MINERALS LLC
https://okcountyrecords.com/detail/Blaine/2019-000130,3.0,Blaine,2019-01-10,2019-000130,Mineral Deed,1372,0357 - 0359,TIMBERWOLF MINERALS LLC,LONGPOINT MINERALS LLC,S04 T14N R12W S2 NE S04 T14N R12W SE L1-2,3 : View,TIMBERWOLF MINERALS LLC
https://okcountyrecords.com/detail/Blaine/2019-000224,0.3,Blaine,2019-01-15,2019-000224,Mineral Deed,1373,0165 - 0167,TIMBERWOLF MINERALS,CHERRY CREEK MINERALS LLC,S33 T14N R12W E2,3 : View,TIMBERWOLF MINERALS LLC
https://okcountyrecords.com/detail/Blaine/2019-000225,0.3,Blaine,2019-01-15,2019-000225,Mineral Deed,1373,0168 - 0170,TIMBERWOLF MINERALS,CHERRY CREEK MINERALS LLC,S01 T13N R11W ROCK ISLAND ADDITION GEARY B6 L11-12,3 : View,TIMBERWOLF MINERALS LLC
https://okcountyrecords.com/detail/Grady/2019-000738,1.0,Grady,2019-01-15,2019-000738,Mineral Deed,5535,0278 - 0280,TIMBERWOLF MINERALS LLC,CHERRY CREEK MINERALS LLC,S31 T10N R7W,3 : View,TIMBERWOLF MINERALS LLC
