url,Rank,County,Recorded,Instrument,Type,Book,Page(s),Grantor,Grantee,Legal Description,Images,company
https://okcountyrecords.com/detail/Grady/2018-010523,1,Grady,2018-05-23,2018-010523,Mineral Deed,5425,0030 - 0033,"SPURLIN, RONALD J RONALD J SPURLIN & GUIDITTA K SPURLIN REVOCABLE T",TIMBERWOLF MINERALS LLC,S09 T7N R7W,4 : View,TIMBERWOLF MINERALS LLC
https://okcountyrecords.com/detail/Blaine/2018-003675,1,Blaine,2018-05-24,2018-003675,Mineral Deed,1341,0034 - 0037,"EPPS, JACK DALLAS EPPS, DWIGHT EPPS, GALE EPPS, GAYLEY 4 more…",TIMBERWOLF MINERALS LLC,S8 T17N R10W NE S21 T15N R10W NW,4 : View,TIMBERWOLF MINERALS LLC
https://okcountyrecords.com/detail/Blaine/2018-003676,1,Blaine,2018-05-24,2018-003676,Mineral Deed,1341,0038 - 0040,"MACAULAY, DOUGLAS C.",TIMBERWOLF MINERALS LLC,S13 T13N R12W SE,3 : View,TIMBERWOLF MINERALS LLC
https://okcountyrecords.com/detail/Blaine/2018-003677,1,Blaine,2018-05-24,2018-003677,Mineral Deed,1341,0041 - 0043,"WILLS, ARDITH JANE WILLS, ARMEL LEON",TIMBERWOLF MINERALS LLC,S20 T14N R11W N2 NW,3 : View,TIMBERWOLF MINERALS LLC
https://okcountyrecords.com/detail/Blaine/2018-003678,1,Blaine,2018-05-24,2018-003678,Mineral Deed,1341,0044 - 0046,"BUZZARD, CATHY LYNN",TIMBERWOLF MINERALS LLC,S14 T14N R11W SW,3 : View,TIMBERWOLF MINERALS LLC
https://okcountyrecords.com/detail/Grady/2018-010837,3,Grady,2018-05-29,2018-010837,Mineral Deed,5426,0597 - 0599,TIMBERWOLF MINERALS LLC,CHERRY CREEK MINERALS LLC,S24 T8N R7W,3 : View,TIMBERWOLF MINERALS LLC
https://okcountyrecords.com/detail/Grady/2018-010836,1,Grady,2018-05-29,2018-010836,Mineral Deed,5426,0594 - 0596,TIMBERWOLF MINERALS LLC,CHERRY CREEK MINERALS LLC,S24 T8N R7W,3 : View,TIMBERWOLF MINERALS LLC
https://okcountyrecords.com/detail/Grady/2018-010835,3,Grady,2018-05-29,2018-010835,Mineral Deed,5426,0591 - 0593,TIMBERWOLF MINERALS LLC,CHERRY CREEK MINERALS LLC,S17 T10N R8W,3 : View,TIMBERWOLF MINERALS LLC
https://okcountyrecords.com/detail/Grady/2018-010834,3,Grady,2018-05-29,2018-010834,Mineral Deed,5426,0588 - 0590,TIMBERWOLF MINERALS LLC,CHERRY CREEK MINERALS LLC,S12 T6N R6W S30 T7N R6W,3 : View,TIMBERWOLF MINERALS LLC
https://okcountyrecords.com/detail/Grady/2018-010833,3,Grady,2018-05-29,2018-010833,Mineral Deed,5426,0585 - 0587,TIMBERWOLF MINERALS LLC,CHERRY CREEK MINERALS LLC,S13 T6N R7W,3 : View,TIMBERWOLF MINERALS LLC
https://okcountyrecords.com/detail/Grady/2018-010832,1,Grady,2018-05-29,2018-010832,Mineral Deed,5426,0582 - 0584,TIMBERWOLF MINERALS LLC,CHERRY CREEK MINERALS LLC,S09 T7N R7W,3 : View,TIMBERWOLF MINERALS LLC
https://okcountyrecords.com/detail/Garvin/2018-004592,3,Garvin,2018-05-29,2018-004592,MINERAL DEED,2223,0333 - 0335,TIMBERWOLF MINERALS LLC,CHERRY CREEK MINERALS LLC,S21 T2N R3W S2 NW SE S21 T2N R3W W2 SW SE 4 more…,3 : View,TIMBERWOLF MINERALS LLC
https://okcountyrecords.com/detail/Garvin/2018-004593,3,Garvin,2018-05-29,2018-004593,MINERAL DEED,2223,0336 - 0338,TIMBERWOLF MINERALS LLC,CHERRY CREEK MINERALS LLC,S7 T4N R4W L3---NE S7 T4N R4W N2 NE SW 4 more…,3 : View,TIMBERWOLF MINERALS LLC
https://okcountyrecords.com/detail/Garvin/2018-004594,3,Garvin,2018-05-29,2018-004594,MINERAL DEED,2223,0339 - 0341,TIMBERWOLF MINERALS LLC,CHERRY CREEK MINERALS LLC,S7 T4N R4W L3---NE S7 T4N R4W N2 NE SW 4 more…,3 : View,TIMBERWOLF MINERALS LLC
https://okcountyrecords.com/detail/Garvin/2018-004591,3,Garvin,2018-05-29,2018-004591,MINERAL DEED,2223,0330 - 0332,TIMBERWOLF MINERALS LLC,CHERRY CREEK MINERALS LLC,S7 T4N R4W L3---NE S7 T4N R4W N2 NE SW 4 more…,3 : View,TIMBERWOLF MINERALS LLC
