url,Rank,County,Recorded,Instrument,Type,Book,Page(s),Grantor,Grantee,Legal Description,Images,company
https://okcountyrecords.com/detail/Kingfisher/2018-009383,1,Kingfisher,2018-09-26,2018-009383,MINERAL DEED,3169,0434 - 0436,"JIRK, JOHN S.","TIMBERWOLF MINERALS, LLC",S24 T16N R06W NE,3 : View,TIMBERWOLF MINERALS LLC
https://okcountyrecords.com/detail/Kingfisher/2018-009384,1,Kingfisher,2018-09-26,2018-009384,MINERAL DEED,3169,0437 - 0439,"GOODPASTURE, PATRICIA","TIMBERWOLF MINERALS, LLC",S24 T16N R06W E2 SW S24 T16N R06W SE,3 : View,TIMBERWOLF MINERALS LLC
https://okcountyrecords.com/detail/Kingfisher/2018-009385,1,Kingfisher,2018-09-26,2018-009385,MINERAL DEED,3169,0440 - 0442,"HAY, SUE","TIMBERWOLF MINERALS, LLC",S24 T16N R06W E2 SW S24 T16N R06W SE,3 : View,TIMBERWOLF MINERALS LLC
https://okcountyrecords.com/detail/Kingfisher/2018-009386,1,Kingfisher,2018-09-26,2018-009386,MINERAL DEED,3169,0443 - 0445,"JIRIK, EVELYN","TIMBERWOLF MINERALS, LLC",S24 T16N R06W E2 SW S24 T16N R06W SE,3 : View,TIMBERWOLF MINERALS LLC
https://okcountyrecords.com/detail/Kingfisher/2018-009387,1,Kingfisher,2018-09-26,2018-009387,MINERAL DEED,3169,0446 - 0448,"JURIK, JOHN S.","TIMBERWOLF MINERALS, LLC",S24 T16N R06W E2 SW S24 T16N R06W SE,3 : View,TIMBERWOLF MINERALS LLC
https://okcountyrecords.com/detail/Kingfisher/2018-009388,1,Kingfisher,2018-09-26,2018-009388,MINERAL DEED,3169,0449 - 0451,"HAY, SUE","TIMBERWOLF MINERALS, LLC",S24 T16N R06W NE,3 : View,TIMBERWOLF MINERALS LLC
https://okcountyrecords.com/detail/Kingfisher/2018-009389,1,Kingfisher,2018-09-26,2018-009389,MINERAL DEED,3169,0452 - 0454,"JIRIK, EVELYN","TIMBERWOLF MINERALS, LLC",S24 T16N R06W NE,3 : View,TIMBERWOLF MINERALS LLC
https://okcountyrecords.com/detail/Grady/2018-018839,1,Grady,2018-09-27,2018-018839,Mineral Deed,5487,0046 - 0048,"GAMBLE, JANINE C DAVID SHULER GAMBLE FAMILY TRUSTT",TIMBERWOLF MINERALS LLC,S13 T4N R6W,3 : View,TIMBERWOLF MINERALS LLC
https://okcountyrecords.com/detail/Kingfisher/2018-009412,1,Kingfisher,2018-09-27,2018-009412,MINERAL DEED,3169,0537 - 0539,"KING, JANICE","TIMBERWOLF MINERALS, LLC",S24 T16N R06W NE,3 : View,TIMBERWOLF MINERALS LLC
https://okcountyrecords.com/detail/Kingfisher/2018-009413,1,Kingfisher,2018-09-27,2018-009413,MINERAL DEED,3169,0540 - 0542,"KING, JANICE","TIMBERWOLF MINERALS, LLC",S24 T16N R06W E2 SW S24 T16N R06W SE,3 : View,TIMBERWOLF MINERALS LLC
https://okcountyrecords.com/detail/Kingfisher/2018-009414,1,Kingfisher,2018-09-27,2018-009414,MINERAL DEED,3169,0543 - 0545,"HUNT, MARY ANN","TIMBERWOLF MINERALS, LLC",S24 T16N R06W NE,3 : View,TIMBERWOLF MINERALS LLC
https://okcountyrecords.com/detail/Kingfisher/2018-009415,1,Kingfisher,2018-09-27,2018-009415,MINERAL DEED,3169,0546 - 0548,"HUNT, MARY ANN","TIMBERWOLF MINERALS, LLC",S24 T16N R06W E2 SW S24 T16N R06W SE,3 : View,TIMBERWOLF MINERALS LLC
https://okcountyrecords.com/detail/Kingfisher/2018-009416,1,Kingfisher,2018-09-27,2018-009416,MINERAL DEED,3169,0549 - 0551,"VENTREES, ROSE MARGARET","TIMBERWOLF MINERALS, LLC",S24 T16N R06W E2 SW S24 T16N R06W SE,3 : View,TIMBERWOLF MINERALS LLC
https://okcountyrecords.com/detail/Kingfisher/2018-009418,1,Kingfisher,2018-09-27,2018-009418,MINERAL DEED,3169,0555 - 0557,"JIRIK, CHARLES J.","TIMBERWOLF MINERALS, LLC",S24 T16N R06W NE,3 : View,TIMBERWOLF MINERALS LLC
https://okcountyrecords.com/detail/Kingfisher/2018-009417,1,Kingfisher,2018-09-27,2018-009417,MINERAL DEED,3169,0552 - 0554,"JIRIK, CHARLES J.","TIMBERWOLF MINERALS, LLC",S24 T16N R06W E2 SW S24 T16N R06W SE,3 : View,TIMBERWOLF MINERALS LLC
