url,Rank,County,Recorded,Instrument,Type,Book,Page(s),Grantor,Grantee,Legal Description,Images,company
https://okcountyrecords.com/detail/Blaine/2017-009688,1,Blaine,2017-10-18,2017-009688,Mineral Deed,1308,0109 - 0111,"TIMBERWOLF MINERAL, LLC WILLIAMS, CHASE Z. MANAGER","LONGPOINT MINERALS, LLC",S10 T15N R13W SW,3 : View,TIMBERWOLF MINERALS LLC
https://okcountyrecords.com/detail/Blaine/2017-009689,1,Blaine,2017-10-18,2017-009689,Mineral Deed,1308,0112 - 0114,"TIMBERWOLF MINERAL, LLC WILLIAMS, CHASE Z. MANAGER","LONGPOINT MINERALS, LLC",S02 T13N R11W E2 SW S22 T15N R11W N2 NW 5 more…,3 : View,TIMBERWOLF MINERALS LLC
https://okcountyrecords.com/detail/Blaine/2017-009690,1,Blaine,2017-10-18,2017-009690,Mineral Deed,1308,0115 - 0117,"TIMBERWOLF MINERAL, LLC WILLIAMS, CHASE Z. MANAGER","LONGPOINT MINERALS, LLC",S14 T15N R12W E2 SE,3 : View,TIMBERWOLF MINERALS LLC
https://okcountyrecords.com/detail/Blaine/2017-009691,3,Blaine,2017-10-18,2017-009691,Mineral Deed,1308,0118 - 0120,"TIMBERWOLF MINERAL, LLC WILLIAMS, CHASE Z. MANAGER","LONGPOINT MINERALS, LLC",S10 T15N R13W SW,3 : View,TIMBERWOLF MINERALS LLC
https://okcountyrecords.com/detail/Blaine/2017-009720,1,Blaine,2017-10-18,2017-009720,Mineral Deed,1308,0201 - 0203,"WRIGHT, MICHAEL ANDREW",TIMBERWOLF MINERALS LLC,S26 T15N R10W W2,3 : View,TIMBERWOLF MINERALS LLC
https://okcountyrecords.com/detail/Blaine/2017-009721,1,Blaine,2017-10-18,2017-009721,Mineral Deed,1308,0204 - 0206,"SHRADER, SHELLEY",TIMBERWOLF MINERALS LLC,S33 T17N R11W W2,3 : View,TIMBERWOLF MINERALS LLC
https://okcountyrecords.com/detail/Kingfisher/2017-011592,1,Kingfisher,2017-10-19,2017-011592,MINERAL DEED,3067,0508 - 0510,"TIMBERWOLF MINERALS, LLC","LONGPOINT MINERALS, LLC",S16 T17N R09W SW,3 : View,TIMBERWOLF MINERALS LLC
https://okcountyrecords.com/detail/Kingfisher/2017-011593,1,Kingfisher,2017-10-19,2017-011593,MINERAL DEED,3067,0511 - 0513,"TIMBERWOLF MINERALS, LLC","LONGPOINT MINERALS, LLC",S04 T15N R06W SW,3 : View,TIMBERWOLF MINERALS LLC
https://okcountyrecords.com/detail/Grady/2017-023784,2,Grady,2017-10-19,2017-023784,Mineral Deed,5313,0053 - 0055,B&G RESOURCES LLC,TIMBERWOLF MINERALS LLC,S09 T8N R6W,3 : View,TIMBERWOLF MINERALS LLC
https://okcountyrecords.com/detail/Grady/2017-023783,1,Grady,2017-10-19,2017-023783,Mineral Deed,5313,0050 - 0052,"PEARSON, DOUGLAS WAYNE",TIMBERWOLF MINERALS LLC,S05 T6N R5W,3 : View,TIMBERWOLF MINERALS LLC
https://okcountyrecords.com/detail/Grady/2017-023782,1,Grady,2017-10-19,2017-023782,Mineral Deed,5313,0047 - 0049,"LORENZEN, BARBARA J ROBERT W LORENZEN & BARBARA J LORENZEN REVOCABLE",TIMBERWOLF MINERALS LLC,S17 T10N R8W,3 : View,TIMBERWOLF MINERALS LLC
https://okcountyrecords.com/detail/Blaine/2017-009860,1,Blaine,2017-10-23,2017-009860,Mineral Deed,1309,0067 - 0069,"CORRINGAN, DENNIS D",TIMBERWOLF MINERALS LLC,S11 T16N R12W NE SE,3 : View,TIMBERWOLF MINERALS LLC
https://okcountyrecords.com/detail/Custer/2017-007456,1,Custer,2017-10-26,2017-007456,Mineral Deed,1776,0348 - 0350,"COMBS, KYNSEE JO HAMAR",TIMBERWOLF MINERALS LLC,S33 T15N R14W NW Containing 160 Acre(s) (more or less),3 : View,TIMBERWOLF MINERALS LLC
https://okcountyrecords.com/detail/Kingfisher/2017-011908,1,Kingfisher,2017-10-26,2017-011908,MINERAL DEED,3070,0383 - 0385,"LEMKE, GAYLA L.","TIMBERWOLF MINERALS, LLC",S24 T15N R07W SE,3 : View,TIMBERWOLF MINERALS LLC
https://okcountyrecords.com/detail/Kingfisher/2017-011909,1,Kingfisher,2017-10-26,2017-011909,MINERAL DEED,3070,0386 - 0388,"CONLEY, PATRICK BENJAMIN","TIMBERWOLF MINERALS, LLC","S02 T15N R09W SE S02 T15N R09W S2 NE L1,2 5 more…",3 : View,TIMBERWOLF MINERALS LLC
