url,Rank,County,Recorded,Instrument,Type,Book,Page(s),Grantor,Grantee,Legal Description,Images,company
https://okcountyrecords.com/detail/Blaine/2018-001169,1,Blaine,2018-02-16,2018-001169,Mineral Deed,1326,0582 - 0584,"LAMBERT, LANA RISING",TIMBERWOLF MINERALS LLC,S30 T15N R13W NE,3 : View,TIMBERWOLF MINERALS LLC
https://okcountyrecords.com/detail/Blaine/2018-001170,1,Blaine,2018-02-16,2018-001170,Mineral Deed,1326,0585 - 0587,"RISING, KENT B., TRUSTEE THE RISING WARREN FAMILY TRUST",TIMBERWOLF MINERALS LLC,S30 T15N R13W NE,3 : View,TIMBERWOLF MINERALS LLC
https://okcountyrecords.com/detail/Garvin/2018-001299,1,Garvin,2018-02-16,2018-001299,MINERAL DEED,2210,0691 - 0693,"OLINGHOUSE,STEPHEN",TIMBERWOLF MINERALS LLC,S21 T2N R3W S2 NW SE S21 T2N R3W W2 SW SE 5 more…,3 : View,TIMBERWOLF MINERALS LLC
https://okcountyrecords.com/detail/Custer/2018-000936,1,Custer,2018-02-16,2018-000936,Mineral Deed,1788,0253 - 0255,"STEWART, JOE J. II",TIMBERWOLF MINERALS LLC,S21 T15N R14W NE,3 : View,TIMBERWOLF MINERALS LLC
https://okcountyrecords.com/detail/Custer/2018-000937,1,Custer,2018-02-16,2018-000937,Mineral Deed,1788,0256 - 0258,"HOGAN, JEAN HOGAN, EMMA JEAN",TIMBERWOLF MINERALS LLC,S5 T15N R15W N2 SW S5 T15N R15W SW SW 1 more…,3 : View,TIMBERWOLF MINERALS LLC
https://okcountyrecords.com/detail/Kingfisher/2018-001808,1,Kingfisher,2018-02-20,2018-001808,MINERAL DEED,3105,0188 - 0190,"YOUNG, JAY SCOTT STEENBERGEN","TIMBERWOLF MINERALS, LLC",S27 T15N R07W NW,3 : View,TIMBERWOLF MINERALS LLC
https://okcountyrecords.com/detail/Kingfisher/2018-001809,1,Kingfisher,2018-02-20,2018-001809,MINERAL DEED,3105,0191 - 0193,"SHAW, PATTI ANN YOUNG","TIMBERWOLF MINERALS, LLC",S27 T15N R07W NW,3 : View,TIMBERWOLF MINERALS LLC
https://okcountyrecords.com/detail/Grady/2018-003593,2,Grady,2018-02-20,2018-003593,Memorandum Of Lease Extension,5378,0372,TIMBERWOLF MINERALS LLC,TIMBERWOLF ENERGY LLC,S24 T8N R7W,1 : View,TIMBERWOLF MINERALS LLC
https://okcountyrecords.com/detail/Grady/2018-003592,1,Grady,2018-02-20,2018-003592,Mineral Deed,5378,0369 - 0371,"HUDNALL, NANCY LEE HUDNALL, DELBERT EUGENE",TIMBERWOLF MINERALS LLC,S24 T8N R7W,3 : View,TIMBERWOLF MINERALS LLC
https://okcountyrecords.com/detail/Grady/2018-003591,1,Grady,2018-02-20,2018-003591,Mineral Deed,5378,0366 - 0368,"ASHLEY, TERRINE ANN ASHLEY, TAL",TIMBERWOLF MINERALS LLC,S24 T8N R7W,3 : View,TIMBERWOLF MINERALS LLC
https://okcountyrecords.com/detail/Kingfisher/2018-002037,1,Kingfisher,2018-02-26,2018-002037,MINERAL DEED,3108,0207 - 0210,"KENNEDY, LEAH M. KENNEDY, MICHAEL","TIMBERWOLF MINERALS, LLC",S28 T15N R09W NE S28 T15N R09W S2 3 more…,4 : View,TIMBERWOLF MINERALS LLC
https://okcountyrecords.com/detail/Blaine/2018-001382,1,Blaine,2018-02-26,2018-001382,Mineral Deed,1327,0654 - 0656,"CRABTREE, RITA KAY",TIMBERWOLF MINERALS LLC,S18 T13N R11W NE,3 : View,TIMBERWOLF MINERALS LLC
https://okcountyrecords.com/detail/McClain/2018-003028,1,McClain,2018-02-26,2018-003028,Mineral Deed,2446,0240 - 0242,"DILBECK, STEVEN WAYNE",TIMBERWOLF MINERALS LLC,33 7N4W,3 : View,TIMBERWOLF MINERALS LLC
https://okcountyrecords.com/detail/McClain/2018-003029,1,McClain,2018-02-26,2018-003029,Mineral Deed,2446,0243 - 0245,"DILBECK, RONALD DEAN",TIMBERWOLF MINERALS LLC,33 7N4W,3 : View,TIMBERWOLF MINERALS LLC
https://okcountyrecords.com/detail/McClain/2018-003030,1,McClain,2018-02-26,2018-003030,Mineral Deed,2446,0246 - 0248,"DILBECK, ANTHONY MARK",TIMBERWOLF MINERALS LLC,33 7N4W,3 : View,TIMBERWOLF MINERALS LLC
