url,Rank,County,Recorded,Instrument,Type,Book,Page(s),Grantor,Grantee,Legal Description,Images,company
https://okcountyrecords.com/detail/Kingfisher/2021-006130,2,Kingfisher,2021-12-13,2021-006130,MINERAL DEED,3407,0572 - 0574,"TIMBERWOLF MINERALS, LLC","ECKARD LAND & ACQUISITION, LLC",S32 T17N R07W E2,3 : View,TIMBERWOLF MINERALS LLC
https://okcountyrecords.com/detail/Kingfisher/2021-006131,2,Kingfisher,2021-12-13,2021-006131,MINERAL DEED,3407,0575 - 0577,"TIMBERWOLF MINERALS, LLC","ECKARD LAND & ACQUISITION, LLC",S32 T17N R07W E2,3 : View,TIMBERWOLF MINERALS LLC
https://okcountyrecords.com/detail/Custer/2021-005924,1,Custer,2021-12-13,2021-005924,Mineral Deed,1952,0527 - 0529,TIMBERWOLF MINERALS LLC,ECKARD LAND & ACQUISITION LLC,S1 T15N R14W S2 NE L1 S1 T15N R14W S2 NE L2,3 : View,TIMBERWOLF MINERALS LLC
https://okcountyrecords.com/detail/Garvin/2021-008929,1,Garvin,2021-12-15,2021-008929,MINERAL DEED,2371,0241 - 0243,TIMBERWOLF MINERALS LLC,ECKARD LAND & ACQUISITION,S21 T2N R3W N2 NW SE S21 T2N R3W E2 SE 2 more…,3 : View,TIMBERWOLF MINERALS LLC
https://okcountyrecords.com/detail/Kingfisher/2021-006196,2,Kingfisher,2021-12-15,2021-006196,MINERAL DEED,3408,0189 - 0191,"TIMBERWOLF MINERALS, LLC","ECKARD LAND & ACQUISITION, LLC",S21 T15N R07W E2 NE S22 T16N R06W W2 SE,3 : View,TIMBERWOLF MINERALS LLC
https://okcountyrecords.com/detail/Grady/2021-017288,2,Grady,2021-12-15,2021-017288,Mineral Deed,5965,0256 - 0258,TIMBERWOLF MINERALS LLC,ECKARD LAND & ACQUISITION LLC,S15 T4N R7W,3 : View,TIMBERWOLF MINERALS LLC
https://okcountyrecords.com/detail/Comanche/2021-023322,1,Comanche,2021-12-15,2021-023322,Mineral Deed,8955,0192 - 0194,TIMBERWOLF MINERALS LLC,ECKARD LAND & ACQUISITION LLC,S15 T4N R09W NW NE,3 : View,TIMBERWOLF MINERALS LLC
https://okcountyrecords.com/detail/Custer/2021-005974,2,Custer,2021-12-16,2021-005974,Mineral Deed,1952,0759 - 0761,"TIMBERWOLF MINERALS, LLC","ECKARD LAND & ACQUISITION, LLC",S1 T15N R14W S2 NE L1 S1 T15N R14W S2 NE L2,3 : View,TIMBERWOLF MINERALS LLC
https://okcountyrecords.com/detail/McClain/2021-016579,1,McClain,2021-12-20,2021-016579,Mineral Deed,2751,0160 - 0162,TIMBERWOLF MINERALS LLC,ECKARD LAND & ACQUISITION LLC,15 6N4W,3 : View,TIMBERWOLF MINERALS LLC
https://okcountyrecords.com/detail/McClain/2021-016580,1,McClain,2021-12-20,2021-016580,Mineral Deed,2751,0163 - 0165,TIMBERWOLF MINERALS LLC,ECKARD LAND & ACQUISITION LLC,15 6N4W,3 : View,TIMBERWOLF MINERALS LLC
https://okcountyrecords.com/detail/McClain/2021-016817,2,McClain,2021-12-28,2021-016817,Mineral Deed,2752,0334 - 0336,TIMBERWOLF MINERALS LLC,ECKARD LAND & ACQUISITION LLC,20 6N4W,3 : View,TIMBERWOLF MINERALS LLC
https://okcountyrecords.com/detail/Blaine/2021-003766,1,Blaine,2021-12-29,2021-003766,Mineral Deed,1485,0543 - 0545,TIMBERWOLF MINERALS LLC,OPUS MINERALS LLC,S01 T14N R13W SE NW,3 : View,TIMBERWOLF MINERALS LLC
https://okcountyrecords.com/detail/Kingfisher/2022-000346,3,Kingfisher,2022-01-18,2022-000346,MINERAL QCD,3419,0506 - 0507,"TIMBERWOLF MINERALS, LLC","SCOUT MINERALS, LLC","S24 T17N R07W SW NW L6,7 S13 T17N R07W L4",2 : View,TIMBERWOLF MINERALS LLC
https://okcountyrecords.com/detail/Grady/2022-001042,3,Grady,2022-01-24,2022-001042,Mineral Deed,5980,0011 - 0013,"TIMBERWOLF MINERALS, LLC","LONEWOLF MINERALS, LLC",S35 T5N R6W,3 : View,TIMBERWOLF MINERALS LLC
https://okcountyrecords.com/detail/Kingfisher/2022-000749,1,Kingfisher,2022-02-09,2022-000749,MINERAL DEED,3423,0319 - 0321,"TIMBERWOLF MINERALS, LLC","MONTAGE MINERALS, LLC",S20 T18N R05W S2,3 : View,TIMBERWOLF MINERALS LLC
