url,Rank,County,Recorded,Instrument,Type,Book,Page(s),Grantor,Grantee,Legal Description,Images,company
https://okcountyrecords.com/detail/Blaine/2019-002447,1,Blaine,2019-05-15,2019-002447,Mineral Deed,1387,0063 - 0065,"NORDQUIST, ROBERT E",TIMBERWOLF MINERALS LLC,S05 T16N R13W NE S05 T16N R13W S2 NW L3-4,3 : View,TIMBERWOLF MINERALS LLC
https://okcountyrecords.com/detail/Blaine/2019-002448,1,Blaine,2019-05-15,2019-002448,Mineral Deed,1387,0066 - 0068,"PEARSON, MARY K",TIMBERWOLF MINERALS LLC,S01 T15N R11W SE,3 : View,TIMBERWOLF MINERALS LLC
https://okcountyrecords.com/detail/Kingfisher/2019-004223,3,Kingfisher,2019-05-17,2019-004223,MINERAL DEED,3229,0070 - 0072,"TIMBERWOLF MINERALS, LLC","CHERRY CREEK MINERALS, LLC",S27 T17N R08W NW,3 : View,TIMBERWOLF MINERALS LLC
https://okcountyrecords.com/detail/Kingfisher/2019-004224,3,Kingfisher,2019-05-17,2019-004224,MINERAL DEED,3229,0073 - 0075,"TIMBERWOLF MINERALS, LLC","CHERRY CREEK MINERALS, LLC",S27 T17N R08W NW,3 : View,TIMBERWOLF MINERALS LLC
https://okcountyrecords.com/detail/Kingfisher/2019-004225,3,Kingfisher,2019-05-17,2019-004225,MINERAL DEED,3229,0076 - 0078,"TIMBERWOLF MINERALS, LLC","CHERRY CREEK MINERALS, LLC",S10 T15N R07W S2 NW S10 T15N R07W N2 SW,3 : View,TIMBERWOLF MINERALS LLC
https://okcountyrecords.com/detail/Blaine/2019-002595,1,Blaine,2019-05-21,2019-002595,Mineral Deed,1388,0507 - 0509,"THE TEEL FAMILY TRUST TEEL, ROBERT H. JR.","TIMBERWOLF MINERALS, LLC",S04 T14N R11W SE NW L3,3 : View,TIMBERWOLF MINERALS LLC
https://okcountyrecords.com/detail/Blaine/2019-002596,1,Blaine,2019-05-21,2019-002596,Mineral Deed,1388,0510 - 0512,"TIMBERWOLF MINERALS, LLC WILLIAMS, CHASE Z. MANAGER","CHERRY CREEK MINERALS, LLC",,3 : View,TIMBERWOLF MINERALS LLC
https://okcountyrecords.com/detail/Blaine/2019-002612,1,Blaine,2019-05-22,2019-002612,Mineral Deed,1388,0573 - 0575,"BREWER, KENNETH RANDALL",TIMBERWOLF MINERALS LLC,S35 T16N R12W SW,3 : View,TIMBERWOLF MINERALS LLC
https://okcountyrecords.com/detail/Blaine/2019-002686,1,Blaine,2019-05-28,2019-002686,Mineral Deed,1389,0267 - 0269,"FISHER, NETTIE C",TIMBERWOLF MINERALS LLC,CITY OF WATONGA B52 L5 S19 T16N R11W,3 : View,TIMBERWOLF MINERALS LLC
https://okcountyrecords.com/detail/Blaine/2019-002845,1,Blaine,2019-06-04,2019-002845,Mineral Deed,1390,0344 - 0346,"SPAETH, JOHN A SPAETH, SHIRLEY J",TIMBERWOLF MINERALS LLC,S22 T17N R11W NE S22 T17N R11W N2 SE 2 more…,3 : View,TIMBERWOLF MINERALS LLC
https://okcountyrecords.com/detail/Blaine/2019-002846,3,Blaine,2019-06-04,2019-002846,Mineral Deed,1390,0347 - 0349,TIMBERWOLF MINERALS LLC,CHERRY CREEK MINERALS LLC,S35 T16N R12W SW,3 : View,TIMBERWOLF MINERALS LLC
https://okcountyrecords.com/detail/Blaine/2019-002847,3,Blaine,2019-06-04,2019-002847,Mineral Deed,1390,0350 - 0352,TIMBERWOLF MINERALS LLC,CHERRY CREEK MINERALS LLC,S19 T16N R11W CITY OF WATONGA B52 L5,3 : View,TIMBERWOLF MINERALS LLC
https://okcountyrecords.com/detail/Blaine/2019-002965,2,Blaine,2019-06-07,2019-002965,Mineral Deed,1391,0200 - 0203,"TIMBERWOLF MINERALS LLC WILLIAMS, CHASE Z. MANAGER",VENDERA MANAGEMENT III LLC,S02 T13N R12W S2 NW L3-4 S02 T13N R12W SW NE L2,4 : View,TIMBERWOLF MINERALS LLC
https://okcountyrecords.com/detail/Blaine/2019-002966,3,Blaine,2019-06-07,2019-002966,Mineral Deed,1391,0204 - 0206,TIMBERWOLF MINERALS LLC,CHERRY CREEK MINERALS LLC,S22 T17N R11W NE S22 T17N R11W N2 SE 2 more…,3 : View,TIMBERWOLF MINERALS LLC
https://okcountyrecords.com/detail/Blaine/2019-002967,1,Blaine,2019-06-07,2019-002967,Mineral Deed,1391,0207 - 0209,"RULE, FERN MARIE",TIMBERWOLF MINERALS LLC,S10 T15N R13W NW,3 : View,TIMBERWOLF MINERALS LLC
