url,Rank,County,Recorded,Instrument,Type,Book,Page(s),Grantor,Grantee,Legal Description,Images,company
https://okcountyrecords.com/detail/Blaine/2017-001279,1,Blaine,2017-02-09,2017-001279,Mineral Deed,1262,0154 - 0156,"PEASE, ELIZABETH JANE",TIMBERWOLF MINERALS LLC,S19 T14N R13W SE SE,3 : View,TIMBERWOLF MINERALS LLC
https://okcountyrecords.com/detail/Blaine/2017-001280,1,Blaine,2017-02-09,2017-001280,Mineral Deed,1262,0157 - 0159,"BYRON JR., ROBERT O",TIMBERWOLF MINERALS LLC,S24 T14N R12W SW S24 T14N R12W SW,3 : View,TIMBERWOLF MINERALS LLC
https://okcountyrecords.com/detail/Blaine/2017-001281,1,Blaine,2017-02-09,2017-001281,Mineral Deed,1262,0160 - 0162,"SWANSTROM, GAIL J.",TIMBERWOLF MINERALS LLC,S08 T14N R11W SW,3 : View,TIMBERWOLF MINERALS LLC
https://okcountyrecords.com/detail/Blaine/2017-001282,1,Blaine,2017-02-09,2017-001282,Mineral Deed,1262,0163 - 0165,"BURTON, ERNEST C",TIMBERWOLF MINERALS LLC,S19 T16N R11W TOWN OF WATONGA B30 L7-8 2 more…,3 : View,TIMBERWOLF MINERALS LLC
https://okcountyrecords.com/detail/Blaine/2017-001283,1,Blaine,2017-02-09,2017-001283,Mineral Deed,1262,0166 - 0168,"MATNEY, JENNIFER LOYALL",TIMBERWOLF MINERALS LLC,S26 T15N R10W SW,3 : View,TIMBERWOLF MINERALS LLC
https://okcountyrecords.com/detail/Blaine/2017-001369,1,Blaine,2017-02-10,2017-001369,Mineral Deed,1262,0436 - 0438,"COLE, RICHARD C COLE, RICHARD C",TIMBERWOLF MINERALS LLC,S19 T14N R13W SE SE S19 T14N R13W SE SE 2 more…,3 : View,TIMBERWOLF MINERALS LLC
https://okcountyrecords.com/detail/Blaine/2017-001370,1,Blaine,2017-02-10,2017-001370,Mineral Deed,1262,0439 - 0441,"COLE, WILLIAM L.",TIMBERWOLF MINERALS LLC,S19 T14N R13W SE SE S20 T14N R13W 6 more…,3 : View,TIMBERWOLF MINERALS LLC
https://okcountyrecords.com/detail/Kingfisher/2017-001666,1,Kingfisher,2017-02-13,2017-001666,MINERAL DEED,2982,0368 - 0370,MILLER FAMILY TRUST 2007,"TIMBERWOLF MINERALS, LLC",S13 T17N R09W NW S19 T17N R09W NE,3 : View,TIMBERWOLF MINERALS LLC
https://okcountyrecords.com/detail/Blaine/2017-001593,6,Blaine,2017-02-15,2017-001593,Mineral Deed,1263,0506 - 0508,TIMBERWOLF MINERALS LLC TIMBERWOLF MINERALS LLC,LONGPOINT MINERALS LLC,S19 T14N R13W SE SE S20 T14N R13W 4 more…,3 : View,TIMBERWOLF MINERALS LLC
https://okcountyrecords.com/detail/Blaine/2017-001593,6,Blaine,2017-02-15,2017-001593,Mineral Deed,1263,0506 - 0508,TIMBERWOLF MINERALS LLC TIMBERWOLF MINERALS LLC,LONGPOINT MINERALS LLC,S19 T14N R13W SE SE S20 T14N R13W 4 more…,3 : View,TIMBERWOLF MINERALS LLC
https://okcountyrecords.com/detail/Blaine/2017-001594,3,Blaine,2017-02-15,2017-001594,Mineral Deed,1263,0509 - 0511,TIMBERWOLF MINERALS LLC,LONGPOINT MINERALS LLC,S07 T16N R11W SE,3 : View,TIMBERWOLF MINERALS LLC
https://okcountyrecords.com/detail/Blaine/2017-001595,4,Blaine,2017-02-15,2017-001595,Mineral Deed,1263,0512 - 0514,TIMBERWOLF MINERALS LLC TIMBERWOLF MINERALS LLC,LONGPOINT MINERALS LLC,S19 T14N R13W SE SE S20 T14N R13W 4 more…,3 : View,TIMBERWOLF MINERALS LLC
https://okcountyrecords.com/detail/Blaine/2017-001596,3,Blaine,2017-02-15,2017-001596,Mineral Deed,1263,0515 - 0517,TIMBERWOLF MINERALS LLC,LONGPOINT MINERALS LLC,S06 T16N R11W SE NW L3-5 S06 T16N R11W SE NW L3-5,3 : View,TIMBERWOLF MINERALS LLC
https://okcountyrecords.com/detail/Blaine/2017-001597,1,Blaine,2017-02-15,2017-001597,Mineral Deed,1263,0518 - 0520,TIMBERWOLF MINERALS LLC,LONGPOINT MINERALS LLC,S17 T15N R12W,3 : View,TIMBERWOLF MINERALS LLC
https://okcountyrecords.com/detail/Blaine/2017-001598,1,Blaine,2017-02-15,2017-001598,Mineral Deed,1263,0521 - 0523,TIMBERWOLF MINERALS LLC,LONGPOINT MINERALS LLC,S17 T15N R12W,3 : View,TIMBERWOLF MINERALS LLC
