url,Rank,County,Recorded,Instrument,Type,Book,Page(s),Grantor,Grantee,Legal Description,Images,company
https://okcountyrecords.com/detail/Kingfisher/2020-004439,1,Kingfisher,2020-09-01,2020-004439,Assignment,3331,0500 - 0505,"LAMMERTS, ROBERT P. JR.","TIMBERWOLF MINERALS, LLC",S13 T16N R08W N2 S13 T16N R08W W2 SW 3 more…,6 : View,TIMBERWOLF MINERALS LLC
https://okcountyrecords.com/detail/Blaine/2020-002722,3,Blaine,2020-09-08,2020-002722,Notice Of Lis Pendens,1442,0254 - 0255,"HOOD, JANICE A., TRIUSTEE HOOD FAMILY TRUST HOOD, LOUIS RAY, TRUSTEE",BCF MINERALS LLC TIMBERWOLF MINERALS LLC LONGPOINT MINERALS LLC,S10 T14N R12W N2 NW,2 : View,TIMBERWOLF MINERALS LLC
https://okcountyrecords.com/detail/Garvin/2020-006111,2,Garvin,2020-09-09,2020-006111,MINERAL DEED,2320,0671 - 0673,TIMBERWOLF MINERALS LLC,ECKARD LAND & ACQUISITION LLC,S14 T2N R3W W2 SE SE S14 T2N R3W SE SE SE 11 more…,3 : View,TIMBERWOLF MINERALS LLC
https://okcountyrecords.com/detail/McClain/2020-009522,1,McClain,2020-09-10,2020-009522,Mineral Deed,2648,0487 - 0489,TIMBERWOLF MINERALS LLC,ECKARD LAND & ACQUISITION LLC,12 6N4W,3 : View,TIMBERWOLF MINERALS LLC
https://okcountyrecords.com/detail/Kingfisher/2020-004588,2,Kingfisher,2020-09-10,2020-004588,MINERAL DEED,3332,0511 - 0513,"TIMBERWOLF MINERALS, LLC","ECKARD LAND & ACQUISITION, LLC",S29 T15N R08W NW S36 T15N R09W NE,3 : View,TIMBERWOLF MINERALS LLC
https://okcountyrecords.com/detail/Kingfisher/2020-004589,2,Kingfisher,2020-09-10,2020-004589,MINERAL DEED,3332,0514 - 0516,"TIMBERWOLF MINERALS, LLC","ECKARD LAND & ACQUISITION, LLC",S20 T15N R08W SE,3 : View,TIMBERWOLF MINERALS LLC
https://okcountyrecords.com/detail/Kingfisher/2020-004590,2,Kingfisher,2020-09-10,2020-004590,MINERAL DEED,3332,0517 - 0519,"TIMBERWOLF MINERALS, LLC","ECKARD LAND & ACQUISITION, LLC",S8 T15N R08W E2 NW,3 : View,TIMBERWOLF MINERALS LLC
https://okcountyrecords.com/detail/Kingfisher/2020-004596,1,Kingfisher,2020-09-10,2020-004596,MINERAL DEED,3332,0543 - 0545,"KOOKEN, RALPH LEE KOOKEN, CAROL","TIMBERWOLF MINERALS, LLC",S27 T16N R08W N2 SE,3 : View,TIMBERWOLF MINERALS LLC
https://okcountyrecords.com/detail/Kingfisher/2020-004622,1,Kingfisher,2020-09-11,2020-004622,Assignment,3333,0043 - 0047,"TIMBERWOLF MINERALS, LLC","COMANCHE OIL AND GAS, INC.",S13 T16N R08W N2 S13 T16N R08W W2 SW 3 more…,5 : View,TIMBERWOLF MINERALS LLC
https://okcountyrecords.com/detail/Kingfisher/2020-004691,2,Kingfisher,2020-09-14,2020-004691,MINERAL DEED,3333,0531 - 0533,"TIMBERWOLF MINERALS, LLC","ECKARD LAND & ACQUISITION, LLC",S27 T16N R08W N2 SE,3 : View,TIMBERWOLF MINERALS LLC
https://okcountyrecords.com/detail/Garvin/2020-006431,1,Garvin,2020-09-22,2020-006431,MINERAL DEED,2321,0802 - 0804,"COLLINS,ROGER",TIMBERWOLF MINERALS LLC,FOSTER B10 L1 S26 T2N R3W NE NE NE SW Partial,3 : View,TIMBERWOLF MINERALS LLC
https://okcountyrecords.com/detail/Kingfisher/2020-004990,1,Kingfisher,2020-10-01,2020-004990,Assignment,3336,0104 - 0108,"TIMBERWOLF MINERALS, LLC",COMANCHE OIL AND GAS,S27 T16N R08W N2 NW S27 T16N R08W S2 NW,5 : View,TIMBERWOLF MINERALS LLC
https://okcountyrecords.com/detail/Garvin/2020-006893,1,Garvin,2020-10-09,2020-006893,MINERAL DEED,2323,0715 - 0717,"FREEZE,CAROLYN GRISSOM,CAROLYN",TIMBERWOLF MINERALS LLC,S23 T2N R3W SE SE,3 : View,TIMBERWOLF MINERALS LLC
https://okcountyrecords.com/detail/Kingfisher/2020-005132,1,Kingfisher,2020-10-09,2020-005132,MINERAL DEED,3337,0109 - 0111,"MOONSHADOW MINERALS, LLC","TIMBERWOLF MINERALS, LLC","S1 T16N R08W S2 NE L1,2",3 : View,TIMBERWOLF MINERALS LLC
https://okcountyrecords.com/detail/Grady/2020-013090,1,Grady,2020-10-22,2020-013090,Mineral Deed,5792,0400 - 0402,"BOLDING, CATHEY GRISSOM",TIMBERWOLF MINERALS LLC,S20 T10N R6W,3 : View,TIMBERWOLF MINERALS LLC
