url,Rank,County,Recorded,Instrument,Type,Book,Page(s),Grantor,Grantee,Legal Description,Images,company
https://okcountyrecords.com/detail/Blaine/2018-003043,1,Blaine,2018-05-01,2018-003043,Mineral Deed,1337,0223 - 0225,TIMBERWOLF MINERALS LLC,CHERRY CREEK MINERALS LLC,S01 T13N R11W SW,3 : View,TIMBERWOLF MINERALS LLC
https://okcountyrecords.com/detail/Blaine/2018-003044,3,Blaine,2018-05-01,2018-003044,Mineral Deed,1337,0226 - 0228,TIMBERWOLF MINERALS LLC,CHERRY CREEK MINERALS LLC,S27 T15N R11W E2 NE L3 S27 T15N R11W NW NE,3 : View,TIMBERWOLF MINERALS LLC
https://okcountyrecords.com/detail/Blaine/2018-003045,3,Blaine,2018-05-01,2018-003045,Mineral Deed,1337,0229 - 0231,TIMBERWOLF MINERALS LLC,CHERRY CREEK MINERALS LLC,S35 T15N R12W NW,3 : View,TIMBERWOLF MINERALS LLC
https://okcountyrecords.com/detail/Blaine/2018-003046,1,Blaine,2018-05-01,2018-003046,Mineral Deed,1337,0232 - 0234,TIMBERWOLF MINERALS LLC,CHERRY CREEK MINERALS LLC,S08 T15N R13W W2 NW S08 T15N R13W N2 SW,3 : View,TIMBERWOLF MINERALS LLC
https://okcountyrecords.com/detail/Blaine/2018-003047,1,Blaine,2018-05-01,2018-003047,Mineral Deed,1337,0235 - 0237,TIMBERWOLF MINERALS LLC,CHERRY CREEK MINERALS LLC,S08 T15N R13W S2 SW,3 : View,TIMBERWOLF MINERALS LLC
https://okcountyrecords.com/detail/Blaine/2018-003048,1,Blaine,2018-05-01,2018-003048,Mineral Deed,1337,0238 - 0240,TIMBERWOLF MINERALS LLC,CHERRY CREEK MINERALS LLC,S08 T15N R13W W2 NW S08 T15N R13W SW,3 : View,TIMBERWOLF MINERALS LLC
https://okcountyrecords.com/detail/Blaine/2018-003049,3,Blaine,2018-05-01,2018-003049,Mineral Deed,1337,0241 - 0243,TIMBERWOLF MINERALS LLC,CHERRY CREEK MINERALS LLC,S02 T13N R13W S2 NE L1-2 S02 T13N R13W NE SE,3 : View,TIMBERWOLF MINERALS LLC
https://okcountyrecords.com/detail/Blaine/2018-003050,3,Blaine,2018-05-01,2018-003050,Mineral Deed,1337,0244 - 0246,TIMBERWOLF MINERALS LLC,CHERRY CREEK MINERALS LLC,S10 T13N R11W SW,3 : View,TIMBERWOLF MINERALS LLC
https://okcountyrecords.com/detail/Blaine/2018-003051,1,Blaine,2018-05-01,2018-003051,Mineral Deed,1337,0247 - 0249,TIMBERWOLF MINERALS LLC,CHERRY CREEK MINERALS LLC,S10 T13N R11W SW,3 : View,TIMBERWOLF MINERALS LLC
https://okcountyrecords.com/detail/Blaine/2018-003052,1,Blaine,2018-05-01,2018-003052,Mineral Deed,1337,0250 - 0252,TIMBERWOLF MINERALS LLC,CHERRY CREEK MINERALS LLC,S18 T15N R12W SE SW L4,3 : View,TIMBERWOLF MINERALS LLC
https://okcountyrecords.com/detail/Blaine/2018-003053,1,Blaine,2018-05-01,2018-003053,Mineral Deed,1337,0253 - 0255,TIMBERWOLF MINERALS LLC,CHERRY CREEK MINERALS LLC,S17 T14N R13W N2 SW,3 : View,TIMBERWOLF MINERALS LLC
https://okcountyrecords.com/detail/Blaine/2018-003054,1,Blaine,2018-05-01,2018-003054,Mineral Deed,1337,0256 - 0258,TIMBERWOLF MINERALS LLC,CHERRY CREEK MINERALS LLC,S19 T16N R11W TOWN OF WATONGA B22 L1-24 Partial,3 : View,TIMBERWOLF MINERALS LLC
https://okcountyrecords.com/detail/Blaine/2018-003055,1,Blaine,2018-05-01,2018-003055,Mineral Deed,1337,0259 - 0261,TIMBERWOLF MINERALS LLC,CHERRY CREEK MINERALS LLC,S26 T15N R10W SW,3 : View,TIMBERWOLF MINERALS LLC
https://okcountyrecords.com/detail/Blaine/2018-003056,1,Blaine,2018-05-01,2018-003056,Mineral Deed,1337,0262 - 0264,TIMBERWOLF MINERALS LLC,CHERRY CREEK MINERALS LLC,S32 T15N R12W NW,3 : View,TIMBERWOLF MINERALS LLC
https://okcountyrecords.com/detail/Blaine/2018-003057,1,Blaine,2018-05-01,2018-003057,Mineral Deed,1337,0265 - 0267,TIMBERWOLF MINERALS LLC,CHERRY CREEK MINERALS LLC,S27 T15N R11W E2 NE S27 T15N R11W NW NE 1 more…,3 : View,TIMBERWOLF MINERALS LLC
