url,Rank,County,Recorded,Instrument,Type,Book,Page(s),Grantor,Grantee,Legal Description,Images,company
https://okcountyrecords.com/detail/Kingfisher/2017-001253,3,Kingfisher,2017-02-01,2017-001253,MINERAL DEED,2979,0250 - 0252,"TIMBERWOLF MINERALS, LLC","LONGPOINT MINERALS, LLC",S21 T19N R08W NE,3 : View,TIMBERWOLF MINERALS LLC
https://okcountyrecords.com/detail/Kingfisher/2017-001254,1,Kingfisher,2017-02-01,2017-001254,MINERAL DEED,2979,0253 - 0255,WAKEFIELD REVOCABLE LIVING TRUST,"TIMBERWOLF MINERALS, LLC",S27 T17N R08W SE,3 : View,TIMBERWOLF MINERALS LLC
https://okcountyrecords.com/detail/Kingfisher/2017-001255,1,Kingfisher,2017-02-01,2017-001255,MINERAL DEED,2979,0256 - 0258,"SIMMONS, TIM E","TIMBERWOLF MINERALS, LLC",S13 T16N R09W SW,3 : View,TIMBERWOLF MINERALS LLC
https://okcountyrecords.com/detail/Blaine/2017-000863,1,Blaine,2017-02-01,2017-000863,Mineral Deed,1259,0456 - 0458,"CHARLES B. & ANNA M. BRANTLEY TRUST CHARLES B. & ANNA M. BRANTLEY TRUST BRANTLEY, CHARLES B. TRUSTEE BRANTLEY, CHARLES B. TRUSTEE",TIMBERWOLF MINERALS LLC,S27 T14N R11W NW,3 : View,TIMBERWOLF MINERALS LLC
https://okcountyrecords.com/detail/Blaine/2017-000864,1,Blaine,2017-02-01,2017-000864,Mineral Deed,1259,0459 - 0461,"TIMBERWOLF MINERALS, LLC WILLIAMS, CHASE Z. MANAGER","LONGPOINT MINERALS, LLC",S08 T15N R13W A,3 : View,TIMBERWOLF MINERALS LLC
https://okcountyrecords.com/detail/Blaine/2017-000865,1,Blaine,2017-02-01,2017-000865,Mineral Deed,1259,0462 - 0464,"SEYLER, EDWARD W. SEYLER, EDWARD W.","TIMBERWOLF MINERALS, LLC",S08 T14N R11W SW,3 : View,TIMBERWOLF MINERALS LLC
https://okcountyrecords.com/detail/Blaine/2017-000866,1,Blaine,2017-02-01,2017-000866,Mineral Deed,1259,0465 - 0467,"TIMBERWOLF MINERALS, LLC WILLIAMS, CHASE Z. MANAGER WILLIAMS, CHASE Z. MANAGER","LONGPOINT MINERALS, LLC",S35 T14N R11W NE,3 : View,TIMBERWOLF MINERALS LLC
https://okcountyrecords.com/detail/Blaine/2017-000867,1,Blaine,2017-02-01,2017-000867,Mineral Deed,1259,0468 - 0470,"TIMBERWOLF MINERALS, LLC WILLIAMS, CHASE Z. MANAGER","LONGPOINT MINERALS, LLC",S18 T15N R10W A,3 : View,TIMBERWOLF MINERALS LLC
https://okcountyrecords.com/detail/Blaine/2017-000868,1,Blaine,2017-02-01,2017-000868,Mineral Deed,1259,0471 - 0473,"TIMBERWOLF MINERALS, LLC WILLIAMS, CHASE Z. MANAGER","LONGPOINT MINERALS, LLC",S26 T14N R11W N2 NW S35 T14N R11W NW,3 : View,TIMBERWOLF MINERALS LLC
https://okcountyrecords.com/detail/Blaine/2017-000869,3,Blaine,2017-02-01,2017-000869,Mineral Deed,1259,0474 - 0476,"TIMBERWOLF MINERALS, LLC WILLIAMS, CHASE Z. MANAGER","LONGPOINT MINERALS, LLC",S27 T14N R11W NW,3 : View,TIMBERWOLF MINERALS LLC
https://okcountyrecords.com/detail/Custer/2017-000779,1,Custer,2017-02-01,2017-000779,Mineral Deed,1742,0412 - 0414,TIMBERWOLF MINERALS LLC,LONGPOINT MINERALS LLC,S13 T14N R14W N2 Containing 320 Acre(s) (more or less),3 : View,TIMBERWOLF MINERALS LLC
https://okcountyrecords.com/detail/Blaine/2017-000993,1,Blaine,2017-02-03,2017-000993,Mineral Deed,1260,0278 - 0280,"SHRUM, CONNIE",TIMBERWOLF MINERALS LLC,S27 T16N R11W NE SE,3 : View,TIMBERWOLF MINERALS LLC
https://okcountyrecords.com/detail/Blaine/2017-000994,1,Blaine,2017-02-03,2017-000994,Mineral Deed,1260,0281 - 0283,"GROTE, MARK GROTE, KAREN",TIMBERWOLF MINERALS LLC,S27 T16N R11W NE SE S27 T16N R11W NE SE 1 more…,3 : View,TIMBERWOLF MINERALS LLC
https://okcountyrecords.com/detail/Blaine/2017-000994,1,Blaine,2017-02-03,2017-000994,Mineral Deed,1260,0281 - 0283,"GROTE, MARK GROTE, KAREN",TIMBERWOLF MINERALS LLC,S27 T16N R11W NE SE S27 T16N R11W NE SE 1 more…,3 : View,TIMBERWOLF MINERALS LLC
https://okcountyrecords.com/detail/Blaine/2017-000995,1,Blaine,2017-02-03,2017-000995,Mineral Deed,1260,0284 - 0286,"RICE, STANTON A.",TIMBERWOLF MINERALS LLC,S19 T16N R11W Containing 0.4799 Acre(s) (more or less) CITY OF WATONGA B46 L1 & 2 Partial,3 : View,TIMBERWOLF MINERALS LLC
