url,Rank,County,Recorded,Instrument,Type,Book,Page(s),Grantor,Grantee,Legal Description,Images,company
https://okcountyrecords.com/detail/Blaine/2019-003127,1,Blaine,2019-06-17,2019-003127,Mineral Deed,1392,0018 - 0020,PATRICIA A. HANSON TRUST PATRICIA A. HANSON TRUSTEE,TIMBERWOLF MINERALS LLC,S10 T15N R11W NW,3 : View,TIMBERWOLF MINERALS LLC
https://okcountyrecords.com/detail/Blaine/2019-003128,1,Blaine,2019-06-17,2019-003128,Affidavit,1392,0021 - 0023,"MARVIN, SARA A.",TIMBERWOLF MINERALS LLC,S10 T15N R11W NW,3 : View,TIMBERWOLF MINERALS LLC
https://okcountyrecords.com/detail/Blaine/2019-003129,1,Blaine,2019-06-17,2019-003129,Mineral Deed,1392,0024 - 0026,SARA A. MARVIN TRUST SARA A. MARVIN TRUSTEE,TIMBERWOLF MINERALS LLC,S10 T15N R11W NW,3 : View,TIMBERWOLF MINERALS LLC
https://okcountyrecords.com/detail/Blaine/2019-003298,1,Blaine,2019-06-24,2019-003298,Mineral Deed,1392,0670 - 0672,"SCHROEDER, KAY A. TRUSTEE THE KAY A. SCHROADER TRUST","TIMBERWOLF MINERALS, LLC",S10 T15N R11W NW,3 : View,TIMBERWOLF MINERALS LLC
https://okcountyrecords.com/detail/Blaine/2019-003300,1,Blaine,2019-06-24,2019-003300,Mineral Deed,1392,0676 - 0678,"WRIGHT, JEAN A. TRUSTEE JEAN A. WRIGHT TRUST","TIMBERWOLF MINERALS, LLC",S10 T15N R11W NW,3 : View,TIMBERWOLF MINERALS LLC
https://okcountyrecords.com/detail/Blaine/2019-003349,1,Blaine,2019-06-25,2019-003349,Mineral Deed,1393,0141 - 0143,"UNRUH, GERALD T.",TIMBERWOLF MINERALS LLC,S22 T17N R11W NE S22 T17N R11W SW SE 2 more…,3 : View,TIMBERWOLF MINERALS LLC
https://okcountyrecords.com/detail/Blaine/2019-003350,1,Blaine,2019-06-25,2019-003350,Mineral Deed,1393,0144 - 0147,"AKIONA, DONNA JEAN",TIMBERWOLF MINERALS LLC,S35 T15N R10W S2 SE,4 : View,TIMBERWOLF MINERALS LLC
https://okcountyrecords.com/detail/Blaine/2019-003392,1,Blaine,2019-06-26,2019-003392,Mineral Deed,1393,0392 - 0394,"WAGGONER, CYNTHIA M",TIMBERWOLF MINERALS LLC,S22 T17N R11W NE S22 T17N R11W N2 SE 1 more…,3 : View,TIMBERWOLF MINERALS LLC
https://okcountyrecords.com/detail/Blaine/2019-003393,1,Blaine,2019-06-26,2019-003393,Mineral Deed,1393,0395 - 0397,"WHITE, CHARLOTTE A",TIMBERWOLF MINERALS LLC,S22 T17N R11W NE S22 T17N R11W N2 SE 2 more…,3 : View,TIMBERWOLF MINERALS LLC
https://okcountyrecords.com/detail/Blaine/2019-003394,1,Blaine,2019-06-26,2019-003394,Mineral Deed,1393,0398 - 0400,"NELSON, MARY E",TIMBERWOLF MINERALS LLC,S22 T17N R11W NE S22 T17N R11W N2 SE 2 more…,3 : View,TIMBERWOLF MINERALS LLC
https://okcountyrecords.com/detail/Blaine/2019-003409,1,Blaine,2019-06-28,2019-003409,Mineral Deed,1393,0451 - 0453,"UNRUH, LORI D.","TIMBERWOLF MINERALS, LLC",S22 T17N R11W NE S22 T17N R11W N2 SE 2 more…,3 : View,TIMBERWOLF MINERALS LLC
https://okcountyrecords.com/detail/Blaine/2019-003410,1,Blaine,2019-06-28,2019-003410,Mineral Deed,1393,0454 - 0456,"BRAY, JARED","TIMBERWOLF MINERALS, LLC",S10 T15N R13W NW,3 : View,TIMBERWOLF MINERALS LLC
https://okcountyrecords.com/detail/Blaine/2019-003412,2,Blaine,2019-06-28,2019-003412,Mineral Deed,1393,0460 - 0462,PPEMS LLC,TIMBERWOLF MINERALS LLC,S15 T15N R12W SE NE,3 : View,TIMBERWOLF MINERALS LLC
https://okcountyrecords.com/detail/Blaine/2019-003520,1,Blaine,2019-07-03,2019-003520,Mineral Deed,1394,0148 - 0150,TIMBERWOLF MINERALS LLC,CHERRY CREEK MINERALS LLC,S22 T17N R11W NE S22 T17N R11W N2 SE 2 more…,3 : View,TIMBERWOLF MINERALS LLC
https://okcountyrecords.com/detail/Blaine/2019-003521,3,Blaine,2019-07-03,2019-003521,Mineral Deed,1394,0151 - 0153,TIMBERWOLF MINERALS LLC,CHERRY CREEK MINERALS LLC,S22 T17N R11W NE S22 T17N R11W N2 SE 2 more…,3 : View,TIMBERWOLF MINERALS LLC
