url,Rank,County,Recorded,Instrument,Type,Book,Page(s),Grantor,Grantee,Legal Description,Images,company
https://okcountyrecords.com/detail/Custer/2021-005550,1,Custer,2021-11-16,2021-005550,Mineral Deed,1949,0761 - 0763,"GODWIN, DWAYNE",TIMBERWOLF MINERALS LLC,S1 T15N R14W S2 NE L1 S1 T15N R14W S2 NE L2,3 : View,TIMBERWOLF MINERALS LLC
https://okcountyrecords.com/detail/Grady/2021-015891,1,Grady,2021-11-17,2021-015891,Mineral Deed,5953,0090 - 0092,"OBRIEN, SUSAN F",TIMBERWOLF MINERALS LLC,S2 T3N R6W S11 T3N R6W,3 : View,TIMBERWOLF MINERALS LLC
https://okcountyrecords.com/detail/McClain/2021-015281,3,McClain,2021-11-18,2021-015281,Mineral Deed,2745,0255 - 0257,MONTAGE MINERALS LLC,TIMBERWOLF MINERALS LLC,15 6N4W,3 : View,TIMBERWOLF MINERALS LLC
https://okcountyrecords.com/detail/McClain/2021-015282,1,McClain,2021-11-18,2021-015282,Mineral Deed,2745,0258 - 0260,"BAIN TRUST, SUSANNE B",TIMBERWOLF MINERALS LLC,15 6N4W,3 : View,TIMBERWOLF MINERALS LLC
https://okcountyrecords.com/detail/Custer/2021-005607,1,Custer,2021-11-19,2021-005607,Mineral Deed,1950,0336 - 0338,"GODWIN, DAVID BERT",TIMBERWOLF MINERALS LLC,S1 T15N R14W S2 NE L1 S1 T15N R14W S2 NE L2,3 : View,TIMBERWOLF MINERALS LLC
https://okcountyrecords.com/detail/McClain/2021-015638,1,McClain,2021-11-30,2021-015638,Mineral Deed,2746,0916 - 0918,TIMBERWOLF MINERALS LLC,ECKARD LAND & ACQUISITION,15 6N4W,3 : View,TIMBERWOLF MINERALS LLC
https://okcountyrecords.com/detail/McClain/2021-015639,1,McClain,2021-11-30,2021-015639,Mineral Deed,2746,0919 - 0921,TIMBERWOLF MINERALS LLC,ECKARD LAND & ACQUISITION,15 6N4W,3 : View,TIMBERWOLF MINERALS LLC
https://okcountyrecords.com/detail/McClain/2021-015640,1,McClain,2021-11-30,2021-015640,Mineral Deed,2746,0922 - 0924,TIMBERWOLF MINERALS LLC,ECKARD LAND & ACQUISITION,20 6N4W,3 : View,TIMBERWOLF MINERALS LLC
https://okcountyrecords.com/detail/Kingfisher/2021-005988,1,Kingfisher,2021-12-02,2021-005988,MINERAL DEED,3406,0596 - 0598,"ISHLER MINERALS, LLC","TIMBERWOLF MINERALS, LLC",S20 T18N R05W S2,3 : View,TIMBERWOLF MINERALS LLC
https://okcountyrecords.com/detail/Kingfisher/2021-005989,1,Kingfisher,2021-12-02,2021-005989,MINERAL DEED,3406,0599 - 0601,"ISHLER MINERALS, LLC","TIMBERWOLF MINERALS, LLC",S21 T15N R07W E2 NE S22 T16N R06W W2 SE,3 : View,TIMBERWOLF MINERALS LLC
https://okcountyrecords.com/detail/Grady/2021-016720,3,Grady,2021-12-02,2021-016720,Mineral Deed,5960,0418 - 0420,ISHLER MINERALS LLC,TIMBERWOLF MINERALS LLC,S15 T4N R7W,3 : View,TIMBERWOLF MINERALS LLC
https://okcountyrecords.com/detail/Comanche/2021-022593,1,Comanche,2021-12-03,2021-022593,Mineral Deed,8945,0241 - 0243,ISHLER MINERALS LLC,TIMBERWOLF MINERALS LLC,S15 T4N R09W NW NE,3 : View,TIMBERWOLF MINERALS LLC
https://okcountyrecords.com/detail/Grady/2021-017124,2,Grady,2021-12-10,2021-017124,Mineral Deed,5963,0469 - 0471,TIMBERWOLF MINERALS LLC,ECKARD LAND & ACQUISITION LLC,S23 T6N R7W,3 : View,TIMBERWOLF MINERALS LLC
https://okcountyrecords.com/detail/Grady/2021-017125,1,Grady,2021-12-10,2021-017125,Mineral Deed,5963,0472 - 0474,TIMBERWOLF MINERALS LLC,ECKARD LAND & ACQUISITION LLC,S23 T6N R7W,3 : View,TIMBERWOLF MINERALS LLC
https://okcountyrecords.com/detail/Kingfisher/2021-006129,1,Kingfisher,2021-12-13,2021-006129,MINERAL DEED,3407,0569 - 0571,"TIMBERWOLF MINERALS, LLC","ECKARD LAND & ACQUISITION, LLC",S32 T17N R07W SE,3 : View,TIMBERWOLF MINERALS LLC
