url,Rank,County,Recorded,Instrument,Type,Book,Page(s),Grantor,Grantee,Legal Description,Images,company
https://okcountyrecords.com/detail/Blaine/2018-006304,1,Blaine,2018-09-14,2018-006304,Mineral Deed,1358,0416 - 0418,TIMBERWOLF MINERALS LLC,CHERRY CREEK MINERALS LLC,S10 T15N R13W NW,3 : View,TIMBERWOLF MINERALS LLC
https://okcountyrecords.com/detail/Blaine/2018-006305,1,Blaine,2018-09-14,2018-006305,Mineral Deed,1358,0419 - 0421,TIMBERWOLF MINERALS LLC,CHERRY CREEK MINERALS LLC,S09 T17N R10W SW,3 : View,TIMBERWOLF MINERALS LLC
https://okcountyrecords.com/detail/Kingfisher/2018-009120,1,Kingfisher,2018-09-18,2018-009120,MINERAL DEED,3167,0301 - 0303,"BROWN, JERRY","TIMBERWOLF MINERALS, LLC",S28 T15N R09W NE S28 T15N R09W S2 3 more…,3 : View,TIMBERWOLF MINERALS LLC
https://okcountyrecords.com/detail/Grady/2018-018246,1,Grady,2018-09-18,2018-018246,Mineral Deed,5483,0023 - 0025,MATEO PARTNERS LLC,TIMBERWOLF MINERALS LLC,S11 T4N R6W,3 : View,TIMBERWOLF MINERALS LLC
https://okcountyrecords.com/detail/Kingfisher/2018-009212,3,Kingfisher,2018-09-21,2018-009212,MINERAL DEED,3168,0003 - 0005,"TIMBERWOLF MINERALS, LLC","CHERRY CREEK MINERALS, LLC",S28 T15N R09W NE S28 T15N R09W S2 2 more…,3 : View,TIMBERWOLF MINERALS LLC
https://okcountyrecords.com/detail/Kingfisher/2018-009213,3,Kingfisher,2018-09-21,2018-009213,MINERAL DEED,3168,0006 - 0008,"TIMBERWOLF MINERALS, LLC","CHERRY CREEK MINERALS, LLC",S33 T15N R09W S2 S33 T15N R09W NE,3 : View,TIMBERWOLF MINERALS LLC
https://okcountyrecords.com/detail/Blaine/2018-006433,1,Blaine,2018-09-21,2018-006433,Mineral Deed,1359,0176 - 0178,TIMBERWOLF MINERALS LLC,CHERRY CREEK MINERALS LLC,S02 T14N R11W N2 S2 W2 SW,3 : View,TIMBERWOLF MINERALS LLC
https://okcountyrecords.com/detail/Blaine/2018-006434,1,Blaine,2018-09-21,2018-006434,Mineral Deed,1359,0179 - 0181,TIMBERWOLF MINERALS LLC,CHERRY CREEK MINERALS LLC,S02 T14N R11W N2 S2 W2 SW,3 : View,TIMBERWOLF MINERALS LLC
https://okcountyrecords.com/detail/Blaine/2018-006435,1,Blaine,2018-09-21,2018-006435,Mineral Deed,1359,0182 - 0184,TIMBERWOLF MINERALS LLC,CHERRY CREEK MINERALS LLC,S10 T15N R13W NW,3 : View,TIMBERWOLF MINERALS LLC
https://okcountyrecords.com/detail/Blaine/2018-006436,3,Blaine,2018-09-21,2018-006436,Mineral Deed,1359,0185 - 0187,TIMBERWOLF MINERALS LLC,CHERRY CREEK MINERALS LLC,S02 T14N R11W N2 S2 W2 SW,3 : View,TIMBERWOLF MINERALS LLC
https://okcountyrecords.com/detail/Blaine/2018-006437,1,Blaine,2018-09-21,2018-006437,Mineral Deed,1359,0188 - 0190,"ELIAS, KAREN L., TRUSTEE ELIAS LIVING TRUST ELIAS, ALAN S., TRUSTEE",TIMBERWOLF MINERALS LLC,S07 T15N R11W SE,3 : View,TIMBERWOLF MINERALS LLC
https://okcountyrecords.com/detail/Blaine/2018-006438,1,Blaine,2018-09-21,2018-006438,Mineral Deed,1359,0191 - 0193,"ELIAS, KAREN L., TRUSTEE ELIAS LIVING TRUST ELIAS, ALAN S., TRUSTEE",TIMBERWOLF MINERALS LLC,S07 T15N R11W NE,3 : View,TIMBERWOLF MINERALS LLC
https://okcountyrecords.com/detail/Blaine/2018-006439,1,Blaine,2018-09-21,2018-006439,Mineral Deed,1359,0194 - 0197,"LEWIS, SUSAN A., TRUSTEE LEWIS REVOCALE INTERVIVOS TRUST LEWIS, ROGER W., TRUSTEE",TIMBERWOLF MINERALS LLC,S07 T15N R11W NE,4 : View,TIMBERWOLF MINERALS LLC
https://okcountyrecords.com/detail/Blaine/2018-006440,1,Blaine,2018-09-21,2018-006440,Mineral Deed,1359,0198 - 0201,"LEWIS, SUSAN A., TRUSTEE LEWIS REVOCALE INTERVIVOS TRUST LEWIS, ROGER W., TRUSTEE",TIMBERWOLF MINERALS LLC,S07 T15N R11W SE,4 : View,TIMBERWOLF MINERALS LLC
https://okcountyrecords.com/detail/Kingfisher/2018-009382,1,Kingfisher,2018-09-26,2018-009382,MINERAL DEED,3169,0431 - 0433,"GOODPASTURE, PATRICIA","TIMBERWOLF MINERALS, LLC",S24 T16N R06W NE,3 : View,TIMBERWOLF MINERALS LLC
