url,Rank,County,Recorded,Instrument,Type,Book,Page(s),Grantor,Grantee,Legal Description,Images,company
https://okcountyrecords.com/detail/Custer/2018-001179,1,Custer,2018-03-01,2018-001179,Mineral Deed,1789,0261 - 0263,"CLAYTON, WILLIAM E",TIMBERWOLF MINERALS LLC,S12 T14N R14W S2,3 : View,TIMBERWOLF MINERALS LLC
https://okcountyrecords.com/detail/Blaine/2018-001519,1,Blaine,2018-03-02,2018-001519,Mineral Deed,1328,0541 - 0543,"HOPPER, S. DAVID",TIMBERWOLF MINERALS LLC,S02 T13N R13W S2 NE L1-2 S02 T13N R13W NE SE,3 : View,TIMBERWOLF MINERALS LLC
https://okcountyrecords.com/detail/Blaine/2018-001572,1,Blaine,2018-03-05,2018-001572,Mineral Deed,1329,0075 - 0077,"CLARE, JAN E., TRUSTEE JAN E. CLARE REVOCABLE TRUST",TIMBERWOLF MINERALS LLC,S06 T13N R11W S2 NE,3 : View,TIMBERWOLF MINERALS LLC
https://okcountyrecords.com/detail/Kingfisher/2018-002861,1,Kingfisher,2018-03-16,2018-002861,MINERAL DEED,3114,0554 - 0556,"BERNHARDT, DON ALLEN","TIMBERWOLF MINERALS, LLC",S29 T17N R09W NW,3 : View,TIMBERWOLF MINERALS LLC
https://okcountyrecords.com/detail/Blaine/2018-001879,1,Blaine,2018-03-16,2018-001879,Mineral Deed,1330,0586 - 0588,"VAN DE SANDT, RONALD",TIMBERWOLF MINERALS LLC,S11 T16N R13W SW,3 : View,TIMBERWOLF MINERALS LLC
https://okcountyrecords.com/detail/Blaine/2018-001880,1,Blaine,2018-03-16,2018-001880,Mineral Deed,1330,0589 - 0591,"TOLLE, STANLEY L",TIMBERWOLF MINERALS LLC,S24 T16N R12W TOWN OF WATONGA B139 L15-17,3 : View,TIMBERWOLF MINERALS LLC
https://okcountyrecords.com/detail/Blaine/2018-001881,1,Blaine,2018-03-16,2018-001881,Mineral Deed,1330,0592 - 0594,"DEGIUSTI, JOSEPH LEE",TIMBERWOLF MINERALS LLC,S24 T13N R11W SW,3 : View,TIMBERWOLF MINERALS LLC
https://okcountyrecords.com/detail/Blaine/2018-001910,2,Blaine,2018-03-19,2018-001910,Memorandum Of Oil & Gas Lease,1330,0652,TIMBERWOLF MINERALS LLC,TIMBERWOLF ENERGY LLC,S04 T16N R11W L1,1 : View,TIMBERWOLF MINERALS LLC
https://okcountyrecords.com/detail/Blaine/2018-001911,2,Blaine,2018-03-19,2018-001911,Memorandum Of Oil & Gas Lease,1330,0653,TIMBERWOLF MINERALS LLC,TIMBERWOLF ENERGY LLC,S04 T16N R11W L1,1 : View,TIMBERWOLF MINERALS LLC
https://okcountyrecords.com/detail/Blaine/2018-001912,2,Blaine,2018-03-19,2018-001912,Memorandum Of Oil & Gas Lease,1330,0654,TIMBERWOLF MINERALS LLC,TIMBERWOLF ENERGY LLC,S04 T16N R11W L1,1 : View,TIMBERWOLF MINERALS LLC
https://okcountyrecords.com/detail/Blaine/2018-002228,1,Blaine,2018-03-29,2018-002228,Mineral Deed,1332,0563 - 0565,"COOK, HARLOD JOE",TIMBERWOLF MINERALS LLC,S04 T14N R12W SE S04 T14N R12W S2 NE L1-2,3 : View,TIMBERWOLF MINERALS LLC
https://okcountyrecords.com/detail/Blaine/2018-002239,1,Blaine,2018-03-29,2018-002239,Mineral Deed,1332,0598 - 0600,"SOUTHER, THOMAS J SOUTHER, LONNA J",TIMBERWOLF MINERALS LLC,S32 T15N R12W NW,3 : View,TIMBERWOLF MINERALS LLC
https://okcountyrecords.com/detail/Blaine/2018-002240,1,Blaine,2018-03-29,2018-002240,Mineral Deed,1332,0601 - 0603,"LOWTHER, WILLIAM R., TRUSTEE AMC MINERAL TRUST LOWTHER, ARLETTA K., TRUSTEE",TIMBERWOLF MINERALS LLC,S17 T14N R12W SW,3 : View,TIMBERWOLF MINERALS LLC
https://okcountyrecords.com/detail/Blaine/2018-002241,1,Blaine,2018-03-29,2018-002241,Mineral Deed,1332,0604 - 0606,"HAMAL, DEBRA DAWN",TIMBERWOLF MINERALS LLC,S17 T14N R12W SW S20 T14N R12W NW,3 : View,TIMBERWOLF MINERALS LLC
https://okcountyrecords.com/detail/Blaine/2018-002242,1,Blaine,2018-03-29,2018-002242,Mineral Deed,1332,0607 - 0609,"DEEVERS, KATHY ANN",TIMBERWOLF MINERALS LLC,S17 T14N R12W SW S20 T14N R12W NW,3 : View,TIMBERWOLF MINERALS LLC
