url,Rank,County,Recorded,Instrument,Type,Book,Page(s),Grantor,Grantee,Legal Description,Images,company
https://okcountyrecords.com/detail/Garvin/2019-008735,2.0,Garvin,2019-10-24,2019-008735,MINERAL DEED,2286,0516 - 0519,TIMBERWOLF MINERALS LLC,VANDERA MANAGMENT III LLC,S6 T2N R2W L3 THRU 5 S6 T2N R2W L7 11 more…,4 : View,TIMBERWOLF MINERALS LLC
https://okcountyrecords.com/detail/McClain/2019-014738,1.0,McClain,2019-10-24,2019-014738,Mineral Deed,2590,0770 - 0773,TIMBERWOLF MINERALS LLC,VENDERA MANAGEMENT III,29 6N4W 30 7N4W 1 more…,4 : View,TIMBERWOLF MINERALS LLC
https://okcountyrecords.com/detail/Blaine/2019-005524,1.0,Blaine,2019-10-29,2019-005524,Mineral Deed,1410,0165 - 0168,"BOLANE, JAMIE",TIMBERWOLF MINERALS LLC,S20 T13N R12W SW,4 : View,TIMBERWOLF MINERALS LLC
https://okcountyrecords.com/detail/Kingfisher/2019-008481,3.0,Kingfisher,2019-11-05,2019-008481,MINERAL DEED,3273,0024 - 0026,"TIMBERWOLF MINERALS, LLC","CHERRY CREEK MINERALS, LLC",S13 T15N R07W SE SW Partial,3 : View,TIMBERWOLF MINERALS LLC
https://okcountyrecords.com/detail/Kingfisher/2019-008482,3.0,Kingfisher,2019-11-05,2019-008482,MINERAL DEED,3273,0027 - 0029,"TIMBERWOLF MINERALS, LLC","CHERRY CREEK MINERALS, LLC",S14 T15N R08W SE SE,3 : View,TIMBERWOLF MINERALS LLC
https://okcountyrecords.com/detail/Grady/2019-018105,0.5,Grady,2019-11-14,2019-018105,Memorandum,5668,0073,TIMBERWOLF MINERALS,TIMBERWOLF ENERGY LLC,S20 T6N R5W,1 : View,TIMBERWOLF MINERALS LLC
https://okcountyrecords.com/detail/Blaine/2019-005939,1.0,Blaine,2019-11-26,2019-005939,Corrected Mineral Deed,1413,0454 - 0456,"BOYD II, GRANT ALLEN BOYD, RUTH ANN",TIMBERWOLF MINERALS LLC,S01 T16N R13W S2 NW L3-4,3 : View,TIMBERWOLF MINERALS LLC
https://okcountyrecords.com/detail/Blaine/2019-005940,1.0,Blaine,2019-11-26,2019-005940,Corrected Mineral Deed,1413,0457 - 0459,"BOYD, TODD BOYD, TERI",TIMBERWOLF MINERALS LLC,S01 T16N R13W S2 NW L3-4,3 : View,TIMBERWOLF MINERALS LLC
https://okcountyrecords.com/detail/Blaine/2019-005941,1.0,Blaine,2019-11-26,2019-005941,Corrected Mineral Deed,1413,0460 - 0462,"BOYD, BOBBY BLYD, LORI",TIMBERWOLF MINERALS LLC,S01 T16N R13W S2 NW L3-4,3 : View,TIMBERWOLF MINERALS LLC
https://okcountyrecords.com/detail/Blaine/2019-006268,2.0,Blaine,2019-12-17,2019-006268,Mineral Deed,1415,0300 - 0303,"TIMBERWOLF MINERALS, LLC WILLIAMS, CHASE Z. MANAGER","VENDERA MANAGEMENT III, LLC",S20 T13N R12W SW,4 : View,TIMBERWOLF MINERALS LLC
https://okcountyrecords.com/detail/Blaine/2019-006271,1.0,Blaine,2019-12-17,2019-006271,Mineral Deed,1415,0310 - 0312,"BIVENS, LOLA MAE","TIMBERWOLF MINERALS, LLC",S19 T16N R11W WATONGA B4 L7-8 4 more…,3 : View,TIMBERWOLF MINERALS LLC
https://okcountyrecords.com/detail/Garvin/2019-010374,1.0,Garvin,2019-12-19,2019-010374,MINERAL DEED,2292,0886 - 0888,"ROBERTS TRUST,JOHN",TIMBERWOLF MINERALS LLC,S28 T4N R3W S2 NE NE Partial S28 T4N R3W W2 SW NE 1 more…,3 : View,TIMBERWOLF MINERALS LLC
https://okcountyrecords.com/detail/Garvin/2019-010375,1.0,Garvin,2019-12-19,2019-010375,MINERAL DEED,2292,0889 - 0891,"ROBERTS TRUST,JOHN",TIMBERWOLF MINERALS LLC,S33 T4N R3W N2 SE S33 T4N R3W E2 SE SE,3 : View,TIMBERWOLF MINERALS LLC
https://okcountyrecords.com/detail/Garvin/2019-010376,1.0,Garvin,2019-12-19,2019-010376,MINERAL DEED,2292,0892 - 0894,"ROBERTS TRUST,JOHN",TIMBERWOLF MINERALS LLC,S33 T4N R3W W2 NW NW S33 T4N R3W NE NW 2 more…,3 : View,TIMBERWOLF MINERALS LLC
https://okcountyrecords.com/detail/Garvin/2019-010377,1.0,Garvin,2019-12-19,2019-010377,MINERAL DEED,2292,0895 - 0898,"ROBERTS TRUST,JOHN",TIMBERWOLF MINERALS LLC,S28 T4N R3W S2 NE NE Partial S28 T4N R3W W2 SW NE 6 more…,4 : View,TIMBERWOLF MINERALS LLC
