url,Rank,County,Recorded,Instrument,Type,Book,Page(s),Grantor,Grantee,Legal Description,Images,company
https://okcountyrecords.com/detail/Grady/2022-003848,3,Grady,2022-03-23,2022-003848,Disclaimer Of Interest,6005,0585 - 0586,"OPUS MINERALS, LLC",TIMBERWOLF MINERALS LLC,S26 T5N R6W,2 : View,TIMBERWOLF MINERALS LLC
https://okcountyrecords.com/detail/Grady/2022-003849,1,Grady,2022-03-23,2022-003849,Disclaimer Of Interest,6005,0587 - 0588,OPUS MINERALS LLC,TIMBERWOLF MINERALS LLC,S26 T5N R6W,2 : View,TIMBERWOLF MINERALS LLC
https://okcountyrecords.com/detail/Grady/2022-003878,1,Grady,2022-03-24,2022-003878,Correct Mineral Deed,6006,0104 - 0106,"BRYAN, PHILIP RAY BRYAN, PHILLIP RAY",TIMBERWOLF MINERALS LLC,S8 T9N R8W S26 T5N R6W 1 more…,3 : View,TIMBERWOLF MINERALS LLC
https://okcountyrecords.com/detail/Grady/2022-003932,3,Grady,2022-03-25,2022-003932,Mineral Deed,6006,0531 - 0533,TIMBERWOLF MINERALS LLC,OPUS MINERALS LLC,S26 T5N R6W,3 : View,TIMBERWOLF MINERALS LLC
https://okcountyrecords.com/detail/Grady/2022-004002,1,Grady,2022-03-25,2022-004002,Par Rel Mineral Mortgage,6007,0248 - 0250,INTERNATIONAL BANK OF COMMERCE,TIMBERWOLF MINERALS LLC,S03 T3N R5W S06 T5N R5W 4 more…,3 : View,TIMBERWOLF MINERALS LLC
https://okcountyrecords.com/detail/Kingfisher/2022-001909,3,Kingfisher,2022-04-07,2022-001909,Oil & Gas Assignment,3434,0403 - 0407,"TIMBERWOLF MINERALS,LLC","LATIGO MINERALS,LLC",S26 T17N R07W SW S35 T17N R07W SW,5 : View,TIMBERWOLF MINERALS LLC
https://okcountyrecords.com/detail/Kingfisher/2022-001910,1,Kingfisher,2022-04-07,2022-001910,Oil & Gas Assignment,3434,0408 - 0412,"TIMBERWOLF MINERALS,LLC","LATIGO MINERALS,LLC",S26 T17N R07W SW S35 T17N R07W SW,5 : View,TIMBERWOLF MINERALS LLC
https://okcountyrecords.com/detail/Grady/2022-004761,1,Grady,2022-04-07,2022-004761,Assignment Overiding Interest,6013,0571 - 0581,MONTAGE MINERALS LLC TIMBERWOLF MINERALS LLC,LATIGO MINERALS LLC,S23 T5N R6W S26 T5N R6W 1 more…,11 : View,TIMBERWOLF MINERALS LLC
https://okcountyrecords.com/detail/Grady/2022-004762,3,Grady,2022-04-07,2022-004762,Assignment Overiding Interest,6013,0582 - 0592,MONTAGE MINERALS LLC TIMBERWOLF MINERALS LLC,LATIGO MINERALS LLC,S23 T5N R6W S26 T5N R6W 1 more…,11 : View,TIMBERWOLF MINERALS LLC
https://okcountyrecords.com/detail/Blaine/2022-001131,1,Blaine,2022-04-11,2022-001131,Mineral Deed,1496,0320 - 0322,"KIDD, MELTON E. KIDD, CHERYL A.",TIMBERWOLF MINERALS LLC,S22 T13N R11W NW,3 : View,TIMBERWOLF MINERALS LLC
https://okcountyrecords.com/detail/Blaine/2022-001132,1,Blaine,2022-04-11,2022-001132,Mineral Deed,1496,0323 - 0325,TIMBERWOLF MINERALS LLC,OPUS MINERALS LLC,S22 T13N R11W NW,3 : View,TIMBERWOLF MINERALS LLC
https://okcountyrecords.com/detail/Custer/2022-001543,2,Custer,2022-04-15,2022-001543,Assignment,1968,0610 - 0615,TTXMCO LLC,TIMBERWOLF MINERALS LLC,S12 T14N R14W N2,6 : View,TIMBERWOLF MINERALS LLC
https://okcountyrecords.com/detail/McClain/2022-004397,3,McClain,2022-04-18,2022-004397,Mineral Deed,2775,0641 - 0643,TIMBERWOLF MINERALS LLC,OPUS MINERALS LLC,34 6N4W,3 : View,TIMBERWOLF MINERALS LLC
https://okcountyrecords.com/detail/McClain/2022-004399,3,McClain,2022-04-18,2022-004399,Mineral Deed,2775,0647 - 0649,TIMBERWOLF MINERALS LLC,OPUS MINERALS LLC,34 6N4W,3 : View,TIMBERWOLF MINERALS LLC
https://okcountyrecords.com/detail/McClain/2022-004401,1,McClain,2022-04-18,2022-004401,Mineral Deed,2775,0653 - 0655,TIMBERWOLF MINERALS LLC,OPUS MINERALS LLC,35 6N4W,3 : View,TIMBERWOLF MINERALS LLC
