url,Rank,County,Recorded,Instrument,Type,Book,Page(s),Grantor,Grantee,Legal Description,Images,company
https://okcountyrecords.com/detail/Kingfisher/2017-013728,1,Kingfisher,2017-12-15,2017-013728,MINERAL DEED,3084,0460 - 0462,"TIMBERWOLF MINERALS, LLC","LONGPOINT MINERALS, LLC",S28 T15N R06W SE S20 T15N R07W SW SE Partial,3 : View,TIMBERWOLF MINERALS LLC
https://okcountyrecords.com/detail/Kingfisher/2017-013729,1,Kingfisher,2017-12-15,2017-013729,MINERAL DEED,3084,0463 - 0465,"TIMBERWOLF MINERALS, LLC","LONGPOINT MINERALS, LLC",S24 T15N R07W SE,3 : View,TIMBERWOLF MINERALS LLC
https://okcountyrecords.com/detail/Kingfisher/2017-013730,3,Kingfisher,2017-12-15,2017-013730,MINERAL DEED,3084,0466 - 0468,"TIMBERWOLF MINERALS, LLC","LONGPOINT MINERALS, LLC",S28 T16N R09W NW S2 T15N R09W SE 3 more…,3 : View,TIMBERWOLF MINERALS LLC
https://okcountyrecords.com/detail/Blaine/2017-011401,1,Blaine,2017-12-15,2017-011401,Mineral Deed,1317,0337 - 0339,TIMBERWOLF MINERALS LLC,LONGPOINT MINERALS LLC,S20 T16N R12W E2,3 : View,TIMBERWOLF MINERALS LLC
https://okcountyrecords.com/detail/Blaine/2017-011402,1,Blaine,2017-12-15,2017-011402,Mineral Deed,1317,0340 - 0342,TIMBERWOLF MINERALS LLC,LONGPOINT MINERALS LLC,S26 T15N R10W SW,3 : View,TIMBERWOLF MINERALS LLC
https://okcountyrecords.com/detail/Blaine/2017-011403,1,Blaine,2017-12-15,2017-011403,Mineral Deed,1317,0343 - 0345,TIMBERWOLF MINERALS LLC,LONGPOINT MINERALS LLC,S11 T16N R12W NE SE,3 : View,TIMBERWOLF MINERALS LLC
https://okcountyrecords.com/detail/Blaine/2017-011404,1,Blaine,2017-12-15,2017-011404,Mineral Deed,1317,0346 - 0348,TIMBERWOLF MINERALS LLC,LONGPOINT MINERALS LLC,S24 T14N R11W NW,3 : View,TIMBERWOLF MINERALS LLC
https://okcountyrecords.com/detail/Blaine/2017-011405,3,Blaine,2017-12-15,2017-011405,Mineral Deed,1317,0349 - 0351,TIMBERWOLF MINERALS LLC,LONGPOINT MINERALS LLC,S26 T15N R10W SW,3 : View,TIMBERWOLF MINERALS LLC
https://okcountyrecords.com/detail/Roger Mills/2018-000010,1,Roger Mills,2018-01-03,2018-000010,Mineral Deed,2384,0104 - 0109,"HOLLAND, MICHAEL HORTON, JILL HOLLAND, LOUISE HELEN HOLLAND, STEPHEN",TIMBERWOLF MINERALS LLC,S25 T16N R25W SE Exceptions,6 : View,TIMBERWOLF MINERALS LLC
https://okcountyrecords.com/detail/Grady/2018-000808,1,Grady,2018-01-12,2018-000808,Mineral Deed,5356,0306 - 0308,"WALDON, LYNN NEWLIN",TIMBERWOLF MINERALS LLC,S32 T8N R6W,3 : View,TIMBERWOLF MINERALS LLC
https://okcountyrecords.com/detail/Custer/2018-000278,2,Custer,2018-01-12,2018-000278,Memorandum Of Oil & Gas,1784,0786,TIMBERWOLF MINERALS LLC,TIMBERWOLF ENERGY LLC,S8 T15N R15W NE NE Containing 40 Acre(s) (more or less),1 : View,TIMBERWOLF MINERALS LLC
https://okcountyrecords.com/detail/Blaine/2018-000312,1,Blaine,2018-01-12,2018-000312,Mineral Deed,1321,0449 - 0451,"BLAIR, AMBER BLAIR, JERRY",TIMBERWOLF MINERALS LLC,S35 T14N R11W NE,3 : View,TIMBERWOLF MINERALS LLC
https://okcountyrecords.com/detail/Blaine/2018-000313,1,Blaine,2018-01-12,2018-000313,Mineral Deed,1321,0452 - 0454,"BERG, CONNIE JEAN",TIMBERWOLF MINERALS LLC,S32 T14N R11W S2 SW S31 T14N R12W E2 NW L1-2 1 more…,3 : View,TIMBERWOLF MINERALS LLC
https://okcountyrecords.com/detail/Washita/2018-000209,1,Washita,2018-01-23,2018-000209,Mineral Deed,1346,0395 - 0397,"VIETH, BARBARA LEE GUEVARA, ONA JUNE VIETH",TIMBERWOLF MINERALS LLC,S29 T10N R19W E2 NW Exceptions,3 : View,TIMBERWOLF MINERALS LLC
https://okcountyrecords.com/detail/Blaine/2018-000598,1,Blaine,2018-01-23,2018-000598,Mineral Deed,1322,0618 - 0620,"HOCKER, COLT",TIMBERWOLF MINERALS LLC,S15 T17N R11W S2 S10 T17N R11W E2,3 : View,TIMBERWOLF MINERALS LLC
