url,Rank,County,Recorded,Instrument,Type,Book,Page(s),Grantor,Grantee,Legal Description,Images,company
https://okcountyrecords.com/detail/Dewey/2017-003382,2.0,Dewey,2017-04-17,2017-003382,Mineral Deed,1666,0173 - 0175,TIMBERWOLF MINERALS LLC,MEP MID-CON III LLC,S4 T16N R14W S2 NW L3-4 1 more…,3 : View,TIMBERWOLF MINERALS LLC
https://okcountyrecords.com/detail/Dewey/2017-003383,2.0,Dewey,2017-04-17,2017-003383,Mineral Deed,1666,0176 - 0178,TIMBERWOLF MINERALS LLC,MEP MID-CON III LLC,S4 T16N R14W SW L3-4 S4 T16N R14W S2 NW,3 : View,TIMBERWOLF MINERALS LLC
https://okcountyrecords.com/detail/Custer/2017-002922,1.0,Custer,2017-04-20,2017-002922,Mineral Deed,1752,0594 - 0596,"BEACHY, LEON BEACHY, LEON M.",TIMBERWOLF MINERALS LLC,S4 T13N R14W NE,3 : View,TIMBERWOLF MINERALS LLC
https://okcountyrecords.com/detail/Blaine/2017-003866,1.0,Blaine,2017-04-20,2017-003866,Mineral Deed,1275,0220 - 0222,"RYCROFT, VELMA M, TRUSTEE FENTON HAROLD RYCROFT AND VELMA M RYCROFT REV TRU RYCROFT, FENTON HAROLD, TRUSTEE",TIMBERWOLF MINERALS LLC,S25 T15N R12W SE,3 : View,TIMBERWOLF MINERALS LLC
https://okcountyrecords.com/detail/Blaine/2017-003867,1.0,Blaine,2017-04-20,2017-003867,Mineral Deed,1275,0223 - 0225,"WALKER, VANESSA G",TIMBERWOLF MINERALS LLC,S24 T15N R11W W2 SW,3 : View,TIMBERWOLF MINERALS LLC
https://okcountyrecords.com/detail/Kingfisher/2017-004586,1.0,Kingfisher,2017-04-21,2017-004586,MINERAL DEED,3012,0026 - 0028,"GERBER, SHIRLEY ANN","TIMBERWOLF MINERALS, LLC",S33 T16N R09W W2 NW,3 : View,TIMBERWOLF MINERALS LLC
https://okcountyrecords.com/detail/Blaine/2017-004072,1.0,Blaine,2017-04-25,2017-004072,Mineral Deed,1276,0299 - 0301,ROSEN OIL AND ASSET TRUST,TIMBERWOLF MINERALS LLC,S4 T14N R12W S2 NE S4 T14N R12W SE L1-2,3 : View,TIMBERWOLF MINERALS LLC
https://okcountyrecords.com/detail/Blaine/2017-004073,1.0,Blaine,2017-04-25,2017-004073,Mineral Deed,1276,0302 - 0304,TIMBERWOLF MINERALS,LONGPOINT MIMERALS LLC,S8 T14N R11W SW,3 : View,TIMBERWOLF MINERALS LLC
https://okcountyrecords.com/detail/Blaine/2017-004074,1.0,Blaine,2017-04-25,2017-004074,Mineral Deed,1276,0305 - 0307,TIMBERWOLF MINERALS,LONGPOINT MIMERALS LLC,S14 T14N R11W SW,3 : View,TIMBERWOLF MINERALS LLC
https://okcountyrecords.com/detail/Blaine/2017-004075,0.3,Blaine,2017-04-25,2017-004075,Mineral Deed,1276,0308 - 0310,TIMBERWOLF MINERALS,LONGPOINT MIMERALS LLC,S3 T14N R11W W2 SE S3 T14N R11W W2 SE,3 : View,TIMBERWOLF MINERALS LLC
https://okcountyrecords.com/detail/Blaine/2017-004076,0.3,Blaine,2017-04-25,2017-004076,Mineral Deed,1276,0311 - 0313,TIMBERWOLF MINERALS,LONGPOINT MIMERALS LLC,S3 T14N R11W W2 SE,3 : View,TIMBERWOLF MINERALS LLC
https://okcountyrecords.com/detail/Blaine/2017-004134,1.0,Blaine,2017-04-26,2017-004134,Mineral Deed,1276,0470 - 0472,TIMBERWOLF MINERALS LLC,LONGPOINT MINERALS LLC,S04 T13N R12W SE,3 : View,TIMBERWOLF MINERALS LLC
https://okcountyrecords.com/detail/Blaine/2017-004135,2.3,Blaine,2017-04-26,2017-004135,Stipulation And Cross-conveyance,1276,0473 - 0478,"TIMBERWOLF MINERALS LLC COBB, DAVID A. COBB, PAMELA J. HUMPHREY, SUMMER DAWN","TIMBERWOLF MINERALS LLC HUMPHREY, SUMMER DAWN COBB, DAVID A. COBB, PAMELA J.",S10 T15N R13W SW,6 : View,TIMBERWOLF MINERALS LLC
https://okcountyrecords.com/detail/Custer/2017-003113,1.0,Custer,2017-04-26,2017-003113,Mineral Deed,1753,0410 - 0412,TIMBERWOLF MINERALS LLC,MEP MID-CON III LLC,S4 T13N R14W NE,3 : View,TIMBERWOLF MINERALS LLC
https://okcountyrecords.com/detail/Dewey/2017-003725,1.0,Dewey,2017-04-26,2017-003725,Mineral Deed,1667,0620 - 0622,TIMBERWOLF MINERALS LLC,MEP MID-CON III LLC,S17 T16N R14W NE S17 T16N R14W SW,3 : View,TIMBERWOLF MINERALS LLC
