url,Rank,County,Recorded,Instrument,Type,Book,Page(s),Grantor,Grantee,Legal Description,Images,company
https://okcountyrecords.com/detail/Blaine/2017-008209,1,Blaine,2017-08-29,2017-008209,Mineral Deed,1299,0094 - 0096,"NUNEZ, TRACEY LEE",TIMBERWOLF MINERALS LLC,S03 T14N R12W SW,3 : View,TIMBERWOLF MINERALS LLC
https://okcountyrecords.com/detail/Blaine/2017-008210,1,Blaine,2017-08-29,2017-008210,Mineral Deed,1299,0097 - 0099,"NEES, PAUL DEAN",TIMBERWOLF MINERALS LLC,S32 T13N R12W S2 SE,3 : View,TIMBERWOLF MINERALS LLC
https://okcountyrecords.com/detail/Blaine/2017-008243,1,Blaine,2017-08-30,2017-008243,Mineral Deed,1299,0180 - 0182,"IVINS, RUSSEL D.",TIMBERWOLF MINERALS LLC,S25 T15N R11W E2 E2,3 : View,TIMBERWOLF MINERALS LLC
https://okcountyrecords.com/detail/Blaine/2017-008244,1,Blaine,2017-08-30,2017-008244,Mineral Deed,1299,0183 - 0185,"IVINS, RUSSEL D.",TIMBERWOLF MINERALS LLC,S24 T16N R13W NW,3 : View,TIMBERWOLF MINERALS LLC
https://okcountyrecords.com/detail/Kingfisher/2017-009830,1,Kingfisher,2017-08-31,2017-009830,MINERAL DEED,3055,0066 - 0068,"PENNDORF, MARY JEANETTE","TIMBERWOLF MINERALS, LLC",S08 T16N R07W NE,3 : View,TIMBERWOLF MINERALS LLC
https://okcountyrecords.com/detail/Grady/2017-019784,1,Grady,2017-09-01,2017-019784,Mineral Deed,5280,0168 - 0170,"BOMGARDNER, DON ALLEN BOMGARDNER, KAY E",TIMBERWOLF MINERALS LLC,S04 T9N R8W,3 : View,TIMBERWOLF MINERALS LLC
https://okcountyrecords.com/detail/Grady/2017-020052,1,Grady,2017-09-06,2017-020052,Mineral Deed,5281,0580 - 0582,"BAKER, JACK KIRK",TIMBERWOLF MINERALS LLC,S20 T6N R5W,3 : View,TIMBERWOLF MINERALS LLC
https://okcountyrecords.com/detail/Grady/2017-020051,1,Grady,2017-09-06,2017-020051,Mineral Deed,5281,0577 - 0579,"JUNK, KELLY R THOMAS M JUNK REVOCABLE TRUST JUNK, THOMAS M",TIMBERWOLF MINERALS LLC,S17 T8N R7W,3 : View,TIMBERWOLF MINERALS LLC
https://okcountyrecords.com/detail/Grady/2017-020050,1,Grady,2017-09-06,2017-020050,Mineral Deed,5281,0574 - 0576,ROBERT L PARKER SR FAMILY LIMITED PARTNERSHIP,TIMBERWOLF MINERALS LLC,S08 T8N R7W S07 T8N R7W 1 more…,3 : View,TIMBERWOLF MINERALS LLC
https://okcountyrecords.com/detail/Blaine/2017-008402,1,Blaine,2017-09-07,2017-008402,Judgment,1300,0229 - 0238,"TIMBERWOLF MINERALS LLC HUMPHREY, JIM HUMPHREY, SUMMER DAWN EARNEST, LINDA","HUMPHREY, JANET ANN COBB, DAVID A. COBB, PAMELA J.",S10 T15N R13W SW,10 : View,TIMBERWOLF MINERALS LLC
https://okcountyrecords.com/detail/Blaine/2017-008537,1,Blaine,2017-09-11,2017-008537,Mineral Deed,1301,0110 - 0112,"RUNNELS, WESLEY ERWIN",TIMBERWOLF MINERALS LLC,S06 T14N R13W SE,3 : View,TIMBERWOLF MINERALS LLC
https://okcountyrecords.com/detail/Grady/2017-020407,1,Grady,2017-09-11,2017-020407,Mineral Deed,5284,0244 - 0246,"KERN, ANNE DAVIDSON",TIMBERWOLF MINERALS LLC,S32 T9N R6W,3 : View,TIMBERWOLF MINERALS LLC
https://okcountyrecords.com/detail/Grady/2017-020701,1,Grady,2017-09-14,2017-020701,Correct Mineral Deed,5287,0123 - 0125,SCREAMING MIMI OIL COMPANY INC,TIMBERWOLF MINERALS LLC,S28 T9N R5W,3 : View,TIMBERWOLF MINERALS LLC
https://okcountyrecords.com/detail/Grady/2017-020700,1,Grady,2017-09-14,2017-020700,Mineral Deed,5287,0120 - 0122,"BRATCHER, LYNI LEA",TIMBERWOLF MINERALS LLC,S07 T9N R7W,3 : View,TIMBERWOLF MINERALS LLC
https://okcountyrecords.com/detail/Grady/2017-020699,1,Grady,2017-09-14,2017-020699,Mineral Deed,5287,0117 - 0119,"HORNE, GAIL D ELKINS",TIMBERWOLF MINERALS LLC,S20 T5N R6W,3 : View,TIMBERWOLF MINERALS LLC
