url,Rank,County,Recorded,Instrument,Type,Book,Page(s),Grantor,Grantee,Legal Description,Images,company
https://okcountyrecords.com/detail/Blaine/2017-002701,1,Blaine,2017-03-17,2017-002701,Mineral Deed,1269,0004 - 0006,TIMBERWOLF MINERALS LLC,MEP MID-CON III LLC,S32 T13N R12W S2 SE,3 : View,TIMBERWOLF MINERALS LLC
https://okcountyrecords.com/detail/Blaine/2017-002702,1,Blaine,2017-03-17,2017-002702,Mineral Deed,1269,0007 - 0009,TIMBERWOLF MINERALS LLC,MEP MID-CON III LLC,S32 T14N R11W SE,3 : View,TIMBERWOLF MINERALS LLC
https://okcountyrecords.com/detail/Blaine/2017-002703,1,Blaine,2017-03-17,2017-002703,Mineral Deed,1269,0010 - 0012,TIMBERWOLF MINERALS LLC,MEP MID-CON III LLC,S01 T16N R13W NW,3 : View,TIMBERWOLF MINERALS LLC
https://okcountyrecords.com/detail/Blaine/2017-002704,1,Blaine,2017-03-17,2017-002704,Mineral Deed,1269,0013 - 0015,TIMBERWOLF MINERALS LLC,MEP MID-CON III LLC,S22 T13N R12W SW SE,3 : View,TIMBERWOLF MINERALS LLC
https://okcountyrecords.com/detail/Blaine/2017-002705,1,Blaine,2017-03-17,2017-002705,Mineral Deed,1269,0016 - 0018,TIMBERWOLF MINERALS LLC,MEP MID-CON III LLC,S19 T16N R11W L1-2 Partial,3 : View,TIMBERWOLF MINERALS LLC
https://okcountyrecords.com/detail/Custer/2017-002006,2,Custer,2017-03-17,2017-002006,Mineral Deed,1748,0104 - 0106,TIMBERWOLF MINERALS LLC,MEP MID-CON III LLC,S32 T14N R14W A,3 : View,TIMBERWOLF MINERALS LLC
https://okcountyrecords.com/detail/Custer/2017-002007,1,Custer,2017-03-17,2017-002007,Mineral Deed,1748,0107 - 0109,TIMBERWOLF MINERALS LLC,MEP MID-CON III LLC,S32 T14N R14W A S16 T14N R14W E2 NW 2 more…,3 : View,TIMBERWOLF MINERALS LLC
https://okcountyrecords.com/detail/Custer/2017-002008,1,Custer,2017-03-17,2017-002008,Mineral Deed,1748,0110 - 0112,TIMBERWOLF MINERALS LLC,MEP MID-CON III LLC,S29 T14N R14W W2,3 : View,TIMBERWOLF MINERALS LLC
https://okcountyrecords.com/detail/Custer/2017-002009,1,Custer,2017-03-17,2017-002009,Mineral Deed,1748,0113 - 0115,TIMBERWOLF MINERALS LLC,MEP MID-CON III LLC,S10 T15N R14W SE L2 S10 T15N R14W SE L3,3 : View,TIMBERWOLF MINERALS LLC
https://okcountyrecords.com/detail/Dewey/2017-002408,1,Dewey,2017-03-17,2017-002408,Mineral Deed,1660,0276 - 0278,TIMBERWOLF MINERALS LLC,MEP MID-CON III LLC,S4 T16N R14W S2 NW L3-4 S4 T16N R14W SW,3 : View,TIMBERWOLF MINERALS LLC
https://okcountyrecords.com/detail/Custer/2017-002010,1,Custer,2017-03-17,2017-002010,Mineral Deed,1748,0116 - 0118,TIMBERWOLF MINERALS LLC,MEP MID-CON III LLC,S34 T14N R14W NE,3 : View,TIMBERWOLF MINERALS LLC
https://okcountyrecords.com/detail/Dewey/2017-002409,1,Dewey,2017-03-17,2017-002409,Mineral Deed,1660,0279 - 0281,TIMBERWOLF MINERALS LLC,MEP MID-CON III LLC,S4 T16N R14W S2 NW L3-4 S4 T16N R14W SW,3 : View,TIMBERWOLF MINERALS LLC
https://okcountyrecords.com/detail/Dewey/2017-002512,1,Dewey,2017-03-22,2017-002512,Mineral Deed,1661,0159 - 0161,"MINTON, KAREN D AKA MINTON, KAREN MINTON, JOHNNY E AKA MINTON, JOHNNY AKA 1 more…",TIMBERWOLF MINERALS LLC,S17 T16N R14W NE (Mult) S17 T16N R14W SW 5 more…,3 : View,TIMBERWOLF MINERALS LLC
https://okcountyrecords.com/detail/Blaine/2017-002825,4,Blaine,2017-03-22,2017-002825,Mineral Deed,1269,0634 - 0638,"MILLER, JOANNE MILLER, JOANNE MILLER, MARK MILLER, MARK A 1 more…",TIMBERWOLF MINERALS LLC TIMBERWOLF MINERALS LLC,S14 T13N R13W SW,5 : View,TIMBERWOLF MINERALS LLC
https://okcountyrecords.com/detail/Blaine/2017-002826,1,Blaine,2017-03-22,2017-002826,Mineral Deed,1269,0639 - 0641,"RICE, ELIZABETH D. RICE, ELIZABETH RICE, CURTIS ALLEN RICE, CURTIS A. 4 more…",TIMBERWOLF MINERALS LLC,S06 T16N R10W NW,3 : View,TIMBERWOLF MINERALS LLC
