url,Rank,County,Recorded,Instrument,Type,Book,Page(s),Grantor,Grantee,Legal Description,Images,company
https://okcountyrecords.com/detail/Grady/2022-010103,1,Grady,2022-07-13,2022-010103,Release Lis Pendens,6053,0024,"FENIMORE, CALVIN BALL MORSE LOWE",BCF MINERALS LLC TIMBERWOLF MINERALS LLC MONTAGE MINERALS LLC,S34 T8N R5W,1 : View,TIMBERWOLF MINERALS LLC
https://okcountyrecords.com/detail/Grady/2022-010901,1,Grady,2022-07-28,2022-010901,Oil & Gas Lease,6060,0381,TIMBERWOLF MINERALS LC,TIMBERWOLF ENERGY LLC,S15 T9N R8W,1 : View,TIMBERWOLF MINERALS LLC
https://okcountyrecords.com/detail/Grady/2022-010950,2,Grady,2022-07-29,2022-010950,Oil & Gas Lease,6060,0600,TIMBERWOLF MINERALS LLC,TIMBERWOLF ENERGY LLC,S7 T8N R7W,1 : View,TIMBERWOLF MINERALS LLC
https://okcountyrecords.com/detail/Grady/2022-011011,2,Grady,2022-07-29,2022-011011,Oil & Gas Lease,6061,0290,TIMBERWOLF MINERALS LLC,TIMBERWOLF ENERGY LLC,S18 T8N R7W,1 : View,TIMBERWOLF MINERALS LLC
https://okcountyrecords.com/detail/Grady/2022-011485,2,Grady,2022-08-08,2022-011485,Oil & Gas Lease,6065,0417,TIMBERWOLF MINERALS LLC,TIMBERWOLF ENERGY LLC,S21 T6N R6W,1 : View,TIMBERWOLF MINERALS LLC
https://okcountyrecords.com/detail/Grady/2022-013518,1,Grady,2022-09-15,2022-013518,Affidavit,6083,0363 - 0370,"TIMBERWOLF MINERALS LLC BILLINGS, JOHN T","PUBLIC, THE",S14 T7N R5W,8 : View,TIMBERWOLF MINERALS LLC
https://okcountyrecords.com/detail/Blaine/2022-003388,2,Blaine,2022-09-29,2022-003388,Memorandum Of Oil & Gas Lease,1512,0192,"TIMBERWOLF MINERALS, LLC",TIMBERWOLF ENERGY LLC,S19 T17N R13W NE,1 : View,TIMBERWOLF MINERALS LLC
https://okcountyrecords.com/detail/Custer/2022-005275,2,Custer,2022-11-07,2022-005275,Memorandum Of Oil & Gas,1994,0116,TIMBERWOLF MINERALS LLC,TIMBERWOLF ENERGY LLC,S23 T13N R14W NE,1 : View,TIMBERWOLF MINERALS LLC
https://okcountyrecords.com/detail/McClain/2022-014237,2,McClain,2022-11-07,2022-014237,Memorandum Of Oil & Gas Lease,2821,0793,TIMBERWOLF MINERALS LLC,TIMBERWOLF ENERGY LLC,17 6N3W,1 : View,TIMBERWOLF MINERALS LLC
https://okcountyrecords.com/detail/McClain/2022-016036,2,McClain,2022-12-21,2022-016036,Mineral Deed,2830,0064 - 0066,TIMBERWOLF MINERALS LLC,SIETE AMIGOS LLC,29 8N4W,3 : View,TIMBERWOLF MINERALS LLC
https://okcountyrecords.com/detail/Custer/2022-006263,1,Custer,2022-12-22,2022-006263,Mortgage Security Agree & Financing Statement,2006,0390 - 0408,TIMBERWOLF MINERALS LLC,INTERNATIONAL BANK OF COMMERCE,S26 T14N R14W ALL,19 : View,TIMBERWOLF MINERALS LLC
https://okcountyrecords.com/detail/Blaine/2022-004593,1,Blaine,2022-12-28,2022-004593,Mortgage,1522,0537 - 0555,TIMBERWOLF MINERALS LLC,INTERNATIONAL BANK OF COMMERCE,S34 T13N R11W S29 T15N R10W 1 more…,19 : View,TIMBERWOLF MINERALS LLC
https://okcountyrecords.com/detail/Custer/2023-000983,1,Custer,2023-02-16,2023-000983,Mortgage Security Agree & Financing Statement,2013,0671 - 0689,TIMBERWOLF MINERALS LLC MONTAGE MINERALS LLC,INTERNATIONAL BANK OF COMMERCE,S26 T14N R14W S2 SE,19 : View,TIMBERWOLF MINERALS LLC
https://okcountyrecords.com/detail/Blaine/2023-000590,1,Blaine,2023-02-16,2023-000590,Mortgage,1526,0285 - 0303,TIMBERWOLF MINERALS LLC MONTAGE MINERALS LLC,INTERNATIONAL BANK OF COMMERCE,S34 T13N R11W E2 SE L5-8 S29 T15N R10W N2 N2 SE 2 more…,19 : View,TIMBERWOLF MINERALS LLC
https://okcountyrecords.com/detail/Kingfisher/2023-000686,1,Kingfisher,2023-02-16,2023-000686,Amendment Mtg Misc,3484,0591 - 0609,"TIMBERWOLF MINERALS, LLC MONTAGE MINERALS, LLC",INTERNATIONAL BANK OF COMMERCE,S34 T17N R07W NE S35 T17N R07W W2,19 : View,TIMBERWOLF MINERALS LLC
