url,Rank,County,Recorded,Instrument,Type,Book,Page(s),Grantor,Grantee,Legal Description,Images,company
https://okcountyrecords.com/detail/McClain/2021-006465,1,McClain,2021-05-12,2021-006465,Mineral Deed,2701,0710 - 0712,TIMBERWOLF MINERALS LLC,ECKARD LAND & ACQUISITION LLC,18 8N4W,3 : View,TIMBERWOLF MINERALS LLC
https://okcountyrecords.com/detail/McClain/2021-006466,1,McClain,2021-05-12,2021-006466,Mineral Deed,2701,0713 - 0715,TIMBERWOLF MINERALS LLC,ECKARD LAND & ACQUISITION LLC,18 7N4W,3 : View,TIMBERWOLF MINERALS LLC
https://okcountyrecords.com/detail/McClain/2021-006467,2,McClain,2021-05-12,2021-006467,Mineral Deed,2701,0716 - 0718,TIMBERWOLF MINERALS LLC,ECKARD LAND & ACQUISITION LLC,29 7N4W,3 : View,TIMBERWOLF MINERALS LLC
https://okcountyrecords.com/detail/McClain/2021-006468,1,McClain,2021-05-12,2021-006468,Mineral Deed,2701,0719 - 0721,TIMBERWOLF MINERALS LLC,ECKARD LAND & ACQUISITION LLC,20 7N4W,3 : View,TIMBERWOLF MINERALS LLC
https://okcountyrecords.com/detail/McClain/2021-006469,1,McClain,2021-05-12,2021-006469,Mineral Deed,2701,0722 - 0724,TIMBERWOLF MINERALS LLC,ECKARD LAND & ACQUISITION LLC,"7, 18 8N4W",3 : View,TIMBERWOLF MINERALS LLC
https://okcountyrecords.com/detail/McClain/2021-006470,1,McClain,2021-05-12,2021-006470,Mineral Deed,2701,0725 - 0727,TIMBERWOLF MINERALS LLC,ECKARD LAND & ACQUISITION LLC,18 8N4W,3 : View,TIMBERWOLF MINERALS LLC
https://okcountyrecords.com/detail/McClain/2021-006524,1,McClain,2021-05-13,2021-006524,Mineral Deed,2702,0099 - 0101,"WHITE, HELEN MARIE",TIMBERWOLF MINERALS LLC,12 6N4W,3 : View,TIMBERWOLF MINERALS LLC
https://okcountyrecords.com/detail/Love/2021-001380,1,Love,2021-05-14,2021-001380,Mineral Deed,916,0292 - 0294,FREEMAN JESSE L,TIMBERWOLF MINERALS LLC,26 6 S 1 E W NE; NE NE NW; S NE NW; SE NW,3 : View,TIMBERWOLF MINERALS LLC
https://okcountyrecords.com/detail/Kingfisher/2021-002286,1,Kingfisher,2021-05-14,2021-002286,MINERAL DEED,3375,0371 - 0373,"SAGER, AMY K. SAGER, BRIAN","TIMBERWOLF MINERALS, LLC","S7 T17N R07W W2 SW L3,4",3 : View,TIMBERWOLF MINERALS LLC
https://okcountyrecords.com/detail/McClain/2021-006580,1,McClain,2021-05-14,2021-006580,Mineral Deed,2702,0454 - 0457,"ZELLNER, GARY R ZELLNER, DAWN",TIMBERWOLF MINERALS LLC,"12, 24, 25 6N4W",4 : View,TIMBERWOLF MINERALS LLC
https://okcountyrecords.com/detail/Kingfisher/2021-002499,1,Kingfisher,2021-05-26,2021-002499,MINERAL DEED,3376,0566 - 0568,"STEFFEK, LEONARD R. TRUSTEE STEFFEK, NELL F. TRUSTEE STEFFEK FAMILY TRUST","TIMBERWOLF MINERALS, LLC",S10 T17N R09W NE,3 : View,TIMBERWOLF MINERALS LLC
https://okcountyrecords.com/detail/McClain/2021-007317,1,McClain,2021-05-27,2021-007317,Mineral Deed,2706,0504 - 0506,TIMBERWOLF MINERALS LLC,ECKARD LAND & ACQUISITION LLC,1 6N4W,3 : View,TIMBERWOLF MINERALS LLC
https://okcountyrecords.com/detail/McClain/2021-007318,1,McClain,2021-05-27,2021-007318,Mineral Deed,2706,0507 - 0509,TIMBERWOLF MINERALS LLC,ECKARD LAND & ACQUISITION LLC,12 6N4W,3 : View,TIMBERWOLF MINERALS LLC
https://okcountyrecords.com/detail/McClain/2021-007319,1,McClain,2021-05-27,2021-007319,Mineral Deed,2706,0510 - 0512,TIMBERWOLF MINERALS LLC,ECKARD LAND & ACQUISITION LLC,,3 : View,TIMBERWOLF MINERALS LLC
https://okcountyrecords.com/detail/McClain/2021-007320,1,McClain,2021-05-27,2021-007320,Mineral Deed,2706,0513 - 0515,TIMBERWOLF MINERALS LLC,ECKARD LAND & ACQUISITION LLC,35 6N4W,3 : View,TIMBERWOLF MINERALS LLC
