url,Rank,County,Recorded,Instrument,Type,Book,Page(s),Grantor,Grantee,Legal Description,Images,company
https://okcountyrecords.com/detail/Custer/2017-005858,1.0,Custer,2017-08-16,2017-005858,Mineral Deed,1768,0330 - 0332,TURKEY TRAX TRUST,TIMBERWOLF MINERALS LLC,S23 T13N R14W NE Containing 160 Acre(s) (more or less),3 : View,TIMBERWOLF MINERALS LLC
https://okcountyrecords.com/detail/Blaine/2017-007884,1.0,Blaine,2017-08-17,2017-007884,Mineral Deed,1297,0176 - 0178,TIMBERWOLF MINERALS LLC,SHADOW CREEK MINERALS,S30 T17N R13W W2,3 : View,TIMBERWOLF MINERALS LLC
https://okcountyrecords.com/detail/Blaine/2017-007887,2.5,Blaine,2017-08-17,2017-007887,Mineral Deed,1297,0185 - 0187,TIMBERWOLF MINERALS LLC,SHADOW CREEK MINERALS II LLC,S08 T17N R13W N2 NW,3 : View,TIMBERWOLF MINERALS LLC
https://okcountyrecords.com/detail/Blaine/2017-007888,1.0,Blaine,2017-08-17,2017-007888,Mineral Deed,1297,0188 - 0190,TIMBERWOLF MINERALS LLC,SHADOW CREEK MINERALS II LLC,S08 T17N R13W N2 NW,3 : View,TIMBERWOLF MINERALS LLC
https://okcountyrecords.com/detail/Blaine/2017-007889,1.0,Blaine,2017-08-17,2017-007889,Mineral Deed,1297,0191 - 0193,TIMBERWOLF MINERALS LLC,SHADOW CREEK MINERALS II LLC,S08 T17N R13W N2 NW,3 : View,TIMBERWOLF MINERALS LLC
https://okcountyrecords.com/detail/Blaine/2017-007890,1.0,Blaine,2017-08-17,2017-007890,Mineral Deed,1297,0194 - 0196,TIMBERWOLF MINERALS LLC,SHADOW CREEK MINERALS II LLC,S14 T17N R12W W2,3 : View,TIMBERWOLF MINERALS LLC
https://okcountyrecords.com/detail/Blaine/2017-007891,2.5,Blaine,2017-08-17,2017-007891,Mineral Deed,1297,0197 - 0199,TIMBERWOLF MINERALS LLC,SHADOW CREEK MINERALS II LLC,S19 T16N R13W NE,3 : View,TIMBERWOLF MINERALS LLC
https://okcountyrecords.com/detail/Grady/2017-018674,1.0,Grady,2017-08-18,2017-018674,Mineral Deed,5273,0277 - 0279,"PERCIVAL, DONNA JO DONNA JO PERCIVAL REVOCABLE TRUST",TIMBERWOLF MINERALS LLC,S27 T10N R8W,3 : View,TIMBERWOLF MINERALS LLC
https://okcountyrecords.com/detail/Grady/2017-018673,1.0,Grady,2017-08-18,2017-018673,Mineral Deed,5273,0274 - 0276,"FOREMAN, MARY JANE MARY JANE FOREMAN REVOCABLE TRUST",TIMBERWOLF MINERALS LLC,S27 T10N R8W,3 : View,TIMBERWOLF MINERALS LLC
https://okcountyrecords.com/detail/Blaine/2017-007966,1.0,Blaine,2017-08-21,2017-007966,Mineral Deed,1297,0525 - 0527,"JOHNSON, JANICE E",TIMBERWOLF MINERALS LLC,S31 T14N R13W SE,3 : View,TIMBERWOLF MINERALS LLC
https://okcountyrecords.com/detail/Grady/2017-018851,2.0,Grady,2017-08-21,2017-018851,Mineral Deed,5274,0250 - 0252,GENESIS PRODUCTION COMPANY LLC,TIMBERWOLF MINERALS LLC,S21 T6N R6W,3 : View,TIMBERWOLF MINERALS LLC
https://okcountyrecords.com/detail/Grady/2017-018850,1.0,Grady,2017-08-21,2017-018850,Correct Mineral Deed,5274,0246 - 0249,"HINTON, MAELYN LATHAM",TIMBERWOLF MINERALS LLC,S31 T9N R5W S29 T9N R6W 3 more…,4 : View,TIMBERWOLF MINERALS LLC
https://okcountyrecords.com/detail/Blaine/2017-008065,1.0,Blaine,2017-08-23,2017-008065,Mineral Deed,1298,0291 - 0293,"NEELY, DAVID NEELY, PATRICIA",TIMBERWOLF MINERALS LLC,S25 T15N R11W E2 E2,3 : View,TIMBERWOLF MINERALS LLC
https://okcountyrecords.com/detail/Blaine/2017-008066,1.0,Blaine,2017-08-23,2017-008066,Mineral Deed,1298,0294 - 0296,"HALEY, RANDAL D",TIMBERWOLF MINERALS LLC,S16 T16N R11W NE,3 : View,TIMBERWOLF MINERALS LLC
https://okcountyrecords.com/detail/Blaine/2017-008067,1.0,Blaine,2017-08-23,2017-008067,Mineral Deed,1298,0297 - 0299,"MCMAHAN, KAREN",TIMBERWOLF MINERALS LLC,S09 T16N R10W SE,3 : View,TIMBERWOLF MINERALS LLC
