url,Rank,County,Recorded,Instrument,Type,Book,Page(s),Grantor,Grantee,Legal Description,Images,company
https://okcountyrecords.com/detail/Blaine/2018-002849,1,Blaine,2018-04-24,2018-002849,Mineral Deed,1336,0163 - 0165,"RAINES, DANIEL T",TIMBERWOLF MINERALS LLC,S19 T16N R11W TOWN OF WATONGA B22 L1-4 Partial,3 : View,TIMBERWOLF MINERALS LLC
https://okcountyrecords.com/detail/Blaine/2018-002850,1,Blaine,2018-04-24,2018-002850,Mineral Deed,1336,0166 - 0168,"HANKLA, JESSE R, TRUSTEE JESSE R HANKLA RESTATED REVOCABLE TRUST",TIMBERWOLF MINERALS LLC,S26 T14N R11W N2 NW S35 T14N R11W NW,3 : View,TIMBERWOLF MINERALS LLC
https://okcountyrecords.com/detail/Blaine/2018-002851,2,Blaine,2018-04-24,2018-002851,Mineral Deed,1336,0169 - 0171,SUMMIT PUMPING SERVICES LLC,TIMBERWOLF MINERALS LLC,S31 T16N R12W NE,3 : View,TIMBERWOLF MINERALS LLC
https://okcountyrecords.com/detail/Blaine/2018-002868,1,Blaine,2018-04-25,2018-002868,Mineral Deed,1336,0224 - 0226,"MILLER, WAYNE D",TIMBERWOLF MINERALS LLC,S17 T14N R13W N2 SW,3 : View,TIMBERWOLF MINERALS LLC
https://okcountyrecords.com/detail/Blaine/2018-002869,1,Blaine,2018-04-25,2018-002869,Mineral Deed,1336,0227 - 0229,MUIRFIELD RESOURCES COMPANY,TIMBERWOLF MINERALS LLC,S05 T15N R11W NW,3 : View,TIMBERWOLF MINERALS LLC
https://okcountyrecords.com/detail/Blaine/2018-002872,1,Blaine,2018-04-25,2018-002872,Mineral Deed,1336,0239 - 0241,"BATES, JAY",TIMBERWOLF MINERALS LLC,S06 T14N R12W S2 NE L1-2,3 : View,TIMBERWOLF MINERALS LLC
https://okcountyrecords.com/detail/Kingfisher/2018-004314,1,Kingfisher,2018-04-27,2018-004314,MINERAL DEED,3124,0296 - 0298,"BOLLMAN, STEPHEN JOSEPH","TIMBERWOLF MINERALS, LLC",S35 T15N R08W NE,3 : View,TIMBERWOLF MINERALS LLC
https://okcountyrecords.com/detail/Kingfisher/2018-004380,3,Kingfisher,2018-04-30,2018-004380,MINERAL DEED,3124,0552 - 0554,"TIMBERWOLF MINERALS, LLC","CHERRY CREEK MINERALS, LLC",S20 T17N R09W S2 NW S20 T17N R09W SW SW Partial,3 : View,TIMBERWOLF MINERALS LLC
https://okcountyrecords.com/detail/Kingfisher/2018-004381,3,Kingfisher,2018-04-30,2018-004381,MINERAL DEED,3124,0555 - 0557,"TIMBERWOLF MINERALS, LLC","CHERRY CREEK MINERALS, LLC",S29 T17N R09W NW,3 : View,TIMBERWOLF MINERALS LLC
https://okcountyrecords.com/detail/Kingfisher/2018-004382,3,Kingfisher,2018-04-30,2018-004382,MINERAL DEED,3124,0558 - 0560,"TIMBERWOLF MINERALS, LLC","CHERRY CREEK MINERALS, LLC",S28 T15N R09W NE S28 T15N R09W S2 3 more…,3 : View,TIMBERWOLF MINERALS LLC
https://okcountyrecords.com/detail/Kingfisher/2018-004383,3,Kingfisher,2018-04-30,2018-004383,MINERAL DEED,3124,0561 - 0563,"TIMBERWOLF MINERALS, LLC","CHERRY CREEK MINERALS, LLC","S2 T15N R07W S2 NE S2 T15N R07W L1,2 1 more…",3 : View,TIMBERWOLF MINERALS LLC
https://okcountyrecords.com/detail/Kingfisher/2018-004384,3,Kingfisher,2018-04-30,2018-004384,MINERAL DEED,3124,0564 - 0566,"TIMBERWOLF MINERALS, LLC","CHERRY CREEK MINERALS, LLC",S35 T15N R08W NE,3 : View,TIMBERWOLF MINERALS LLC
https://okcountyrecords.com/detail/Blaine/2018-003040,3,Blaine,2018-05-01,2018-003040,Mineral Deed,1337,0214 - 0216,TIMBERWOLF MINERALS LLC,CHERRY CREEK MINERALS LLC,S06 T14N R12W S2 NE L1-2,3 : View,TIMBERWOLF MINERALS LLC
https://okcountyrecords.com/detail/Blaine/2018-003041,1,Blaine,2018-05-01,2018-003041,Mineral Deed,1337,0217 - 0219,TIMBERWOLF MINERALS LLC,CHERRY CREEK MINERALS LLC,S09 T14N R13W NE SW L2-3,3 : View,TIMBERWOLF MINERALS LLC
https://okcountyrecords.com/detail/Blaine/2018-003042,3,Blaine,2018-05-01,2018-003042,Mineral Deed,1337,0220 - 0222,TIMBERWOLF MINERALS LLC,CHERRY CREEK MINERALS LLC,S35 T14N R11W NE,3 : View,TIMBERWOLF MINERALS LLC
