url,Rank,County,Recorded,Instrument,Type,Book,Page(s),Grantor,Grantee,Legal Description,Images,company
https://okcountyrecords.com/detail/Blaine/2017-000346,1,Blaine,2017-01-17,2017-000346,Mineral Deed,1257,0086 - 0088,TIMBERWOLF MINERALS LLC,LONGPOINT MINERALS LLC,S12 T17N R11W E2 NE S12 T17N R11W SE 2 more…,3 : View,TIMBERWOLF MINERALS LLC
https://okcountyrecords.com/detail/Blaine/2017-000347,1,Blaine,2017-01-17,2017-000347,Mineral Deed,1257,0089 - 0091,TIMBERWOLF MINERALS LLC,LONGPOINT MINERALS LLC,S17 T17N R10W N2 S2,3 : View,TIMBERWOLF MINERALS LLC
https://okcountyrecords.com/detail/Blaine/2017-000348,1,Blaine,2017-01-17,2017-000348,Mineral Deed,1257,0092 - 0094,TIMBERWOLF MINERALS LLC,LONGPOINT MINERALS LLC,S09 T14N R11W N2 S10 T14N R11W N2,3 : View,TIMBERWOLF MINERALS LLC
https://okcountyrecords.com/detail/Custer/2017-000387,1,Custer,2017-01-17,2017-000387,Mineral Deed,1740,0678 - 0680,TIMBERWOLF MINERALS LLC,LONGPOINT MINERALS LLC,S25 T14N R14W SE Containing 160 Acre(s) (more or less),3 : View,TIMBERWOLF MINERALS LLC
https://okcountyrecords.com/detail/Kingfisher/2017-000864,1,Kingfisher,2017-01-24,2017-000864,MINERAL DEED,2975,0485 - 0487,"LOVE, JOHN F. REV TRUST","TIMBERWOLF MINERALS, LLC",S13 T16N R08W N2,3 : View,TIMBERWOLF MINERALS LLC
https://okcountyrecords.com/detail/Blaine/2017-000618,1,Blaine,2017-01-24,2017-000618,Mineral Deed,1258,0289 - 0291,"KIKER, CLAUDIA B.",TIMBERWOLF MINERALS LLC,S17 T15N R12W NW NW,3 : View,TIMBERWOLF MINERALS LLC
https://okcountyrecords.com/detail/Blaine/2017-000619,1,Blaine,2017-01-24,2017-000619,Mineral Deed,1258,0292 - 0294,"HOCHANADEL, MAX D.",TIMBERWOLF MINERALS LLC,S17 T15N R12W NW NW,3 : View,TIMBERWOLF MINERALS LLC
https://okcountyrecords.com/detail/Blaine/2017-000619,1,Blaine,2017-01-24,2017-000619,Mineral Deed,1258,0292 - 0294,"HOCHANADEL, MAX D.",TIMBERWOLF MINERALS LLC,S17 T15N R12W NW NW,3 : View,TIMBERWOLF MINERALS LLC
https://okcountyrecords.com/detail/Blaine/2017-000620,1,Blaine,2017-01-24,2017-000620,Mineral Deed,1258,0295 - 0297,"SLOUS, RITA L.",TIMBERWOLF MINERALS LLC,S17 T15N R12W NW NW,3 : View,TIMBERWOLF MINERALS LLC
https://okcountyrecords.com/detail/Blaine/2017-000620,1,Blaine,2017-01-24,2017-000620,Mineral Deed,1258,0295 - 0297,"SLOUS, RITA L.",TIMBERWOLF MINERALS LLC,S17 T15N R12W NW NW,3 : View,TIMBERWOLF MINERALS LLC
https://okcountyrecords.com/detail/Custer/2017-000565,1,Custer,2017-01-24,2017-000565,Mineral Deed,1741,0450 - 0452,"LEWIS, NANCY E. REVOCABLE TRUST AGREEMENT",TIMBERWOLF MINERALS LLC,S10 T15N R14W SE L2 Partial S10 T15N R14W L3 Partial 1 more…,3 : View,TIMBERWOLF MINERALS LLC
https://okcountyrecords.com/detail/Blaine/2017-000669,1,Blaine,2017-01-25,2017-000669,Mineral Deed,1258,0476 - 0478,"FINCH, GENA",TIMBERWOLF MINERALS LLC,S06 T16N R11W SE NW L3-5 S06 T16N R11W N2 SE 1 more…,3 : View,TIMBERWOLF MINERALS LLC
https://okcountyrecords.com/detail/Kingfisher/2017-001161,1,Kingfisher,2017-01-30,2017-001161,MINERAL DEED,2978,0250 - 0252,"BLOME, INC","TIMBERWOLF MINERALS, LLC",S9 T15N R08W SW SW S9 T15N R08W W2 SE SW,3 : View,TIMBERWOLF MINERALS LLC
https://okcountyrecords.com/detail/Blaine/2017-000776,1,Blaine,2017-01-30,2017-000776,Mineral Deed,1259,0176 - 0178,"LOHRMANN, KURT VICTOR",TIMBERWOLF MINERALS LLC,S07 T16N R11W SE,3 : View,TIMBERWOLF MINERALS LLC
https://okcountyrecords.com/detail/Kingfisher/2017-001223,1,Kingfisher,2017-01-31,2017-001223,MINERAL DEED,2979,0140 - 0142,"DAUL, VIRGINIA M.","TIMBERWOLF MINERALS, LLC",S27 T16N R06W NW,3 : View,TIMBERWOLF MINERALS LLC
