url,Rank,County,Recorded,Instrument,Type,Book,Page(s),Grantor,Grantee,Legal Description,Images,company
https://okcountyrecords.com/detail/Kingfisher/2016-013189,3,Kingfisher,2016-11-17,2016-013189,DEED CORR,2944,0559 - 0563,"TIMBERWOLF MINERALS, LLC","LONGPOINT MINERALS, LLC",S07 T16N R09W NE,5 : View,TIMBERWOLF MINERALS LLC
https://okcountyrecords.com/detail/Kingfisher/2016-013190,3,Kingfisher,2016-11-17,2016-013190,DEED CORR,2944,0564 - 0568,"TIMBERWOLF MINERALS, LLC","LONGPOINT MINERALS, LLC",S08 T17N R09W NW S16 T16N R08W SW,5 : View,TIMBERWOLF MINERALS LLC
https://okcountyrecords.com/detail/Blaine/2016-020538,1,Blaine,2016-11-17,2016-020538,Mineral Deed,1247,0337 - 0339,"WARKENTIN, JACK ARTHUR, TRUSTEE WARKENTIN LIVING TRUST",TIMBERWOLF MINERALS LLC,S13 T14N R11W E2 SW,3 : View,TIMBERWOLF MINERALS LLC
https://okcountyrecords.com/detail/Blaine/2016-020539,1,Blaine,2016-11-17,2016-020539,Mineral Deed,1247,0340 - 0342,"MAGNESS, SUE ANN, TRUSTEE SUE ANN MAGNESS FAMILY TRUST",TIMBERWOLF MINERALS LLC,S11 T13N R12W SW,3 : View,TIMBERWOLF MINERALS LLC
https://okcountyrecords.com/detail/Blaine/2016-020540,1,Blaine,2016-11-17,2016-020540,Mineral Deed,1247,0343 - 0345,"PITTMAN, LYNDA R.",TIMBERWOLF MINERALS LLC,S02 T15N R11W SW Partial S22 T15N R13W NE,3 : View,TIMBERWOLF MINERALS LLC
https://okcountyrecords.com/detail/Blaine/2016-020541,1,Blaine,2016-11-17,2016-020541,Mineral Deed,1247,0346 - 0348,"HOCHANADEL, GERY C",TIMBERWOLF MINERALS LLC,S17 T15N R12W NW Partial,3 : View,TIMBERWOLF MINERALS LLC
https://okcountyrecords.com/detail/Blaine/2016-020542,1,Blaine,2016-11-17,2016-020542,Mineral Deed,1247,0349 - 0351,"ZWEIACHER, CLIFTON L",TIMBERWOLF MINERALS LLC,S14 T14N R11W SW,3 : View,TIMBERWOLF MINERALS LLC
https://okcountyrecords.com/detail/Blaine/2016-020546,3,Blaine,2016-11-17,2016-020546,Corrected Mineral Deed,1247,0358 - 0362,TIMBERWOLF MINERALS LLC,LOMGPOINT MINERALS LLC,S35 T15N R10W S2 SE,5 : View,TIMBERWOLF MINERALS LLC
https://okcountyrecords.com/detail/Blaine/2016-020547,1,Blaine,2016-11-17,2016-020547,Mineral Deed,1247,0363 - 0365,"MATLI, DORIS",TIMBERWOLF MINERALS LLC,S15 T16N R11W E2 SE,3 : View,TIMBERWOLF MINERALS LLC
https://okcountyrecords.com/detail/Blaine/2016-020548,1,Blaine,2016-11-17,2016-020548,Mineral Deed,1247,0366 - 0368,"MATLI, DORIS, TRUSTEE DORIS MATLI REVOCABLE TRUST",TIMBERWOLF MINERALS LLC,S15 T16N R11W E2 SE,3 : View,TIMBERWOLF MINERALS LLC
https://okcountyrecords.com/detail/Blaine/2016-020589,1,Blaine,2016-11-18,2016-020589,Mineral Deed,1247,0458 - 0460,"DANIEL, CONNIE PAYNE ATTORNEY-IN-FACT PAYNE, RUTH","TIMBERWOLF MINERALS, LLC",S28 T15N R12W SW S33 T15N R12W NW Containing 110 Acre(s) (more or less),3 : View,TIMBERWOLF MINERALS LLC
https://okcountyrecords.com/detail/Kingfisher/2016-013588,1,Kingfisher,2016-11-30,2016-013588,MINERAL DEED,2949,0456 - 0458,"TIMBERWOLF MINERALS, LLC","LONGPOINT MINERALS, LLC",S9 T15N R08W SW SW S9 T15N R08W W2 SE SW,3 : View,TIMBERWOLF MINERALS LLC
https://okcountyrecords.com/detail/Kingfisher/2016-013589,1,Kingfisher,2016-11-30,2016-013589,MINERAL DEED,2949,0459 - 0461,"TIMBERWOLF MINERALS, LLC","LONGPOINT MINERALS, LLC",S30 T17N R07W S2 NE,3 : View,TIMBERWOLF MINERALS LLC
https://okcountyrecords.com/detail/Kingfisher/2016-013590,1,Kingfisher,2016-11-30,2016-013590,MINERAL DEED,2949,0462 - 0464,"TIMBERWOLF MINERALS, LLC","LONGPOINT MINERALS, LLC",S7 T17N R09W SE,3 : View,TIMBERWOLF MINERALS LLC
https://okcountyrecords.com/detail/Kingfisher/2016-013591,1,Kingfisher,2016-11-30,2016-013591,MINERAL DEED,2949,0465 - 0467,"TIMBERWOLF MINERALS, LLC","LONGPOINT MINERALS, LLC",S5 T15N R08W SE,3 : View,TIMBERWOLF MINERALS LLC
