url,Rank,County,Recorded,Instrument,Type,Book,Page(s),Grantor,Grantee,Legal Description,Images,company
https://okcountyrecords.com/detail/Blaine/2017-010442,1,Blaine,2017-11-08,2017-010442,Corrected Mineral Deed,1312,0341 - 0343,TIMBERWOLF MINERALS LLC,MEP OKLAHOMA LLC,S05 T13N R13W SW S07 T13N R13W S2 SE 3 more…,3 : View,TIMBERWOLF MINERALS LLC
https://okcountyrecords.com/detail/Blaine/2017-010443,1,Blaine,2017-11-08,2017-010443,Corrected Mineral Deed,1312,0344 - 0346,TIMBERWOLF MINERALS LLC,MEP OKLAHOMA LLC,S22 T13N R13W E2 SE SE S22 T13N R13W SW 3 more…,3 : View,TIMBERWOLF MINERALS LLC
https://okcountyrecords.com/detail/Blaine/2017-010444,1,Blaine,2017-11-08,2017-010444,Corrected Mineral Deed,1312,0347 - 0349,TIMBERWOLF MINERALS LLC,MEP OKLAHOMA LLC,S05 T13N R13W SW S07 T13N R13W S2 SE 3 more…,3 : View,TIMBERWOLF MINERALS LLC
https://okcountyrecords.com/detail/Blaine/2017-010445,1,Blaine,2017-11-08,2017-010445,Corrected Mineral Deed,1312,0350 - 0352,TIMBERWOLF MINERALS LLC,MEP OKLAHOMA LLC,S33 T14N R11W NE,3 : View,TIMBERWOLF MINERALS LLC
https://okcountyrecords.com/detail/Blaine/2017-010446,1,Blaine,2017-11-08,2017-010446,Corrected Mineral Deed,1312,0353 - 0355,TIMBERWOLF MINERALS LLC,MEP OKLAHOMA LLC,S05 T13N R13W SW S07 T13N R13W S2 SE 3 more…,3 : View,TIMBERWOLF MINERALS LLC
https://okcountyrecords.com/detail/Blaine/2017-010447,1,Blaine,2017-11-08,2017-010447,Corrected Mineral Deed,1312,0356 - 0358,TIMBERWOLF MINERALS LLC,MEP OKLAHOMA LLC,S08 T15N R13W SW,3 : View,TIMBERWOLF MINERALS LLC
https://okcountyrecords.com/detail/Blaine/2017-010448,1,Blaine,2017-11-08,2017-010448,Corrected Mineral Deed,1312,0359 - 0361,TIMBERWOLF MINERALS LLC,MEP OKLAHOMA LLC,S11 T13N R11W SW SW,3 : View,TIMBERWOLF MINERALS LLC
https://okcountyrecords.com/detail/Blaine/2017-010449,1,Blaine,2017-11-08,2017-010449,Mineral Deed,1312,0362 - 0364,TIMBERWOLF MINERALS LLC,LONGPOINT MINERALS LLC,S06 T14N R12W SW S08 T16N R12W SE,3 : View,TIMBERWOLF MINERALS LLC
https://okcountyrecords.com/detail/Blaine/2017-010450,1,Blaine,2017-11-08,2017-010450,Mineral Deed,1312,0365 - 0367,TIMBERWOLF MINERALS LLC,LONGPOINT MINERALS LLC,S03 T15N R13W N2 NW S10 T15N R13W W2 NW,3 : View,TIMBERWOLF MINERALS LLC
https://okcountyrecords.com/detail/Blaine/2017-010451,1,Blaine,2017-11-08,2017-010451,Mineral Deed,1312,0368 - 0370,TIMBERWOLF MINERALS LLC,LONGPOINT MINERALS LLC,S24 T16N R13W NW,3 : View,TIMBERWOLF MINERALS LLC
https://okcountyrecords.com/detail/Blaine/2017-010452,3,Blaine,2017-11-08,2017-010452,Mineral Deed,1312,0371 - 0373,TIMBERWOLF MINERALS LLC,LONGPOINT MINERALS LLC,S25 T15N R11W E2 E2,3 : View,TIMBERWOLF MINERALS LLC
https://okcountyrecords.com/detail/Blaine/2017-010453,1,Blaine,2017-11-08,2017-010453,Mineral Deed,1312,0374 - 0376,TIMBERWOLF MINERALS LLC,LONGPOINT MINERALS LLC,S01 T13N R12W SE S12 T13N R12W W2 NE,3 : View,TIMBERWOLF MINERALS LLC
https://okcountyrecords.com/detail/Kingfisher/2017-012339,3,Kingfisher,2017-11-08,2017-012339,MINERAL DEED,3073,0584 - 0586,"TIMBERWOLF MINERALS, LLC","LONGPOINT MINERALS, LLC","S5 T17N R06W S2 NE S5 T17N R06W L1,2",3 : View,TIMBERWOLF MINERALS LLC
https://okcountyrecords.com/detail/Kingfisher/2017-012340,1,Kingfisher,2017-11-08,2017-012340,MINERAL DEED,3073,0587 - 0589,"TIMBERWOLF MINERALS, LLC","LONGPOINT MINERALS, LLC",S28 T15N R09W NE S28 T15N R09W S2 3 more…,3 : View,TIMBERWOLF MINERALS LLC
https://okcountyrecords.com/detail/Kingfisher/2017-012341,3,Kingfisher,2017-11-08,2017-012341,MINERAL DEED,3073,0590 - 0592,"TIMBERWOLF MINERALS, LLC","LONGPOINT MINERALS, LLC",S23 T16N R06W NE,3 : View,TIMBERWOLF MINERALS LLC
