url,Rank,County,Recorded,Instrument,Type,Book,Page(s),Grantor,Grantee,Legal Description,Images,company
https://okcountyrecords.com/detail/McClain/2017-011660,1,McClain,2017-08-02,2017-011660,Mineral Deed,2398,0194 - 0196,"WITTROCK, VICKI WITTROCK, RAYMOND",TIMBERWOLF MINERALS LLC,"7, 18 8N4W",3 : View,TIMBERWOLF MINERALS LLC
https://okcountyrecords.com/detail/Grady/2017-017237,1,Grady,2017-08-02,2017-017237,Mineral Deed,5260,0567 - 0569,"WITTROCK, VICKI WITTROCK, RAYMOND",TIMBERWOLF MINERALS LLC,S12 T8N R5W,3 : View,TIMBERWOLF MINERALS LLC
https://okcountyrecords.com/detail/Grady/2017-017236,1,Grady,2017-08-02,2017-017236,Mineral Deed,5260,0564 - 0566,"BREWER, JOHN W BREWER, NANCY B",TIMBERWOLF MINERALS LLC,S30 T7N R5W,3 : View,TIMBERWOLF MINERALS LLC
https://okcountyrecords.com/detail/Kingfisher/2017-008821,1,Kingfisher,2017-08-04,2017-008821,MINERAL DEED,3047,0578 - 0580,"POTTS, MARJORIE RILEY","TIMBERWOLF MINERALS, LLC",S22 T17N R08W SW,3 : View,TIMBERWOLF MINERALS LLC
https://okcountyrecords.com/detail/Grady/2017-017490,1,Grady,2017-08-04,2017-017490,Mineral Deed,5262,0233 - 0235,"MOSS, RONALD J MOSS, CHERYL",TIMBERWOLF MINERALS LLC,S01 T7N R7W,3 : View,TIMBERWOLF MINERALS LLC
https://okcountyrecords.com/detail/Grady/2017-017489,1,Grady,2017-08-04,2017-017489,Mineral Deed,5262,0230 - 0232,LATHAM AND COMPANY INC,TIMBERWOLF MINERALS LLC,S31 T9N R5W S29 T9N R6W 1 more…,3 : View,TIMBERWOLF MINERALS LLC
https://okcountyrecords.com/detail/Grady/2017-017488,1,Grady,2017-08-04,2017-017488,Mineral Deed,5262,0227 - 0229,"HUFFINE, JIMMY F",TIMBERWOLF MINERALS LLC,S19 T8N R7W S24 T8N R8W,3 : View,TIMBERWOLF MINERALS LLC
https://okcountyrecords.com/detail/Grady/2017-017487,1,Grady,2017-08-04,2017-017487,Mineral Deed,5262,0224 - 0226,SCREAMING MIMI OIL COMPANY INC,TIMBERWOLF MINERALS LLC,S28 T9N R5W,3 : View,TIMBERWOLF MINERALS LLC
https://okcountyrecords.com/detail/Blaine/2017-007488,1,Blaine,2017-08-04,2017-007488,Mineral Deed,1294,0518 - 0520,TIMBERWOLF MINERALS LLC,SHADOW CREEK MINERALS II LLC,S04 T16N R13W SE S09 T16N R13W SW 2 more…,3 : View,TIMBERWOLF MINERALS LLC
https://okcountyrecords.com/detail/Blaine/2017-007489,1,Blaine,2017-08-04,2017-007489,Mineral Deed,1294,0521 - 0523,TIMBERWOLF MINERALS LLC,SHADOW CREEK MINERALS II LLC,"S24 T17N R13W NE SE L4-5,8",3 : View,TIMBERWOLF MINERALS LLC
https://okcountyrecords.com/detail/Blaine/2017-007490,1,Blaine,2017-08-04,2017-007490,Mineral Deed,1294,0524 - 0526,"BOLLINGER, PHILLIP",TIMBERWOLF MINERALS LLC,S26 T15N R12W,3 : View,TIMBERWOLF MINERALS LLC
https://okcountyrecords.com/detail/Blaine/2017-007491,1,Blaine,2017-08-04,2017-007491,Mineral Deed,1294,0527 - 0529,"FREEMAN, DOUGLAS FREEMAN, VIRGINIA R",TIMBERWOLF MINERALS LLC,S07 T16N R10W E2 SW S07 T16N R10W W2 SE 2 more…,3 : View,TIMBERWOLF MINERALS LLC
https://okcountyrecords.com/detail/Blaine/2017-007492,1,Blaine,2017-08-04,2017-007492,Mineral Deed,1294,0530 - 0532,"STRACK, MARK S",TIMBERWOLF MINERALS LLC,S33 T17N R11W SW,3 : View,TIMBERWOLF MINERALS LLC
https://okcountyrecords.com/detail/Blaine/2017-007493,1,Blaine,2017-08-04,2017-007493,Mineral Deed,1294,0533 - 0535,"POMEROY, MADGE CAROL",TIMBERWOLF MINERALS LLC,S08 T17N R13W N2 NW,3 : View,TIMBERWOLF MINERALS LLC
https://okcountyrecords.com/detail/Blaine/2017-007499,1,Blaine,2017-08-07,2017-007499,Mineral Deed,1294,0559 - 0561,"ELDER, CHARLES R., TRUSTEE CHARLES R ELDER LIVING TRUST",TIMBERWOLF MINERALS LLC,S04 T16N R13W SE S09 T16N R13W SW 2 more…,3 : View,TIMBERWOLF MINERALS LLC
