url,Rank,County,Recorded,Instrument,Type,Book,Page(s),Grantor,Grantee,Legal Description,Images,company
https://okcountyrecords.com/detail/Kingfisher/2018-009434,3,Kingfisher,2018-09-27,2018-009434,MINERAL DEED,3170,0022 - 0024,"TIMBERWOLF MINERALS, LLC","CHERRY CREEK MINERALS, LLC",S24 T16N R06W E2 SW S24 T16N R06W SE,3 : View,TIMBERWOLF MINERALS LLC
https://okcountyrecords.com/detail/Kingfisher/2018-009435,3,Kingfisher,2018-09-27,2018-009435,MINERAL DEED,3170,0025 - 0027,"TIMBERWOLF MINERALS, LLC","CHERRY CREEK MINERALS, LLC",S24 T16N R06W E2 SW S24 T16N R06W SE,3 : View,TIMBERWOLF MINERALS LLC
https://okcountyrecords.com/detail/Blaine/2018-006615,1,Blaine,2018-09-27,2018-006615,Mineral Deed,1360,0378 - 0380,"GODFREY FAMILY TRUST GODFREY, SHIRLEY A GODFFREY, JOHN S., TRUSTEE",TIMBERWOLF MINERALS LLC,S19 T16N R13W NE,3 : View,TIMBERWOLF MINERALS LLC
https://okcountyrecords.com/detail/Blaine/2018-006616,1,Blaine,2018-09-27,2018-006616,Mineral Deed,1360,0381 - 0383,TIMBERWOLF MINERALS LLC,CHERRY CREEK MINERALS LLC,S07 T15N R11W SE,3 : View,TIMBERWOLF MINERALS LLC
https://okcountyrecords.com/detail/Blaine/2018-006617,1,Blaine,2018-09-27,2018-006617,Mineral Deed,1360,0384 - 0386,TIMBERWOLF MINERALS LLC,CHERRY CREEK MINERALS LLC,S07 T15N R11W NE,3 : View,TIMBERWOLF MINERALS LLC
https://okcountyrecords.com/detail/Blaine/2018-006618,1,Blaine,2018-09-27,2018-006618,Mineral Deed,1360,0387 - 0389,TIMBERWOLF MINERALS LLC,CHERRY CREEK MINERALS LLC,S07 T15N R11W SE,3 : View,TIMBERWOLF MINERALS LLC
https://okcountyrecords.com/detail/Blaine/2018-006608,1,Blaine,2018-09-27,2018-006608,Mineral Deed,1360,0353 - 0355,TIMBERWOLF MINERALS LLC,CHERRY CREEK MINERALS LLC,S07 T15N R11W NE,3 : View,TIMBERWOLF MINERALS LLC
https://okcountyrecords.com/detail/Kingfisher/2018-009473,3,Kingfisher,2018-09-28,2018-009473,MINERAL DEED,3170,0165 - 0168,"TIMBERWOLF MINERALS, LLC","BRIGHAM MINERALS, LLC",S36 T15N R08W SE,4 : View,TIMBERWOLF MINERALS LLC
https://okcountyrecords.com/detail/Blaine/2018-006770,1,Blaine,2018-10-05,2018-006770,Mineral Deed,1361,0383 - 0385,"DOBBINS, KENT DOUGLAS",TIMBERWOLF MINERALS LLC,S24 T16N R12W HILLCREST HEIGHTS SECOND ADDN WATONGA B1 L21 Partial,3 : View,TIMBERWOLF MINERALS LLC
https://okcountyrecords.com/detail/Kingfisher/2018-009726,1,Kingfisher,2018-10-05,2018-009726,MINERAL DEED,3172,0256 - 0258,"FORBES, DONNA K.","TIMBERWOLF MINERALS, LLC",S9 T15N R08W S2 SE S9 T15N R08W NE,3 : View,TIMBERWOLF MINERALS LLC
https://okcountyrecords.com/detail/Kingfisher/2018-009727,1,Kingfisher,2018-10-05,2018-009727,MINERAL DEED,3172,0259 - 0261,"JAMES, DIANA H.","TIMBERWOLF MINERALS, LLC",S9 T15N R08W S2 SE S9 T15N R08W NE,3 : View,TIMBERWOLF MINERALS LLC
https://okcountyrecords.com/detail/Kingfisher/2018-009728,1,Kingfisher,2018-10-05,2018-009728,MINERAL DEED,3172,0262 - 0264,THE MALT JOINT REVOCABLE TRUST,"TIMBERWOLF MINERALS, LLC",S9 T15N R08W S2 SE S9 T15N R08W NE,3 : View,TIMBERWOLF MINERALS LLC
https://okcountyrecords.com/detail/Custer/2018-006244,1,Custer,2018-10-09,2018-006244,Mineral Deed,1817,0170 - 0172,"JOHNSTON, ELON BETH",TIMBERWOLF MINERALS LLC,S21 T15N R14W NE Partial,3 : View,TIMBERWOLF MINERALS LLC
https://okcountyrecords.com/detail/Kingfisher/2018-009771,1,Kingfisher,2018-10-09,2018-009771,MINERAL DEED,3172,0405 - 0407,"HOEFER, SARA J. TRUSTEE","TIMBERWOLF MINERALS, LLC",S28 T17N R09W N2 S2 NW,3 : View,TIMBERWOLF MINERALS LLC
https://okcountyrecords.com/detail/Kingfisher/2018-009772,1,Kingfisher,2018-10-09,2018-009772,MINERAL DEED,3172,0408 - 0410,"HOEFER, SARA J. PERSONAL REP","TIMBERWOLF MINERALS, LLC",S28 T17N R09W N2 S2 NW,3 : View,TIMBERWOLF MINERALS LLC
