url,Rank,County,Recorded,Instrument,Type,Book,Page(s),Grantor,Grantee,Legal Description,Images,company
https://okcountyrecords.com/detail/Kingfisher/2017-002836,3,Kingfisher,2017-03-10,2017-002836,MINERAL DEED,2995,0016 - 0018,"TIMBERWOLF MINERALS, LLC","LONGPOINT MINERALS, LLC",S31 T15N R08W E2,3 : View,TIMBERWOLF MINERALS LLC
https://okcountyrecords.com/detail/Blaine/2017-002523,1,Blaine,2017-03-10,2017-002523,Mineral Deed,1268,0166 - 0168,TIMBERWOLF MINERALS LLC,LONGPOINT MINERALS LLC,S28 T15N R12W NW,3 : View,TIMBERWOLF MINERALS LLC
https://okcountyrecords.com/detail/Blaine/2017-002524,3,Blaine,2017-03-10,2017-002524,Mineral Deed,1268,0169 - 0171,TIMBERWOLF MINERALS LLC,LONGPOINT MINERALS LLC,S27 T16N R11W NE SE,3 : View,TIMBERWOLF MINERALS LLC
https://okcountyrecords.com/detail/Blaine/2017-002525,1,Blaine,2017-03-10,2017-002525,Mineral Deed,1268,0172 - 0174,TIMBERWOLF MINERALS LLC,LONGPOINT MINERALS LLC,S04 T14N R12W E2,4 : View,TIMBERWOLF MINERALS LLC
https://okcountyrecords.com/detail/Blaine/2017-002526,1,Blaine,2017-03-10,2017-002526,Mineral Deed,1268,0175 - 0177,TIMBERWOLF MINERALS LLC,LONGPOINT MINERALS LLC,S34 T16N R11W NE,3 : View,TIMBERWOLF MINERALS LLC
https://okcountyrecords.com/detail/Blaine/2017-002527,1,Blaine,2017-03-10,2017-002527,Mineral Deed,1268,0178 - 0180,TIMBERWOLF MINERALS LLC,LONGPOINT MINERALS LLC,S34 T16N R11W NE,3 : View,TIMBERWOLF MINERALS LLC
https://okcountyrecords.com/detail/Blaine/2017-002528,3,Blaine,2017-03-10,2017-002528,Mineral Deed,1268,0181 - 0183,TIMBERWOLF MINERALS LLC,LONGPOINT MINERALS LLC,S27 T16N R11W NE SE,4 : View,TIMBERWOLF MINERALS LLC
https://okcountyrecords.com/detail/Blaine/2017-002529,3,Blaine,2017-03-10,2017-002529,Mineral Deed,1268,0184 - 0186,TIMBERWOLF MINERALS LLC,LONGPOINT MINERALS LLC,S24 T15N R10W E2 E2,3 : View,TIMBERWOLF MINERALS LLC
https://okcountyrecords.com/detail/Blaine/2017-002658,3,Blaine,2017-03-16,2017-002658,Mineral Deed,1268,0575 - 0577,TIMBERWOLF MINERALS LLC,LONGPOINT MINERALS LLC,S18 T15N R10W N2 SE,3 : View,TIMBERWOLF MINERALS LLC
https://okcountyrecords.com/detail/Blaine/2017-002659,1,Blaine,2017-03-16,2017-002659,Mineral Deed,1268,0578 - 0580,TIMBERWOLF MINERALS LLC,LONGPOINT MINERALS LLC,S28 T15N R12W NW,3 : View,TIMBERWOLF MINERALS LLC
https://okcountyrecords.com/detail/Kingfisher/2017-003051,1,Kingfisher,2017-03-16,2017-003051,MINERAL DEED,2996,0188 - 0190,"ASHBY, DAVID N.","TIMBERWOLF MINERALS, LLC",S18 T15N R07W NE S31 T16N R06W E2 SW 1 more…,3 : View,TIMBERWOLF MINERALS LLC
https://okcountyrecords.com/detail/Kingfisher/2017-003116,1,Kingfisher,2017-03-17,2017-003116,MINERAL DEED,2997,0001 - 0003,"WHEATLEY, RICHARD L. JR.","TIMBERWOLF MINERALS, LLC",S24 T15N R08W W2 SW,3 : View,TIMBERWOLF MINERALS LLC
https://okcountyrecords.com/detail/Blaine/2017-002698,2,Blaine,2017-03-17,2017-002698,Mineral Deed,1268,0700 - 0702,TIMBERWOLF MINERALS LLC,MEP MID-CON III LLC,S11 T13N R12W SE S14 T13N R12W E2 NE,3 : View,TIMBERWOLF MINERALS LLC
https://okcountyrecords.com/detail/Blaine/2017-002699,2,Blaine,2017-03-17,2017-002699,Mineral Deed,1268,0703 - 0705,TIMBERWOLF MINERALS LLC,MEP MID-CON III LLC,S11 T13N R12W SE S14 T13N R12W E2 NE,3 : View,TIMBERWOLF MINERALS LLC
https://okcountyrecords.com/detail/Blaine/2017-002700,1,Blaine,2017-03-17,2017-002700,Mineral Deed,1269,0001 - 0003,TIMBERWOLF MINERALS LLC,MEP MID-CON III LLC,S36 T14N R12W NE,3 : View,TIMBERWOLF MINERALS LLC
