url,Rank,County,Recorded,Instrument,Type,Book,Page(s),Grantor,Grantee,Legal Description,Images,company
https://okcountyrecords.com/detail/Blaine/2017-010058,1,Blaine,2017-10-26,2017-010058,Mineral Deed,1310,0116 - 0118,"WILLIAMS, RICHARD",TIMBERWOLF MINERALS LLC,S04 T14N R12W S2 NE L1-2,3 : View,TIMBERWOLF MINERALS LLC
https://okcountyrecords.com/detail/Blaine/2017-010060,1,Blaine,2017-10-26,2017-010060,Mineral Deed,1310,0124 - 0126,"WILSON, JOHN M.",TIMBERWOLF MINERALS LLC,S04 T14N R12W S2 NE L1-2,3 : View,TIMBERWOLF MINERALS LLC
https://okcountyrecords.com/detail/Blaine/2017-010110,2,Blaine,2017-10-30,2017-010110,Mineral Deed,1310,0316 - 0318,TIMBERWOLF MINERALS LLC,PERPETUAL PRODUCTION-MIDCON LLC,S33 T17N R10W N2 NE S29 T17N R10W S2,3 : View,TIMBERWOLF MINERALS LLC
https://okcountyrecords.com/detail/Blaine/2017-010220,1,Blaine,2017-11-01,2017-010220,Mineral Deed,1311,0301 - 0303,"HEINTZ, MORRISA M., TRUSTEE THE STEVE HEINTZ AND MORRISA M HEINTZ LIVING TRUS HEINTZ, STEVE, TRUSTEE",TIMBERWOLF MINERALS LLC,S09 T16N R11W N2 S2 NW,3 : View,TIMBERWOLF MINERALS LLC
https://okcountyrecords.com/detail/Blaine/2017-010221,1,Blaine,2017-11-01,2017-010221,Mineral Deed,1311,0304 - 0306,TIMBERWOLF MINERALS LLC,LONGPOINT MINERALS LLC,S25 T15N R11W E2 E2,3 : View,TIMBERWOLF MINERALS LLC
https://okcountyrecords.com/detail/Kingfisher/2017-012123,1,Kingfisher,2017-11-02,2017-012123,MINERAL DEED,3072,0151 - 0153,"KRITTENBRINK, MARK LEO KRITTENBRINK, DEBRA MARIE","TIMBERWOLF MINERALS, LLC",S23 T16N R08W E2 NE,3 : View,TIMBERWOLF MINERALS LLC
https://okcountyrecords.com/detail/Kingfisher/2017-012124,1,Kingfisher,2017-11-02,2017-012124,MINERAL DEED,3072,0154 - 0156,"KRITTENBRINK, MARK LEO KRITTENBRINK, DEBRA MARIE","TIMBERWOLF MINERALS, LLC","S4 T15N R07W S2 NE S4 T15N R07W L1,2 4 more…",3 : View,TIMBERWOLF MINERALS LLC
https://okcountyrecords.com/detail/Kingfisher/2017-012129,1,Kingfisher,2017-11-02,2017-012129,DEED CORR,3072,0169 - 0171,"BRANDES, JOHN S. FAMILY TRUST BRANDES, JOYCES ANN FAMILY TRUST","TIMBERWOLF MINERALS, LLC","S4 T15N R07W S2 NE S4 T15N R07W L1,2 4 more…",3 : View,TIMBERWOLF MINERALS LLC
https://okcountyrecords.com/detail/Blaine/2017-010280,1,Blaine,2017-11-03,2017-010280,Corrected Mineral Deed,1311,0493 - 0495,"HALEY, RANDAL D",TIMBERWOLF MINERALS LLC,S16 T16N R11W NE,3 : View,TIMBERWOLF MINERALS LLC
https://okcountyrecords.com/detail/Kingfisher/2017-012207,1,Kingfisher,2017-11-06,2017-012207,MINERAL DEED,3072,0444 - 0446,"BROWN, DAVID L REV. TRUST BROWN, KAREN K. REV. TRUST","TIMBERWOLF MINERALS, LLC",S28 T15N R09W NE S28 T15N R09W S2 3 more…,3 : View,TIMBERWOLF MINERALS LLC
https://okcountyrecords.com/detail/Blaine/2017-010320,1,Blaine,2017-11-06,2017-010320,Mineral Deed,1311,0629 - 0631,"ROUSH, PAMELA S. REV LIV. TRST",TIMBERWOLF MINERALS LLC,S10 T16N R12W E2 NW,3 : View,TIMBERWOLF MINERALS LLC
https://okcountyrecords.com/detail/Blaine/2017-010321,1,Blaine,2017-11-06,2017-010321,Mineral Deed,1311,0632 - 0634,"BERG, CONNIE JEAN","TIMBERWOLF MINERALS, LLC",S06 T13N R11W SE NW L3-5,3 : View,TIMBERWOLF MINERALS LLC
https://okcountyrecords.com/detail/Blaine/2017-010370,1,Blaine,2017-11-07,2017-010370,Mineral Deed,1312,0125 - 0127,"VAN DE SANDT, RONALD",TIMBERWOLF MINERALS LLC,S11 T16N R13W SW,3 : View,TIMBERWOLF MINERALS LLC
https://okcountyrecords.com/detail/Blaine/2017-010371,1,Blaine,2017-11-07,2017-010371,Mineral Deed,1312,0128 - 0130,"JONES-HUTCHINS, KAY",TIMBERWOLF MINERALS LLC,S35 T15N R11W N2 SE,3 : View,TIMBERWOLF MINERALS LLC
https://okcountyrecords.com/detail/Blaine/2017-010372,1,Blaine,2017-11-07,2017-010372,Mineral Deed,1312,0131 - 0133,"WARKENTIN, JACK A., TRUSTEE WARKENTIN LIVING TRUST",TIMBERWOLF MINERALS LLC,S24 T14N R11W NW,3 : View,TIMBERWOLF MINERALS LLC
