url,Rank,County,Recorded,Instrument,Type,Book,Page(s),Grantor,Grantee,Legal Description,Images,company
https://okcountyrecords.com/detail/Kingfisher/2016-010082,3.0,Kingfisher,2016-09-06,2016-010082,MINERAL DEED,2918,0213 - 0215,"TIMBERWOLF MINERALS, LLC","LONGPOINT MINERALS, LLC",S24 T17N R07W SW NW L6-7 Partial S13 T17N R07W L4,3 : View,TIMBERWOLF MINERALS LLC
https://okcountyrecords.com/detail/Blaine/2016-017706,3.0,Blaine,2016-09-07,2016-017706,Mineral Deed,1235,0119 - 0121,TIMBERWOLF MINERALS LLC,LONGPOINT MINERALS LLC,S35 T15N R10W S2 SE,3 : View,TIMBERWOLF MINERALS LLC
https://okcountyrecords.com/detail/Blaine/2016-017846,4.0,Blaine,2016-09-09,2016-017846,Stipulation And Cross-conveyance,1235,0511 - 0515,"TIMBERWOLF MINERALS LLC LONGPOINT MINERALS LLC PILSBURY JR., RICHARD C","TIMBERWOLF MINERALS LLC LONGPOINT MINERALS LLC PILSBURY JR., RICHARD C.",S03 T16N R13W SE,5 : View,TIMBERWOLF MINERALS LLC
https://okcountyrecords.com/detail/Blaine/2016-017847,1.0,Blaine,2016-09-09,2016-017847,Mineral Deed,1235,0516 - 0518,"BYARS, RICHARD, BY ATTORY-IN-FACT BYARS, PHILLIP C., BY ATTORY-IN-FACT BYARS, DAVID B. BYARS, DAVID B., ATTOR-IN-FACT FOR",TIMBERWOLF MINERALS LLC,S30 T16N R13W SE,3 : View,TIMBERWOLF MINERALS LLC
https://okcountyrecords.com/detail/Kingfisher/2016-010261,1.0,Kingfisher,2016-09-09,2016-010261,MINERAL DEED,2919,0277 - 0279,BRODY WARD INC.,TIMBERWOLF MINERALS LLC,S12 T17N R09W SE,3 : View,TIMBERWOLF MINERALS LLC
https://okcountyrecords.com/detail/Kingfisher/2016-010262,1.0,Kingfisher,2016-09-09,2016-010262,MINERAL DEED,2919,0280 - 0282,"CRAVEN, MARY SILVER",TIMBERWOLF MINERALS LLC,S36 T17N R08W NE,3 : View,TIMBERWOLF MINERALS LLC
https://okcountyrecords.com/detail/Blaine/2016-018110,2.1,Blaine,2016-09-16,2016-018110,Mineral Deed,1236,0648 - 0650,"WISE-MARTIN, JOANNE TRUSTEE WISE-MARTIN, JOANNE TRUSTEE HUGH A. MARTIN & JOANNE WISE-MARTIN REV. TRUST HUGH A. MARTIN & JOANNE WISE-MARTIN REV. TRUST 1 more…","TIMBERWOLF MINERALS, LLC TIMBERWOLF MINERALS, LLC",S08 T16N R13W W2 NE,3 : View,TIMBERWOLF MINERALS LLC
https://okcountyrecords.com/detail/Blaine/2016-018110,2.1,Blaine,2016-09-16,2016-018110,Mineral Deed,1236,0648 - 0650,"WISE-MARTIN, JOANNE TRUSTEE WISE-MARTIN, JOANNE TRUSTEE HUGH A. MARTIN & JOANNE WISE-MARTIN REV. TRUST HUGH A. MARTIN & JOANNE WISE-MARTIN REV. TRUST 1 more…","TIMBERWOLF MINERALS, LLC TIMBERWOLF MINERALS, LLC",S08 T16N R13W W2 NE,3 : View,TIMBERWOLF MINERALS LLC
https://okcountyrecords.com/detail/Blaine/2016-018536,4.0,Blaine,2016-09-27,2016-018536,Mineral Deed,1238,0512 - 0514,"KENNETH M KENNEDY AND ALAMA JEAN KENNEDY REVOCABLE LIVING TRUST KENNEDY, KENNETH M., TRUSTEE KENNEDY, ALMA JEAN, TRUSTEE",TIMBERWOLF MINERALS LLC TIMBERWOLF MINERALS LLC,TROUT ADDITION WATONGA B3 L9 TROUT ADDITION WATONGA B3 L9,3 : View,TIMBERWOLF MINERALS LLC
https://okcountyrecords.com/detail/Blaine/2016-018537,1.0,Blaine,2016-09-27,2016-018537,Mineral Deed,1238,0515 - 0517,"LAMONS, PHYLLIS RUTH",TIMBERWOLF MINERALS LLC,S35 T14N R11W NE,3 : View,TIMBERWOLF MINERALS LLC
https://okcountyrecords.com/detail/Blaine/2016-018538,1.0,Blaine,2016-09-27,2016-018538,Mineral Deed,1238,0518 - 0520,"JOHNSTON, EDWARD M JOHNSTON, EDWARD M",TIMBERWOLF MINERALS LLC,S18 T15N R10W,3 : View,TIMBERWOLF MINERALS LLC
https://okcountyrecords.com/detail/Blaine/2016-018538,1.0,Blaine,2016-09-27,2016-018538,Mineral Deed,1238,0518 - 0520,"JOHNSTON, EDWARD M JOHNSTON, EDWARD M",TIMBERWOLF MINERALS LLC,S18 T15N R10W,3 : View,TIMBERWOLF MINERALS LLC
https://okcountyrecords.com/detail/Kingfisher/2016-010937,1.0,Kingfisher,2016-09-27,2016-010937,MINERAL DEED,2924,0132 - 0134,"OGLE, TIM","TIMBERWOLF MINERALS, LLC",S01 T17N R09W A Partial,3 : View,TIMBERWOLF MINERALS LLC
https://okcountyrecords.com/detail/Blaine/2016-018598,1.0,Blaine,2016-09-28,2016-018598,Mineral Deed,1238,0690 - 0692,"BINGMAN, JAMES KENT","TIMBERWOLF MINERALS, LLC",S18 T15N R13W SW S19 T15N R13W NW,3 : View,TIMBERWOLF MINERALS LLC
https://okcountyrecords.com/detail/Custer/2016-005956,1.0,Custer,2016-09-28,2016-005956,Mineral Deed,1724,0500 - 0505,"HUTCHISON, CHAD ALVIN MCMANUS, JENNIFER LYNNE HUTCHISON, WARREN HENRY HUTCHISON, TROY DON",TIMBERWOLF MINERALS LLC,S25 T14N R14W SW,6 : View,TIMBERWOLF MINERALS LLC
