url,Rank,County,Recorded,Instrument,Type,Book,Page(s),Grantor,Grantee,Legal Description,Images,company
https://okcountyrecords.com/detail/Blaine/2018-004822,3,Blaine,2018-07-18,2018-004822,Mineral Deed,1348,0108 - 0110,TIMBERWOLF MINERALS LLC,CHERRY CREEK MINERALS LLC,S24 T15N R12W NE,3 : View,TIMBERWOLF MINERALS LLC
https://okcountyrecords.com/detail/Blaine/2018-004823,1,Blaine,2018-07-18,2018-004823,Mineral Deed,1348,0111 - 0113,TIMBERWOLF MINERALS LLC,CHERRY CREEK MINERALS LLC,S24 T15N R12W NE,3 : View,TIMBERWOLF MINERALS LLC
https://okcountyrecords.com/detail/Blaine/2018-004824,3,Blaine,2018-07-18,2018-004824,Mineral Deed,1348,0114 - 0116,TIMBERWOLF MINERALS LLC,CHERRY CREEK MINERALS LLC,S24 T15N R12W NE,3 : View,TIMBERWOLF MINERALS LLC
https://okcountyrecords.com/detail/Blaine/2018-004825,1,Blaine,2018-07-18,2018-004825,Mineral Deed,1348,0117 - 0119,TIMBERWOLF MINERALS LLC,CHERRY CREEK MINERALS LLC,S25 T15N R12W SE,3 : View,TIMBERWOLF MINERALS LLC
https://okcountyrecords.com/detail/Blaine/2018-004826,3,Blaine,2018-07-18,2018-004826,Mineral Deed,1348,0120 - 0122,TIMBERWOLF MINERALS LLC,CHERRY CREEK MINERALS LLC,S09 T16N R11W N2 N2 NW,3 : View,TIMBERWOLF MINERALS LLC
https://okcountyrecords.com/detail/Blaine/2018-004827,1,Blaine,2018-07-18,2018-004827,Mineral Deed,1348,0123 - 0125,TIMBERWOLF MINERALS LLC,CHERRY CREEK MINERALS LLC,S17 T15N R12W NE,3 : View,TIMBERWOLF MINERALS LLC
https://okcountyrecords.com/detail/Blaine/2018-004828,1,Blaine,2018-07-18,2018-004828,Mineral Deed,1348,0126 - 0128,TIMBERWOLF MINERALS LLC,CHERRY CREEK MINERALS LLC,S26 T14N R11W SW,3 : View,TIMBERWOLF MINERALS LLC
https://okcountyrecords.com/detail/Blaine/2018-004829,1,Blaine,2018-07-18,2018-004829,Mineral Deed,1348,0129 - 0131,TIMBERWOLF MINERALS LLC,CHERRY CREEK MINERALS LLC,S14 T14N R11W SW,3 : View,TIMBERWOLF MINERALS LLC
https://okcountyrecords.com/detail/Blaine/2018-004830,1,Blaine,2018-07-18,2018-004830,Mineral Deed,1348,0132 - 0134,TIMBERWOLF MINERALS LLC,CHERRY CREEK MINERALS LLC,S26 T14N R11W S2 NW,3 : View,TIMBERWOLF MINERALS LLC
https://okcountyrecords.com/detail/Kingfisher/2018-007260,1,Kingfisher,2018-07-23,2018-007260,MINERAL DEED,3148,0412 - 0414,"VAN TUYL, GEORGENIA A","TIMBERWOLF MINERALS, LLC",S28 T15N R06W SE,3 : View,TIMBERWOLF MINERALS LLC
https://okcountyrecords.com/detail/Blaine/2018-004968,2,Blaine,2018-07-24,2018-004968,Memorandum Of Oil & Gas Lease,1348,0714,TIMBERWOLF MINERALS LLC,TIMBERWOLF ENERGY LLC,S19 T17N R13W NE,1 : View,TIMBERWOLF MINERALS LLC
https://okcountyrecords.com/detail/Grady/2018-014912,2,Grady,2018-07-27,2018-014912,Mineral Deed,5460,0286 - 0288,TIMBERWOLF MINERALS LLC,SPRINGBOK ENERGY PARTNERS II LLC,S06 T5N R5W,3 : View,TIMBERWOLF MINERALS LLC
https://okcountyrecords.com/detail/Kingfisher/2018-007558,1,Kingfisher,2018-07-31,2018-007558,MINERAL DEED,3150,0503 - 0505,"BACK, CHARLES RAYMOND","TIMBERWOLF MINERALS, LLC",S4 T15N R06W SW S18 T15N R06W SE,3 : View,TIMBERWOLF MINERALS LLC
https://okcountyrecords.com/detail/Kingfisher/2018-007559,1,Kingfisher,2018-07-31,2018-007559,MINERAL DEED,3150,0506 - 0508,"HOFFMAN, CARROL JEAN","TIMBERWOLF MINERALS, LLC",S4 T15N R06W SW S18 T15N R06W SE,3 : View,TIMBERWOLF MINERALS LLC
https://okcountyrecords.com/detail/Blaine/2018-005173,1,Blaine,2018-08-01,2018-005173,Mineral Deed,1350,0065 - 0067,"WARKENTIN, JACK ARTHUR, TRUSTEE WARKENTIN LIVING TRUST",TIMBERWOLF MINERALS LLC,S24 T14N R11W NW,3 : View,TIMBERWOLF MINERALS LLC
