url,Rank,County,Recorded,Instrument,Type,Book,Page(s),Grantor,Grantee,Legal Description,Images,company
https://okcountyrecords.com/detail/Kingfisher/2018-008766,1.5,Kingfisher,2018-09-07,2018-008766,JOURNAL ENTR,3164,0298 - 0302,"CHRISTENSEN, KATHERINE ROBERTA KINGFISHER COUNTY DISTRICT COURT FIRST MIDWEST BANK MILLER, ALAN DALE","LONGPOINT MINERALS, LLC TIMBERWOLF MINERALS, LLC",S19 T17N R09W N2 NE S19 T17N R09W SW NE 1 more…,5 : View,TIMBERWOLF MINERALS LLC
https://okcountyrecords.com/detail/Kingfisher/2018-008996,2.0,Kingfisher,2018-09-14,2018-008996,MEMO-MISC,3166,0503,"TIMBERWOLF MINERALS, LLC","TIMBERWOLF ENERGY, LLC",S24 T16N R06W W2 SW,1 : View,TIMBERWOLF MINERALS LLC
https://okcountyrecords.com/detail/Roger Mills/2018-002389,2.0,Roger Mills,2018-09-14,2018-002389,Memorandum,2403,0281,"TIMBERWOLF MINERALS LLC WILLIAMS, DOYLE",TIMBERWOLF ENERGY LLC,S25 T16N R25W SE Exceptions,1 : View,TIMBERWOLF MINERALS LLC
https://okcountyrecords.com/detail/Kingfisher/2018-008997,3.0,Kingfisher,2018-09-14,2018-008997,MINERAL DEED,3166,0504 - 0506,"TIMBERWOLF MINERALS, LLC","CHERRY CREEK MINERALS, LLC",S17 T15N R09W NE,3 : View,TIMBERWOLF MINERALS LLC
https://okcountyrecords.com/detail/Kingfisher/2018-008998,3.0,Kingfisher,2018-09-14,2018-008998,MINERAL DEED,3166,0507 - 0509,"TIMBERWOLF MINERALS, LLC","CHERRY CREEK MINERALS, LLC",S28 T15N R09W NE S28 T15N R09W S2 3 more…,3 : View,TIMBERWOLF MINERALS LLC
https://okcountyrecords.com/detail/Kingfisher/2018-008999,3.0,Kingfisher,2018-09-14,2018-008999,MINERAL DEED,3166,0510 - 0512,"TIMBERWOLF MINERALS, LLC","CHERRY CREEK MINERALS, LLC",S28 T15N R09W NE S28 T15N R09W S2 3 more…,3 : View,TIMBERWOLF MINERALS LLC
https://okcountyrecords.com/detail/Kingfisher/2018-009000,3.0,Kingfisher,2018-09-14,2018-009000,MINERAL DEED,3166,0513 - 0515,"TIMBERWOLF MINERALS, LLC","CHERRY CREEK MINERALS, LLC","S6 T15N R08W L1,2 1 more…",3 : View,TIMBERWOLF MINERALS LLC
https://okcountyrecords.com/detail/Kingfisher/2018-009001,3.0,Kingfisher,2018-09-14,2018-009001,MINERAL DEED,3166,0516 - 0518,"TIMBERWOLF MINERALS, LLC","CHERRY CREEK MINERALS, LLC",S28 T15N R09W NE S28 T15N R09W S2 1 more…,3 : View,TIMBERWOLF MINERALS LLC
https://okcountyrecords.com/detail/Kingfisher/2018-009002,3.0,Kingfisher,2018-09-14,2018-009002,MINERAL DEED,3166,0519 - 0521,"TIMBERWOLF MINERALS, LLC","CHERRY CREEK MINERALS, LLC",S28 T15N R09W NE S28 T15N R09W S2 3 more…,3 : View,TIMBERWOLF MINERALS LLC
https://okcountyrecords.com/detail/Kingfisher/2018-009003,3.0,Kingfisher,2018-09-14,2018-009003,MINERAL DEED,3166,0522 - 0524,"TIMBERWOLF MINERALS, LLC","CHERRY CREEK MINERALS, LLC",S28 T15N R09W NE S28 T15N R09W S2 3 more…,3 : View,TIMBERWOLF MINERALS LLC
https://okcountyrecords.com/detail/Kingfisher/2018-009004,3.0,Kingfisher,2018-09-14,2018-009004,MINERAL DEED,3166,0525 - 0527,"TIMBERWOLF MINERALS, LLC","CHERRY CREEK MINERALS, LLC",S17 T15N R09W NE,3 : View,TIMBERWOLF MINERALS LLC
https://okcountyrecords.com/detail/Kingfisher/2018-009005,3.0,Kingfisher,2018-09-14,2018-009005,MINERAL DEED,3166,0528 - 0530,"TIMBERWOLF MINERALS, LLC","CHERRY CREEK MINERALS, LLC",S29 T15N R09W SE,3 : View,TIMBERWOLF MINERALS LLC
https://okcountyrecords.com/detail/Kingfisher/2018-009006,3.0,Kingfisher,2018-09-14,2018-009006,MINERAL DEED,3166,0531 - 0533,"TIMBERWOLF MINERALS, LLC","CHERRY CREEK MINERALS, LLC",S28 T15N R09W NE S28 T15N R09W S2 3 more…,3 : View,TIMBERWOLF MINERALS LLC
https://okcountyrecords.com/detail/Kingfisher/2018-009007,3.0,Kingfisher,2018-09-14,2018-009007,MINERAL DEED,3166,0534 - 0536,"TIMBERWOLF MINERALS, LLC","CHERRY CREEK MINERALS, LLC",S28 T15N R09W NE 4 more…,3 : View,TIMBERWOLF MINERALS LLC
https://okcountyrecords.com/detail/Blaine/2018-006303,1.0,Blaine,2018-09-14,2018-006303,Mineral Deed,1358,0413 - 0415,TIMBERWOLF MINERALS LLC,CHERRY CREEK MINERALS LLC,S26 T15N R10W SW,3 : View,TIMBERWOLF MINERALS LLC
