url,Rank,County,Recorded,Instrument,Type,Book,Page(s),Grantor,Grantee,Legal Description,Images,company
https://okcountyrecords.com/detail/Kingfisher/2019-000748,1,Kingfisher,2019-01-25,2019-000748,MINERAL DEED,3200,0239 - 0241,"GARRETT, IRENE WITTROCK GARRETT, GEORGE T.","TIMBERWOLF MINERALS, LLC",S36 T15N R07W N2 SW,3 : View,TIMBERWOLF MINERALS LLC
https://okcountyrecords.com/detail/Kingfisher/2019-000858,1,Kingfisher,2019-01-30,2019-000858,MINERAL DEED,3201,0194 - 0196,"CLARE WITTROCK BORELLI, LLC","TIMBERWOLF MINERALS, LLC",S36 T15N R07W N2 SW,3 : View,TIMBERWOLF MINERALS LLC
https://okcountyrecords.com/detail/Kingfisher/2019-000859,1,Kingfisher,2019-01-30,2019-000859,MINERAL DEED,3201,0197 - 0199,"SCHWEITZER, MARK SCHWEITZER, ANNETTE","TIMBERWOLF MINERALS, LLC",S35 T15N R09W E2 SE,3 : View,TIMBERWOLF MINERALS LLC
https://okcountyrecords.com/detail/Kingfisher/2019-000860,1,Kingfisher,2019-01-30,2019-000860,MINERAL DEED,3201,0200 - 0203,"DOUGHERTY, BRIAN JOHN","TIMBERWOLF MINERALS, LLC","S5 T15N R09W S2 NE Partial S5 T15N R09W L1,2",4 : View,TIMBERWOLF MINERALS LLC
https://okcountyrecords.com/detail/Kingfisher/2019-000861,1,Kingfisher,2019-01-30,2019-000861,MINERAL DEED,3201,0204 - 0207,"DOUGHERTY, ALAN EARL","TIMBERWOLF MINERALS, LLC",S5 T15N R09W S2 NE Partial 1 more…,4 : View,TIMBERWOLF MINERALS LLC
https://okcountyrecords.com/detail/Kingfisher/2019-000862,1,Kingfisher,2019-01-30,2019-000862,MINERAL DEED,3201,0208 - 0211,"DOUGHERTY, NORMAN RUSSEL","TIMBERWOLF MINERALS, LLC","S5 T15N R09W S2 NE Partial S5 T15N R09W L1,2",4 : View,TIMBERWOLF MINERALS LLC
https://okcountyrecords.com/detail/Blaine/2019-000519,1,Blaine,2019-01-31,2019-000519,Mineral Deed,1375,0092 - 0094,JAY LAND & CATTLE CO LLC,TIMBERWOLF MINERALS LLC,S12 T14N R13W S2,3 : View,TIMBERWOLF MINERALS LLC
https://okcountyrecords.com/detail/Kingfisher/2019-000907,1,Kingfisher,2019-01-31,2019-000907,MINERAL DEED,3201,0330 - 0333,"MATHISON, BRIDGET DOUGHERTY","TIMBERWOLF MINERALS, LLC","S5 T15N R09W S2 NE Partial S5 T15N R09W L1,2",4 : View,TIMBERWOLF MINERALS LLC
https://okcountyrecords.com/detail/Blaine/2019-000584,1,Blaine,2019-02-04,2019-000584,Corrected Mineral Deed,1375,0312 - 0314,"MOON, GARY","TIMBERWOLF MINERALS, LLC",S29 T15N R12W SW S32 T15N R12W NW,3 : View,TIMBERWOLF MINERALS LLC
https://okcountyrecords.com/detail/Kingfisher/2019-001015,1,Kingfisher,2019-02-05,2019-001015,MINERAL DEED,3202,0144 - 0146,"BOLLMAN, JIMMY DALE","TIMBERWOLF MINERALS, LLC",S35 T15N R08W NE,3 : View,TIMBERWOLF MINERALS LLC
https://okcountyrecords.com/detail/Kingfisher/2019-001040,3,Kingfisher,2019-02-06,2019-001040,MINERAL DEED,3202,0312 - 0314,"TIMBERWOLF MINERALS, LLC","CHERRY CREEK MINERALS, LLC",S35 T15N R09W E2 SE,3 : View,TIMBERWOLF MINERALS LLC
https://okcountyrecords.com/detail/Kingfisher/2019-001041,1,Kingfisher,2019-02-06,2019-001041,MINERAL DEED,3202,0315 - 0317,THE MELVIN G. DANNEHL FAMILY TRUST,"TIMBERWOLF MINERALS, LLC",S28 T15N R07W E2 NE S28 T15N R07W S2 NW,3 : View,TIMBERWOLF MINERALS LLC
https://okcountyrecords.com/detail/Kingfisher/2019-001048,1,Kingfisher,2019-02-07,2019-001048,MINERAL DEED,3202,0339 - 0342,"SAINTS ENERGY, LLC","TIMBERWOLF MINERALS, LLC",S1 T16N R07W SW,4 : View,TIMBERWOLF MINERALS LLC
https://okcountyrecords.com/detail/Blaine/2019-000709,1,Blaine,2019-02-12,2019-000709,Mineral Deed,1376,0149 - 0151,TIMBERWOLF MINERALS LLC,CHERRY CREEK MINERALS LLC,S29 T15N R12W SW S32 T15N R12W NW,3 : View,TIMBERWOLF MINERALS LLC
https://okcountyrecords.com/detail/Blaine/2019-000710,3,Blaine,2019-02-12,2019-000710,Mineral Deed,1376,0152 - 0154,TIMBERWOLF MINERALS LLC,CHERRY CREEK MINERALS LLC,S21 T15N R12W SW S21 T15N R12W NW,3 : View,TIMBERWOLF MINERALS LLC
