url,Rank,County,Recorded,Instrument,Type,Book,Page(s),Grantor,Grantee,Legal Description,Images,company
https://okcountyrecords.com/detail/Garvin/2021-007494,1,Garvin,2021-10-21,2021-007494,MINERAL DEED,2365,0533 - 0535,TIMBERWOLF MINERALS LLC,ECKARD LAND & ACQUISITION,S22 T2N R3W N2 NE SE S22 T2N R3W SE SE NE,3 : View,TIMBERWOLF MINERALS LLC
https://okcountyrecords.com/detail/Custer/2021-005150,2,Custer,2021-10-21,2021-005150,Mineral Deed,1947,0637 - 0639,TIMBERWOLF MINERALS LLC,"ECKARD LAND & ACQUISITION, LLC",S1 T15N R14W SE,3 : View,TIMBERWOLF MINERALS LLC
https://okcountyrecords.com/detail/Stephens/2021-010276,2,Stephens,2021-10-21,2021-010276,Mineral Deed,6058,0001 - 0003,TIMBERWOLF MINERALS LLC,ECKARD LAND & ACQUISITION LLC,S14 T1N R4W,3 : View,TIMBERWOLF MINERALS LLC
https://okcountyrecords.com/detail/Stephens/2021-010277,1,Stephens,2021-10-21,2021-010277,Mineral Deed,6058,0004 - 0006,TIMBERWOLF MINERALS LLC,ECKARD LAND & ACQUISITION LLC,S14 T1N R4W,3 : View,TIMBERWOLF MINERALS LLC
https://okcountyrecords.com/detail/Stephens/2021-010278,1,Stephens,2021-10-21,2021-010278,Mineral Deed,6058,0007 - 0009,TIMBERWOLF MINERALS LLC,ECKARD LAND & ACQUISITION LLC,S14 T1N R4W,3 : View,TIMBERWOLF MINERALS LLC
https://okcountyrecords.com/detail/Carter/2021-011766,1,Carter,2021-10-21,2021-011766,Mineral Deed,7126,0268 - 0270,TIMBERWOLF MINERALS LLC,ECKARD LAND AND ACQUISITION LLC,S16 T2S R3W SW NE,3 : View,TIMBERWOLF MINERALS LLC
https://okcountyrecords.com/detail/Garvin/2021-007499,1,Garvin,2021-10-21,2021-007499,MINERAL DEED,2365,0549 - 0551,"LUNSFORD,JOANN",TIMBERWOLF MINERALS LLC,S10 T2N R3W E2 NW NE S10 T2N R3W W2 NE NE 5 more…,3 : View,TIMBERWOLF MINERALS LLC
https://okcountyrecords.com/detail/Kingfisher/2021-005256,1,Kingfisher,2021-10-21,2021-005256,MINERAL DEED,3399,0293 - 0295,"PATTERSON, ROBERTA","TIMBERWOLF MINERALS, LLC",S8 T16N R06W SW,3 : View,TIMBERWOLF MINERALS LLC
https://okcountyrecords.com/detail/Kingfisher/2021-005262,1,Kingfisher,2021-10-22,2021-005262,MINERAL DEED,3399,0306 - 0308,"SPEICE, JOHN MILTON HEIRS OF THE ESTATE OF SPEICE, JOHN MILTON III SPEICE, SHIRLEY SUE","TIMBERWOLF MINERALS, LLC",S12 T15N R07W NE S12 T15N R07W NE SE 6 more…,3 : View,TIMBERWOLF MINERALS LLC
https://okcountyrecords.com/detail/Kingfisher/2021-005263,1,Kingfisher,2021-10-22,2021-005263,MINERAL DEED,3399,0309 - 0311,"PRIEBE, LESLIE ALEXANDER JR.","TIMBERWOLF MINERALS, LLC",S33 T16N R06W N2 SE S33 T16N R06W S2 SE,3 : View,TIMBERWOLF MINERALS LLC
https://okcountyrecords.com/detail/Grady/2021-014574,1,Grady,2021-10-22,2021-014574,Mineral Deed,5942,0293 - 0295,"FERGUSON, RITA",TIMBERWOLF MINERALS LLC,S35 T10N R5W,3 : View,TIMBERWOLF MINERALS LLC
https://okcountyrecords.com/detail/Grady/2021-014575,1,Grady,2021-10-22,2021-014575,Mineral Deed,5942,0296 - 0298,"COLLINS, ASHLEY MARIE HENDERSON, ASHELY MARIE CARNES",TIMBERWOLF MINERALS LLC,S15 T8N R5W,3 : View,TIMBERWOLF MINERALS LLC
https://okcountyrecords.com/detail/McClain/2021-013882,1,McClain,2021-10-22,2021-013882,Mineral Deed,2738,0844 - 0846,MONTAGE MINERALS LLC,TIMBERWOLF MINERALS LLC,15 6N4W,3 : View,TIMBERWOLF MINERALS LLC
https://okcountyrecords.com/detail/McClain/2021-013883,1,McClain,2021-10-22,2021-013883,Mineral Deed,2738,0847 - 0849,MONTAGE MINERALS LLC,TIMBERWOLF MINERALS LLC,15 6N4W,3 : View,TIMBERWOLF MINERALS LLC
https://okcountyrecords.com/detail/Grady/2021-014672,1,Grady,2021-10-25,2021-014672,Mineral Deed,5943,0250 - 0252,"FINE, KAMATHA",TIMBERWOLF MINERALS LLC,S35 T5N R6W,3 : View,TIMBERWOLF MINERALS LLC
