url,Rank,County,Recorded,Instrument,Type,Book,Page(s),Grantor,Grantee,Legal Description,Images,company
https://okcountyrecords.com/detail/Grady/2017-014754,1.0,Grady,2017-06-28,2017-014754,Mineral Deed,5244,0114 - 0116,"AHMED, TIFFANY K HAYTER, THOMAS V ESTATE OF",TIMBERWOLF MINERALS LLC,S20 T10N R8W S29 T10N R8W 2 more…,3 : View,TIMBERWOLF MINERALS LLC
https://okcountyrecords.com/detail/Grady/2017-014772,1.0,Grady,2017-06-28,2017-014772,Mineral Deed,5244,0184 - 0186,"HUFFINE, JIMMY F",TIMBERWOLF MINERALS LLC,S12 T8N R6W,3 : View,TIMBERWOLF MINERALS LLC
https://okcountyrecords.com/detail/Blaine/2017-006380,1.0,Blaine,2017-06-30,2017-006380,Mineral Deed,1288,0538 - 0540,"CAMPBELL, TODD ALAN CAMPBELL, KELLY",TIMBERWOLF MINERALS LLC,S9 T15N R13W E2 NW S9 T15N R13W SW NE,3 : View,TIMBERWOLF MINERALS LLC
https://okcountyrecords.com/detail/Blaine/2017-006498,1.0,Blaine,2017-07-05,2017-006498,Mineral Deed,1289,0250 - 0252,"CLIFTON, MARLA JO",TIMBERWOLF MINERALS LLC,S25 T15N R11W E2 E2,3 : View,TIMBERWOLF MINERALS LLC
https://okcountyrecords.com/detail/Blaine/2017-006519,1.0,Blaine,2017-07-06,2017-006519,Mineral Deed,1289,0306 - 0308,"TIMBERWOLF MINERALS, LLC","SHADOW CREEK MINERALS II, LLC",S03 T16N R13W SW S21 T16N R13W SW,3 : View,TIMBERWOLF MINERALS LLC
https://okcountyrecords.com/detail/Custer/2017-004995,1.0,Custer,2017-07-07,2017-004995,Mineral Deed,1763,0702 - 0704,"COUGHLON, JOHN",TIMBERWOLF MINERALS LLC,S28 T14N R14W NW,3 : View,TIMBERWOLF MINERALS LLC
https://okcountyrecords.com/detail/Blaine/2017-006583,2.5,Blaine,2017-07-07,2017-006583,Mineral Deed,1289,0571 - 0573,TIMBERWOLF MINERALS LLC,SHADOW CREEK MINERALS II LLC,S09 T15N R13W E2 NW S09 T15N R13W SW NE,3 : View,TIMBERWOLF MINERALS LLC
https://okcountyrecords.com/detail/Blaine/2017-006584,2.5,Blaine,2017-07-07,2017-006584,Mineral Deed,1289,0574 - 0576,TIMBERWOLF MINERALS LLC,SHADOW CREEK MINERALS II LLC,S03 T16N R13W SE S21 T16N R13W SE 2 more…,3 : View,TIMBERWOLF MINERALS LLC
https://okcountyrecords.com/detail/Grady/2017-015451,3.0,Grady,2017-07-07,2017-015451,Mineral Deed,5248,0562 - 0564,ARBUCKLE MINERAL LLC,TIMBERWOLF MINERALS LLC,S23 T9N R8W S15 T9N R8W,3 : View,TIMBERWOLF MINERALS LLC
https://okcountyrecords.com/detail/Grady/2017-015450,1.0,Grady,2017-07-07,2017-015450,Mineral Deed,5248,0559 - 0561,ARBUCKLE MINERAL LLC,TIMBERWOLF MINERALS LLC,S20 T9N R6W,3 : View,TIMBERWOLF MINERALS LLC
https://okcountyrecords.com/detail/Kingfisher/2017-007894,1.0,Kingfisher,2017-07-10,2017-007894,MINERAL DEED,3038,0406 - 0408,"SCHWARZ, STEPHEN P. REV. TRUST","TIMBERWOLF MINERALS, LLC",S36 T15N R08W SE,3 : View,TIMBERWOLF MINERALS LLC
https://okcountyrecords.com/detail/Kingfisher/2017-007955,1.0,Kingfisher,2017-07-12,2017-007955,DEED CORR,3039,0007 - 0009,"LARGE, CHARLES","TIMBERWOLF MINERALS, LLC","S06 T15N R08W SE NE S06 T15N R08W SW NE L1,2 2 more…",3 : View,TIMBERWOLF MINERALS LLC
https://okcountyrecords.com/detail/Kingfisher/2017-007986,2.0,Kingfisher,2017-07-12,2017-007986,MINERAL DEED,3039,0207 - 0209,"TIMBERWOLF MINERALS, LLC","KC-BIRDDOG, LLC",S36 T15N R08W SE,3 : View,TIMBERWOLF MINERALS LLC
https://okcountyrecords.com/detail/Blaine/2017-006732,1.0,Blaine,2017-07-12,2017-006732,Mineral Deed,1290,0433 - 0435,"ORBIK, BRYAWNA LYNN","TIMBERWOLF MINERALS, LLC",S16 T17N R10W SW,3 : View,TIMBERWOLF MINERALS LLC
https://okcountyrecords.com/detail/Blaine/2017-006860,1.0,Blaine,2017-07-14,2017-006860,Mineral Deed,1291,0152 - 0154,TIMBERWOLF MINERALS LLC,LONGPOINT MINERALS LLC,S30 T17N R10W E2 NW L1-2,3 : View,TIMBERWOLF MINERALS LLC
