url,Rank,County,Recorded,Instrument,Type,Book,Page(s),Grantor,Grantee,Legal Description,Images,company
https://okcountyrecords.com/detail/Kingfisher/2017-012342,3,Kingfisher,2017-11-08,2017-012342,MINERAL DEED,3073,0593 - 0595,"TIMBERWOLF MINERALS, LLC","LONGPOINT MINERALS, LLC",S23 T16N R06W NE,3 : View,TIMBERWOLF MINERALS LLC
https://okcountyrecords.com/detail/Kingfisher/2017-012343,3,Kingfisher,2017-11-08,2017-012343,MINERAL DEED,3073,0596 - 0598,"TIMBERWOLF MINERALS, LLC","LONGPOINT MINERALS, LLC",S8 T16N R07W NE,3 : View,TIMBERWOLF MINERALS LLC
https://okcountyrecords.com/detail/Kingfisher/2017-012344,3,Kingfisher,2017-11-08,2017-012344,MINERAL DEED,3073,0599 - 0601,"TIMBERWOLF MINERALS, LLC","LONGPOINT MINERALS, LLC",S23 T16N R08W E2 NE,3 : View,TIMBERWOLF MINERALS LLC
https://okcountyrecords.com/detail/Kingfisher/2017-012345,3,Kingfisher,2017-11-08,2017-012345,MINERAL DEED,3074,0001 - 0003,"TIMBERWOLF MINERALS, LLC","LONGPOINT MINERALS, LLC","S4 T15N R07W S2 NE S4 T15N R07W L1,2 4 more…",3 : View,TIMBERWOLF MINERALS LLC
https://okcountyrecords.com/detail/Kingfisher/2017-012346,3,Kingfisher,2017-11-08,2017-012346,MINERAL DEED,3074,0004 - 0006,"TIMBERWOLF MINERALS, LLC","LONGPOINT MINERALS, LLC",S28 T15N R09W NE S28 T15N R09W S2 3 more…,3 : View,TIMBERWOLF MINERALS LLC
https://okcountyrecords.com/detail/Kingfisher/2017-012347,1,Kingfisher,2017-11-08,2017-012347,MINERAL DEED,3074,0007 - 0009,"TIMBERWOLF MINERALS, LLC","LONGPOINT MINERALS, LLC","S4 T15N R07W S2 NE S4 T15N R07W L1,2 4 more…",3 : View,TIMBERWOLF MINERALS LLC
https://okcountyrecords.com/detail/Kingfisher/2017-012348,1,Kingfisher,2017-11-08,2017-012348,MINERAL DEED,3074,0010 - 0012,"TIMBERWOLF MINERALS, LLC","LONGPOINT MINERALS, LLC",S23 T16N R08W E2 NE,3 : View,TIMBERWOLF MINERALS LLC
https://okcountyrecords.com/detail/Blaine/2017-010454,1,Blaine,2017-11-08,2017-010454,Mineral Deed,1312,0377 - 0379,TIMBERWOLF MINERALS LLC,LONGPOINT MINERALS LLC,S06 T14N R13W SE,3 : View,TIMBERWOLF MINERALS LLC
https://okcountyrecords.com/detail/Blaine/2017-010455,1,Blaine,2017-11-08,2017-010455,Mineral Deed,1312,0380 - 0382,TIMBERWOLF MINERALS LLC,LONGPOINT MINERALS LLC,S19 T16N R11W TOWN OF WATONGA B95 L1-3,3 : View,TIMBERWOLF MINERALS LLC
https://okcountyrecords.com/detail/Blaine/2017-010456,3,Blaine,2017-11-08,2017-010456,Mineral Deed,1312,0383 - 0385,TIMBERWOLF MINERALS LLC,LONGPOINT MINERALS LLC,S14 T14N R11W SW,3 : View,TIMBERWOLF MINERALS LLC
https://okcountyrecords.com/detail/Blaine/2017-010457,1,Blaine,2017-11-08,2017-010457,Corrected Mineral Deed,1312,0386 - 0388,PRICE OIL AND GAS LTD,TIMBERWOLF MINERALS LLC,S02 T15N R11W N2 SW L3-4 S02 T15N R11W S2 NW Partial 1 more…,3 : View,TIMBERWOLF MINERALS LLC
https://okcountyrecords.com/detail/Blaine/2017-010458,1,Blaine,2017-11-08,2017-010458,Mineral Deed,1312,0389 - 0391,TIMBERWOLF MINERALS LLC,LONGPOINT MINERALS LLC,S16 T16N R11W NE,3 : View,TIMBERWOLF MINERALS LLC
https://okcountyrecords.com/detail/Custer/2017-007760,2,Custer,2017-11-08,2017-007760,Corrected Mineral Deed,1777,0794 - 0796,TIMBERWOLF MINERALS LLC,MEP MID-CON III LLC,S22 T15N R14W W2 S27 T15N R14W W2 NW,3 : View,TIMBERWOLF MINERALS LLC
https://okcountyrecords.com/detail/Custer/2017-007772,1,Custer,2017-11-08,2017-007772,Corrected Mineral Deed,1778,0029 - 0031,TIMBERWOLF MINERALS LLC,MEP MID-CON III LLC,S1 T14N R15W NW S4 T14N R15W SW,3 : View,TIMBERWOLF MINERALS LLC
https://okcountyrecords.com/detail/Kingfisher/2017-012435,1,Kingfisher,2017-11-13,2017-012435,MINERAL DEED,3074,0344 - 0346,"KANDLETOP PROPERTIES, LLC","TIMBERWOLF MINERALS, LLC",S28 T15N R06W SE S20 T15N R07W SW SE Partial,3 : View,TIMBERWOLF MINERALS LLC
