url,Rank,County,Recorded,Instrument,Type,Book,Page(s),Grantor,Grantee,Legal Description,Images,company
https://okcountyrecords.com/detail/Kingfisher/2019-001723,3,Kingfisher,2019-02-25,2019-001723,MINERAL DEED,3207,0589 - 0591,"TIMBERWOLF MINERALS, LLC","CHERRY CREEK MINERALS, LLC",S12 T15N R07W NW,3 : View,TIMBERWOLF MINERALS LLC
https://okcountyrecords.com/detail/Kingfisher/2019-001724,3,Kingfisher,2019-02-25,2019-001724,MINERAL DEED,3207,0592 - 0594,"TIMBERWOLF MINERALS, LLC","CHERRY CREEK MINERALS, LLC",S12 T15N R07W NW,3 : View,TIMBERWOLF MINERALS LLC
https://okcountyrecords.com/detail/Kingfisher/2019-001725,3,Kingfisher,2019-02-25,2019-001725,MINERAL DEED,3207,0595 - 0597,"TIMBERWOLF MINERALS, LLC","CHERRY CREEK MINERALS, LLC",S12 T15N R07W NW,3 : View,TIMBERWOLF MINERALS LLC
https://okcountyrecords.com/detail/Kingfisher/2019-001726,3,Kingfisher,2019-02-25,2019-001726,MINERAL DEED,3207,0598 - 0600,"TIMBERWOLF MINERALS, LLC","CHERRY CREEK MINERALS, LLC",S32 T17N R09W NW,3 : View,TIMBERWOLF MINERALS LLC
https://okcountyrecords.com/detail/Kingfisher/2019-001823,1,Kingfisher,2019-02-28,2019-001823,MINERAL DEED,3208,0364 - 0366,THE JOHN F. WEDMAN JR. REVOCABLE TRUST,"TIMBERWOLF MINERALS, LLC",S22 T15N R06W SE S35 T15N R06W NW,3 : View,TIMBERWOLF MINERALS LLC
https://okcountyrecords.com/detail/Kingfisher/2019-001824,3,Kingfisher,2019-02-28,2019-001824,MINERAL DEED,3208,0367 - 0369,"TIMBERWOLF MINERALS, LLC","CHERRY CREEK MINERALS, LLC",S22 T15N R06W SE S35 T15N R06W NW,3 : View,TIMBERWOLF MINERALS LLC
https://okcountyrecords.com/detail/Blaine/2019-001081,1,Blaine,2019-03-05,2019-001081,Mineral Deed,1378,0533 - 0535,"HELM, MICHAEL RAY HELM, SARAH CHRISTINE",TIMBERWOLF MINERALS LLC,S35 T15N R10W NW S35 T15N R10W N2 SW,3 : View,TIMBERWOLF MINERALS LLC
https://okcountyrecords.com/detail/Blaine/2019-001082,3,Blaine,2019-03-05,2019-001082,Mineral Deed,1378,0536 - 0538,TIMBERWOLF MINERALS LLC,CHERRY MINERALS LLC,S20 T14N R11W N2 NW,3 : View,TIMBERWOLF MINERALS LLC
https://okcountyrecords.com/detail/Kingfisher/2019-001932,3,Kingfisher,2019-03-05,2019-001932,MINERAL DEED,3209,0231 - 0233,"TIMBERWOLF MINERALS, LLC","CHERRY CREEK MINERALS, LLC",S19 T15N R08W NE,3 : View,TIMBERWOLF MINERALS LLC
https://okcountyrecords.com/detail/McClain/2019-003162,3,McClain,2019-03-05,2019-003162,Mineral Deed,2535,0914 - 0916,TIMBERWOLF MINERALS LLC,CHERRY CREEK MINERALS LLC,34 5N4W,3 : View,TIMBERWOLF MINERALS LLC
https://okcountyrecords.com/detail/McClain/2019-003163,3,McClain,2019-03-05,2019-003163,Mineral Deed,2535,0917 - 0919,TIMBERWOLF MINERALS LLC,CHERRY CREEK MINERALS LLC,18 9N4W,3 : View,TIMBERWOLF MINERALS LLC
https://okcountyrecords.com/detail/Blaine/2019-001100,1,Blaine,2019-03-05,2019-001100,Mineral Deed,1378,0668 - 0671,"TROXEL, AUSTIN BURGE JR. -TRUSTEE THE TROXEL 2014 REVOCABLE TRUST TROXEL, BURGE A. A/K/A",TIMBERWOLF MINERALS LLC,S21 T14N R11W SW,4 : View,TIMBERWOLF MINERALS LLC
https://okcountyrecords.com/detail/Blaine/2019-001101,1,Blaine,2019-03-05,2019-001101,Mineral Deed,1378,0672 - 0674,"WILLIAM C AND CATHERINE B CAVERT IRREVOCABLE TRUS CAVERT, WILLIAM M - TRUSTEE CAVERT, LEXEY",TIMBERWOLF MINERALS LLC,S09 T15N R10W W2 NW,3 : View,TIMBERWOLF MINERALS LLC
https://okcountyrecords.com/detail/Custer/2019-001283,1,Custer,2019-03-11,2019-001283,Corrected Mineral Deed,1834,0744 - 0746,"SCHATZ, LEILANI ANN JENSEN, LEILANI ANN MOSBURG SHANNON, LEILANI ANN MOSBURG, LEILANI ANN 1 more…",TIMBERWOLF MINERALS LLC,S2 T13N R15W S2 NW L3 S2 T13N R15W L4,3 : View,TIMBERWOLF MINERALS LLC
https://okcountyrecords.com/detail/Custer/2019-001282,2,Custer,2019-03-11,2019-001282,Assignment,1834,0742 - 0743,TIMBERWOLF MINERALS LLC,TIMBERWOLF ENERGY LLC,,2 : View,TIMBERWOLF MINERALS LLC
