url,Rank,County,Recorded,Instrument,Type,Book,Page(s),Grantor,Grantee,Legal Description,Images,company
https://okcountyrecords.com/detail/Grady/2017-020698,1,Grady,2017-09-14,2017-020698,Mineral Deed,5287,0114 - 0116,"CORBYN, D RAINEY",TIMBERWOLF MINERALS LLC,S23 T9N R7W,3 : View,TIMBERWOLF MINERALS LLC
https://okcountyrecords.com/detail/Grady/2017-020697,2,Grady,2017-09-14,2017-020697,Mineral Deed,5287,0111 - 0113,UNIVESTORS LLC,TIMBERWOLF MINERALS LLC,S14 T9N R7W,3 : View,TIMBERWOLF MINERALS LLC
https://okcountyrecords.com/detail/Grady/2017-020696,1,Grady,2017-09-14,2017-020696,Mineral Deed,5287,0108 - 0110,"BRUMMELL, PHILLIP",TIMBERWOLF MINERALS LLC,S31 T6N R5W S32 T6N R5W,3 : View,TIMBERWOLF MINERALS LLC
https://okcountyrecords.com/detail/Grady/2017-020695,1,Grady,2017-09-14,2017-020695,Mineral Deed,5287,0105 - 0107,"BRADFORD, MIKE",TIMBERWOLF MINERALS LLC,S26 T9N R8W,3 : View,TIMBERWOLF MINERALS LLC
https://okcountyrecords.com/detail/Grady/2017-020694,1,Grady,2017-09-14,2017-020694,Mineral Deed,5287,0102 - 0104,"BRADFORD, MIKE",TIMBERWOLF MINERALS LLC,S11 T6N R6W,3 : View,TIMBERWOLF MINERALS LLC
https://okcountyrecords.com/detail/Blaine/2017-008837,1,Blaine,2017-09-19,2017-008837,Mineral Deed,1303,0141 - 0143,"DRAGOO, NORMAN JACK",TIMBERWOLF MINERALS LLC,S19 T16N R11W Partial Containing 0.4510 Acre(s) (more or less) 1 more…,3 : View,TIMBERWOLF MINERALS LLC
https://okcountyrecords.com/detail/Kingfisher/2017-010500,1,Kingfisher,2017-09-19,2017-010500,MINERAL DEED,3060,0526 - 0528,"BROWN, LUEODA","TIMBERWOLF MINERALS, LLC",S28 T15N R09W NE S28 T15N R09W S2 3 more…,3 : View,TIMBERWOLF MINERALS LLC
https://okcountyrecords.com/detail/Kingfisher/2017-010502,1,Kingfisher,2017-09-19,2017-010502,MINERAL DEED,3060,0533 - 0535,LRT FAMILY REV LIV TRUST,"TIMBERWOLF MINERALS, LLC",S28 T15N R09W NE S28 T15N R09W S2 3 more…,3 : View,TIMBERWOLF MINERALS LLC
https://okcountyrecords.com/detail/Kingfisher/2017-010503,1,Kingfisher,2017-09-19,2017-010503,MINERAL DEED,3060,0536 - 0538,"EVERY, MARK EDWARD","TIMBERWOLF MINERALS, LLC",S13 T16N R09W SE,3 : View,TIMBERWOLF MINERALS LLC
https://okcountyrecords.com/detail/Kingfisher/2017-010504,1,Kingfisher,2017-09-19,2017-010504,MINERAL DEED,3060,0539 - 0541,"SANDUSKY, VANESSA","TIMBERWOLF MINERALS, LLC",S23 T16N R06W NE,3 : View,TIMBERWOLF MINERALS LLC
https://okcountyrecords.com/detail/Kingfisher/2017-010505,3,Kingfisher,2017-09-19,2017-010505,DEED CORR,3060,0542 - 0544,"TIMBERWOLF MINERALS, LLC","LONGPOINT MINERALS, LLC",S31 T15N R08W SE S31 T15N R08W NE,3 : View,TIMBERWOLF MINERALS LLC
https://okcountyrecords.com/detail/Grady/2017-021134,1,Grady,2017-09-20,2017-021134,Correct Mineral Deed,5290,0213 - 0215,"CANARY, CHRISTINA",TIMBERWOLF MINERALS LLC,S18 T10N R8W,3 : View,TIMBERWOLF MINERALS LLC
https://okcountyrecords.com/detail/Blaine/2017-008911,1,Blaine,2017-09-21,2017-008911,Corrected Mineral Deed,1303,0413 - 0415,"HAYS, SHAROL LYNN",TIMBERWOLF MINERALS LLC,S03 T14N R12W SW,3 : View,TIMBERWOLF MINERALS LLC
https://okcountyrecords.com/detail/Blaine/2017-008913,1,Blaine,2017-09-21,2017-008913,Mineral Deed,1303,0418 - 0420,"WEBER, MARK EARL",TIMBERWOLF MINERALS LLC,S01 T18N R11W E2 SE,3 : View,TIMBERWOLF MINERALS LLC
https://okcountyrecords.com/detail/Blaine/2017-008914,1,Blaine,2017-09-21,2017-008914,Mineral Deed,1303,0421 - 0423,"ZWEIACHER, ROBERT O. ZWEIACHER, TAMARA G.",TIMBERWOLF MINERALS LLC,S14 T14N R11W SW,3 : View,TIMBERWOLF MINERALS LLC
