url,Rank,County,Recorded,Instrument,Type,Book,Page(s),Grantor,Grantee,Legal Description,Images,company
https://okcountyrecords.com/detail/Blaine/2016-020950,3,Blaine,2016-11-30,2016-020950,Mineral Deed,1249,0567 - 0569,TIMBERWOLF MINERALS LLC,LONGPOINT MINERALS LLC,S17 T15N R12W NW Partial,3 : View,TIMBERWOLF MINERALS LLC
https://okcountyrecords.com/detail/Custer/2016-007530,1,Custer,2016-11-30,2016-007530,Mineral Deed,1733,0758 - 0760,"FULLER, TRACI FULLER, TRACI K. FULLER, BENNY DON",TIMBERWOLF MINERALS LLC,S1 T15N R14W S2 NE L1 S1 T15N R14W S2 NE L2,3 : View,TIMBERWOLF MINERALS LLC
https://okcountyrecords.com/detail/Custer/2016-007531,1,Custer,2016-11-30,2016-007531,Mineral Deed,1733,0761 - 0765,"HUTCHISON, CHANCE LL HUTCHISON, LUIS LEONARD",TIMBERWOLF MINERALS LLC,S7 T14N R14W W2 W2 NE Partial,5 : View,TIMBERWOLF MINERALS LLC
https://okcountyrecords.com/detail/Custer/2016-007532,1,Custer,2016-11-30,2016-007532,Mineral Deed,1733,0766 - 0768,TIMBERWOLF MINERALS LLC,MEP MID-CON III LLC,S1 T15N R14W S2 NE L1 S1 T15N R14W S2 NE L2,3 : View,TIMBERWOLF MINERALS LLC
https://okcountyrecords.com/detail/Blaine/2016-021130,1,Blaine,2016-12-06,2016-021130,Mineral Deed,1250,0514 - 0516,"TUNE, BETTIE R",TIMBERWOLF MINERALS LLC,S26 T14N R11W N2 NW S26 T14N R11W N2 NW 3 more…,3 : View,TIMBERWOLF MINERALS LLC
https://okcountyrecords.com/detail/Blaine/2016-021288,1,Blaine,2016-12-12,2016-021288,Mineral Deed,1251,0360 - 0362,"HANKLA, JAMES W",TIMBERWOLF MINERALS LLC,S26 T14N R11W N2 NW S35 T14N R11W NW Partial,3 : View,TIMBERWOLF MINERALS LLC
https://okcountyrecords.com/detail/Custer/2016-007948,1,Custer,2016-12-15,2016-007948,Mineral Deed,1735,0704 - 0706,"POWERS, DONNA FAYE POWERS, FAYE",TIMBERWOLF MINERALS LLC,S35 T15N R14W NE,3 : View,TIMBERWOLF MINERALS LLC
https://okcountyrecords.com/detail/Blaine/2016-021394,3,Blaine,2016-12-15,2016-021394,Mineral Deed,1252,0045 - 0047,TIMBERWOLF MINERALS LLC,LOMGPOINT MINERALS LLC,S26 T14N R11W N2 NW S35 T14N R11W NW,3 : View,TIMBERWOLF MINERALS LLC
https://okcountyrecords.com/detail/Blaine/2016-021395,1,Blaine,2016-12-15,2016-021395,Mineral Deed,1252,0048 - 0050,TIMBERWOLF MINERALS LLC,LOMGPOINT MINERALS LLC,S16 T15N R12W S2 S17 T15N R12W NW,3 : View,TIMBERWOLF MINERALS LLC
https://okcountyrecords.com/detail/Custer/2016-007963,2,Custer,2016-12-15,2016-007963,Mineral Deed,1735,0745 - 0747,STUBBS & PYLE LLC,TIMBERWOLF MINERALS LLC,S25 T14N R14W SE,3 : View,TIMBERWOLF MINERALS LLC
https://okcountyrecords.com/detail/Blaine/2016-021473,1,Blaine,2016-12-16,2016-021473,Mineral Deed,1252,0186 - 0188,STUBBS & PYLE LLC,TIMBERWOLF MINERALS LLC,S32 T14N R13W N2 N2,3 : View,TIMBERWOLF MINERALS LLC
https://okcountyrecords.com/detail/Kingfisher/2016-014443,1,Kingfisher,2016-12-19,2016-014443,DEED,2958,0412 - 0414,"BROWN, RHONDA LEE; LIVING TRUST","TIMBERWOLF MINERALS, LLC",S25 T16N R07W SW,3 : View,TIMBERWOLF MINERALS LLC
https://okcountyrecords.com/detail/Kingfisher/2016-014444,1,Kingfisher,2016-12-19,2016-014444,DEED,2958,0415 - 0417,"POPE, CLAYTON GENE","TIMBERWOLF MINERALS, LLC",S11 T17N R09W NE,3 : View,TIMBERWOLF MINERALS LLC
https://okcountyrecords.com/detail/Kingfisher/2016-014445,1,Kingfisher,2016-12-19,2016-014445,DEED,2958,0418 - 0420,"POPE, STEVEN L.","TIMBERWOLF MINERALS, LLC",S11 T17N R09W NE,3 : View,TIMBERWOLF MINERALS LLC
https://okcountyrecords.com/detail/Kingfisher/2016-014446,1,Kingfisher,2016-12-19,2016-014446,DEED,2958,0421 - 0423,"GOLDSBOROUGH, TERRY W.; LIVING TRUST","TIMBERWOLF MINERALS, LLC",S18 T16N R08W SE SE,3 : View,TIMBERWOLF MINERALS LLC
