url,Rank,County,Recorded,Instrument,Type,Book,Page(s),Grantor,Grantee,Legal Description,Images,company
https://okcountyrecords.com/detail/Grady/2017-021316,1,Grady,2017-09-21,2017-021316,Mineral Deed,5291,0234 - 0236,"CURTIS, MICHAEL M",TIMBERWOLF MINERALS LLC,S08 T10N R8W S17 T10N R8W,3 : View,TIMBERWOLF MINERALS LLC
https://okcountyrecords.com/detail/Grady/2017-021315,1,Grady,2017-09-21,2017-021315,Mineral Deed,5291,0231 - 0233,AMERICANA REALTY COMPANY,TIMBERWOLF MINERALS LLC,S02 T7N R7W,3 : View,TIMBERWOLF MINERALS LLC
https://okcountyrecords.com/detail/Blaine/2017-008929,1,Blaine,2017-09-21,2017-008929,Mineral Deed,1303,0463 - 0465,"METHENY, GERALD K. METHENY, REBECCA L.",TIMBERWOLF MINERALS LLC,S24 T16N R12W HILLCREST HEIGHTS SECOND ADDN WATONGA B2 L4,3 : View,TIMBERWOLF MINERALS LLC
https://okcountyrecords.com/detail/Custer/2017-006658,1,Custer,2017-09-22,2017-006658,Mineral Deed,1772,0502 - 0504,"METHENY, REBECCA METHENY, GERALD",TIMBERWOLF MINERALS LLC,S18 T14N R14W SE S28 T14N R14W NE,3 : View,TIMBERWOLF MINERALS LLC
https://okcountyrecords.com/detail/Custer/2017-006659,1,Custer,2017-09-22,2017-006659,Mineral Deed,1772,0505 - 0507,"METHENY, GERALD K. METHENY, REBECCA L.",TIMBERWOLF MINERALS LLC,S27 T14N R14W S2 NE,3 : View,TIMBERWOLF MINERALS LLC
https://okcountyrecords.com/detail/Blaine/2017-008951,1,Blaine,2017-09-22,2017-008951,Corrected Mineral Deed,1303,0566 - 0568,"NUNEZ, TRACEY LEE",TIMBERWOLF MINERALS LLC,S03 T14N R12W SW,3 : View,TIMBERWOLF MINERALS LLC
https://okcountyrecords.com/detail/Blaine/2017-008952,1,Blaine,2017-09-22,2017-008952,Mineral Deed,1303,0569 - 0571,"ICE, VICKI, TRUSTEE VICKI ICE TRUST ICE, JIMMIE, TRUSTEE",TIMBERWOLF MINERALS LLC,S09 T16N R11W S2 N2 NW,3 : View,TIMBERWOLF MINERALS LLC
https://okcountyrecords.com/detail/Blaine/2017-008953,1,Blaine,2017-09-22,2017-008953,Mineral Deed,1303,0572 - 0574,"CHRISTENSEN, LINDA ANN",TIMBERWOLF MINERALS LLC,S09 T16N R11W S2 N2 NW,3 : View,TIMBERWOLF MINERALS LLC
https://okcountyrecords.com/detail/McClain/2017-014621,3,McClain,2017-09-25,2017-014621,Mineral Deed,2411,0766 - 0768,TIMBERWOLF MINERALS LLC,LONGPOINT MINERALS LLC,7 8N4W,3 : View,TIMBERWOLF MINERALS LLC
https://okcountyrecords.com/detail/McClain/2017-014622,3,McClain,2017-09-25,2017-014622,Mineral Deed,2411,0769 - 0771,TIMBERWOLF MINERALS LLC,LONGPOINT MINERALS LLC,7 8N4W,3 : View,TIMBERWOLF MINERALS LLC
https://okcountyrecords.com/detail/McClain/2017-014623,3,McClain,2017-09-25,2017-014623,Mineral Deed,2411,0772 - 0774,TIMBERWOLF MINERALS LLC,LONGPOINT MINERALS LLC,7 8N4W,3 : View,TIMBERWOLF MINERALS LLC
https://okcountyrecords.com/detail/McClain/2017-014624,1,McClain,2017-09-25,2017-014624,Mineral Deed,2411,0775 - 0777,TIMBERWOLF MINERALS LLC,LONGPOINT MINERALS LLC,19 6N4W,3 : View,TIMBERWOLF MINERALS LLC
https://okcountyrecords.com/detail/Kingfisher/2017-010686,2,Kingfisher,2017-09-25,2017-010686,MINERAL DEED,3062,0041 - 0043,"TIMBERWOLF MINERALS, LLC",LONG POINT ENERGY LLC,S13 T16N R09W SE,3 : View,TIMBERWOLF MINERALS LLC
https://okcountyrecords.com/detail/Grady/2017-021571,1,Grady,2017-09-25,2017-021571,Mineral Deed,5294,0380 - 0382,TIMBERWOLF MINERALS LLC,LONGPOINT MINERALS LLC,S18 T9N R8W,3 : View,TIMBERWOLF MINERALS LLC
https://okcountyrecords.com/detail/Grady/2017-021570,1,Grady,2017-09-25,2017-021570,Mineral Deed,5294,0377 - 0379,TIMBERWOLF MINERALS LLC,LONGPOINT MINERALS LLC,S09 T8N R5W,3 : View,TIMBERWOLF MINERALS LLC
