url,Rank,County,Recorded,Instrument,Type,Book,Page(s),Grantor,Grantee,Legal Description,Images,company
https://okcountyrecords.com/detail/Grady/2017-021569,3,Grady,2017-09-25,2017-021569,Mineral Deed,5294,0374 - 0376,TIMBERWOLF MINERALS LLC,LONGPOINT MINERALS LLC,S12 T8N R5W,3 : View,TIMBERWOLF MINERALS LLC
https://okcountyrecords.com/detail/Grady/2017-021568,1,Grady,2017-09-25,2017-021568,Mineral Deed,5294,0371 - 0373,TIMBERWOLF MINERALS LLC,LONGPOINT MINERALS LLC,S12 T8N R5W,3 : View,TIMBERWOLF MINERALS LLC
https://okcountyrecords.com/detail/Grady/2017-021567,1,Grady,2017-09-25,2017-021567,Mineral Deed,5294,0368 - 0370,TIMBERWOLF MINERALS LLC,LONGPOINT MINERALS LLC,S27 T6N R6W S28 T6N R6W,3 : View,TIMBERWOLF MINERALS LLC
https://okcountyrecords.com/detail/Grady/2017-021566,1,Grady,2017-09-25,2017-021566,Mineral Deed,5294,0365 - 0367,TIMBERWOLF MINERALS LLC,LONGPOINT MINERALS LLC,S28 T9N R5W,3 : View,TIMBERWOLF MINERALS LLC
https://okcountyrecords.com/detail/Grady/2017-021565,3,Grady,2017-09-25,2017-021565,Mineral Deed,5294,0362 - 0364,TIMBERWOLF MINERALS LLC,LONGPOINT MINERALS LLC,S15 T8N R7W,3 : View,TIMBERWOLF MINERALS LLC
https://okcountyrecords.com/detail/Grady/2017-021564,3,Grady,2017-09-25,2017-021564,Mineral Deed,5294,0359 - 0361,TIMBERWOLF MINERALS LLC,LONGPOINT MINERALS LLC,S18 T10N R8W,3 : View,TIMBERWOLF MINERALS LLC
https://okcountyrecords.com/detail/Grady/2017-021563,1,Grady,2017-09-25,2017-021563,Mineral Deed,5294,0356 - 0358,TIMBERWOLF MINERALS LLC,LONGPOINT MINERALS LLC,S07 T8N R5W,3 : View,TIMBERWOLF MINERALS LLC
https://okcountyrecords.com/detail/Grady/2017-021562,1,Grady,2017-09-25,2017-021562,Mineral Deed,5294,0353 - 0355,TIMBERWOLF MINERALS LLC,LONGPOINT MINERALS LLC,S17 T9N R8W,3 : View,TIMBERWOLF MINERALS LLC
https://okcountyrecords.com/detail/Grady/2017-021561,3,Grady,2017-09-25,2017-021561,Mineral Deed,5294,0350 - 0352,TIMBERWOLF MINERALS LLC,LONGPOINT MINERALS LLC,S35 T10N R7W,3 : View,TIMBERWOLF MINERALS LLC
https://okcountyrecords.com/detail/Grady/2017-021560,1,Grady,2017-09-25,2017-021560,Mineral Deed,5294,0347 - 0349,TIMBERWOLF MINERALS LLC,LONGPOINT MINERALS LLC,S27 T10N R8W,3 : View,TIMBERWOLF MINERALS LLC
https://okcountyrecords.com/detail/Grady/2017-021559,3,Grady,2017-09-25,2017-021559,Mineral Deed,5294,0344 - 0346,TIMBERWOLF MINERALS LLC,LONGPOINT MINERALS LLC,S17 T9N R8W,3 : View,TIMBERWOLF MINERALS LLC
https://okcountyrecords.com/detail/Grady/2017-021558,3,Grady,2017-09-25,2017-021558,Mineral Deed,5294,0341 - 0343,TIMBERWOLF MINERALS LLC,LONGPOINT MINERALS LLC,S17 T9N R8W,3 : View,TIMBERWOLF MINERALS LLC
https://okcountyrecords.com/detail/Grady/2017-021557,3,Grady,2017-09-25,2017-021557,Mineral Deed,5294,0338 - 0340,TIMBERWOLF MINERALS LLC,LONGPOINT MINERALS LLC,S12 T8N R5W,3 : View,TIMBERWOLF MINERALS LLC
https://okcountyrecords.com/detail/Grady/2017-021556,3,Grady,2017-09-25,2017-021556,Mineral Deed,5294,0335 - 0337,TIMBERWOLF MINERALS LLC,LONGPOINT MINERALS LLC,S27 T10N R8W,3 : View,TIMBERWOLF MINERALS LLC
https://okcountyrecords.com/detail/Grady/2017-021555,1,Grady,2017-09-25,2017-021555,Mineral Deed,5294,0332 - 0334,TIMBERWOLF MINERALS LLC,LONGPOINT MINERALS LLC,S12 T10N R8W S13 T10N R8W 1 more…,3 : View,TIMBERWOLF MINERALS LLC
